eval/episode_reward_dist,eval/episode_success_hard,render,eval/episode_reward_survive,eval/episode_dist,training/critic_loss,training/sps,eval/episode_reward_ctrl,eval/episode_reward,training/log_alpha,eval/episode_success,training/actor_loss,_runtime,eval/episode_success_any,eval/episode_reward_near,training/alpha_loss,_timestamp,training/entropy,eval/episode_success_easy,step,_step
,,"{'path': 'media/html/render_0_0d5c4a6c9736d7be1887.html', 'size': 4764361.0, '_type': 'html-file', 'sha256': '0d5c4a6c9736d7be1887a363b3ebf924c75c48327a0999f0e86d474e33320d0b'}",,,,,,,,,,59.762634308,,,,1774352713.9624033,,,,0.0
,,"{'sha256': 'ec3a4623a4da0c59f8cac586e2bcd65606b6c38e494f8836caef8c29828dcb2e', 'path': 'media/html/render_1_ec3a4623a4da0c59f8ca.html', 'size': 4781573.0, '_type': 'html-file'}",,,,,,,,,,125.885358993,,,,1774352780.085046,,,,1.0
0.0,0.0,,0.0,50.88372039794922,0.30926138162612915,11129.692789133785,0.0,0.0,0.0,0.0,1.0815948247909546,137.56459846,0.0,0.0,0.0,1774352780.2782316,0.0,4.34375,793600.0,793600.0
0.0,0.0,,0.0,54.301910400390625,0.0007653788197785616,33710.62399145233,0.0,0.0,0.0,0.0,-0.03654591366648674,149.033987417,0.0,0.0,0.0,1774352791.7640195,0.0,4.650390625,1047552.0,1047552.0
0.0,0.0,,0.0,56.35728454589844,1.599828465259634e-05,33737.99928073874,0.0,0.0,0.0,0.0,-0.008844371885061264,160.509901312,0.0,0.0,0.0,1774352803.2333615,0.0,4.0390625,1301504.0,1301504.0
0.0,0.0,,0.0,54.959388732910156,3.138602323815576e-06,33721.20985490202,0.0,0.0,0.0,0.0,-0.0013174570631235838,171.97362157,0.0,0.0,0.0,1774352814.7092726,0.0,3.84765625,1555456.0,1555456.0
0.0,0.0,"{'_type': 'html-file', 'sha256': '0e07112fadb0068cd6c4b86bd626277e35f1da4f84b31fb12059abe3872fc2e0', 'path': 'media/html/render_1809408_0e07112fadb0068cd6c4.html', 'size': 4786725.0}",0.0,53.65011978149414,3.0709352358826436e-06,33748.98516089713,0.0,0.0,0.0,0.0,2.3277129002963193e-05,209.000815746,0.0,0.0,0.0,1774352863.2005146,0.0,4.685546875,1809408.0,1809408.0
0.0,0.0,,0.0,55.31764221191406,1.225911205438024e-06,33756.40256258543,0.0,0.0,0.0,0.0,-1.218297165905824e-05,220.707674332,0.0,0.0,0.0,1774352863.4190192,0.0,3.953125,2063360.0,2063360.0
0.0,0.0,,0.0,53.93327331542969,1.2267365718798828e-06,33657.115678241265,0.0,0.0,0.0,0.0,-8.347833500010893e-06,232.178435739,0.0,0.0,0.0,1774352874.9070463,0.0,4.6484375,2317312.0,2317312.0
0.0,0.0,,0.0,53.97671127319336,1.2264924862392945e-06,33739.03695177409,0.0,0.0,0.0,0.0,-5.315525868354598e-06,243.642818483,0.0,0.0,0.0,1774352886.3776608,0.0,4.31640625,2571264.0,2571264.0
0.0,0.0,,0.0,53.87590408325195,1.226272615895141e-06,33746.97815643071,0.0,0.0,0.0,0.0,-1.725799302221276e-05,255.128477741,0.0,0.0,0.0,1774352897.842289,0.0,4.6875,2825216.0,2825216.0
0.0,0.0,"{'path': 'media/html/render_3079168_a9db355643b48ef959f6.html', 'size': 4778565.0, '_type': 'html-file', 'sha256': 'a9db355643b48ef959f65189b5ed296f366bdadc6d801dac65c90212e556a3dd'}",0.0,52.821617126464844,6.137277637208172e-07,33679.409941452344,0.0,0.0,0.0,0.0,-1.048759622790385e-05,292.298845775,0.0,0.0,0.0,1774352946.4986262,0.0,5.013671875,3079168.0,3079168.0
0.0,0.0,,0.0,52.95534896850586,6.134156933512713e-07,33647.25237204574,0.0,0.0,0.0,0.0,-7.555964657512959e-06,303.969588167,0.0,0.0,0.0,1774352946.6952963,0.0,4.6484375,3333120.0,3333120.0
0.0,0.0,,0.0,54.47785568237305,1.204396138376751e-09,33706.31428311038,0.0,0.0,0.0,0.0,1.954551862581866e-06,315.436479989,0.0,0.0,0.0,1774352958.169067,0.0,4.48828125,3587072.0,3587072.0
0.0,0.0,,0.0,54.16900634765625,1.9477275348123158e-09,33737.59961808782,0.0,0.0,0.0,0.0,3.083237970713526e-05,326.898745462,0.0,0.0,0.0,1774352969.6358993,0.0,4.345703125,3841024.0,3841024.0
0.0,0.0,,0.0,53.779273986816406,1.8372905969954445e-06,33753.42986265834,0.0,0.0,0.0,0.0,1.5839419575058855e-05,338.370575238,0.0,0.0,0.0,1774352981.0981488,0.0,4.455078125,4094976.0,4094976.0
0.0,0.0,"{'size': 4780069.0, '_type': 'html-file', 'sha256': 'ae2ccbd7117ba4699c6c760276cc49cd7a4c571df2783eb54b0994907dc69e45', 'path': 'media/html/render_4348928_ae2ccbd7117ba4699c6c.html'}",0.0,53.520172119140625,8.232288739584703e-10,33713.649979787355,0.0,0.0,0.0,0.0,-5.276209776639007e-06,375.856239057,0.0,0.0,0.0,1774353030.0560672,0.0,4.486328125,4348928.0,4348928.0
0.0,0.0,,0.0,54.41984558105469,1.2250600320840022e-06,33749.25677174159,0.0,0.0,0.0,0.0,-9.993080311687663e-06,387.551666373,0.0,0.0,0.0,1774353030.2663002,0.0,4.1875,4602880.0,4602880.0
0.0,0.0,,0.0,54.596412658691406,6.130284191385726e-07,33684.355095815794,0.0,0.0,0.0,0.0,-1.3497739018930588e-05,399.018289679,0.0,0.0,0.0,1774353041.7510698,0.0,4.1015625,4856832.0,4856832.0
0.0,0.0,,0.0,55.756080627441406,3.4601130294298343e-10,33748.53498089725,0.0,0.0,0.0,0.0,3.360385562700685e-06,410.696270102,0.0,0.0,0.0,1774353053.2176178,0.0,3.73046875,5110784.0,5110784.0
0.0,0.0,,0.0,55.06528091430664,6.126315383880865e-07,32815.60231805935,0.0,0.0,0.0,0.0,-1.4107721426626085e-06,422.364337688,0.0,0.0,0.0,1774353064.8957083,0.0,4.169921875,5364736.0,5364736.0
0.0,0.0,"{'path': 'media/html/render_5618688_ae2ccbd7117ba4699c6c.html', 'size': 4780069.0, '_type': 'html-file', 'sha256': 'ae2ccbd7117ba4699c6c760276cc49cd7a4c571df2783eb54b0994907dc69e45'}",0.0,53.760108947753906,4.578549483991168e-10,32887.00218403394,0.0,0.0,0.0,0.0,-4.829296358366264e-06,460.187713705,0.0,0.0,0.0,1774353114.387507,0.0,4.65234375,5618688.0,5618688.0
0.0,0.0,,0.0,55.43486785888672,5.86944312597204e-11,32845.428494566695,0.0,0.0,0.0,0.0,1.671797122071439e-06,472.09717993,0.0,0.0,0.0,1774353114.5859308,0.0,3.958984375,5872640.0,5872640.0
0.0,0.0,,0.0,55.02246856689453,3.2961647300489005e-11,32723.779514345133,0.0,0.0,0.0,0.0,3.3697954222589033e-06,483.795801,0.0,0.0,0.0,1774353126.2965732,0.0,4.12109375,6126592.0,6126592.0
0.0,0.0,,0.0,54.501869201660156,3.2273107797298195e-11,32735.040242469055,0.0,0.0,0.0,0.0,2.550943008827744e-06,495.476117936,0.0,0.0,0.0,1774353137.9952323,0.0,4.611328125,6380544.0,6380544.0
0.0,0.0,,0.0,52.89822006225586,3.227220574109069e-11,32832.16774925448,0.0,0.0,0.0,0.0,2.3031398086459376e-06,507.168286465,0.0,0.0,0.0,1774353149.675075,0.0,5.078125,6634496.0,6634496.0
0.0,0.0,"{'sha256': 'ae2ccbd7117ba4699c6c760276cc49cd7a4c571df2783eb54b0994907dc69e45', 'path': 'media/html/render_6888448_ae2ccbd7117ba4699c6c.html', 'size': 4780069.0, '_type': 'html-file'}",0.0,54.39824295043945,3.336338497139657e-11,32758.523910512293,0.0,0.0,0.0,0.0,3.9770948205841705e-06,544.966504902,0.0,0.0,0.0,1774353199.1662998,0.0,4.072265625,6888448.0,6888448.0
0.0,0.0,,0.0,53.49097442626953,3.3058396298191184e-11,32837.775277982226,0.0,0.0,0.0,0.0,3.466943780949805e-06,556.871064121,0.0,0.0,0.0,1774353199.3586974,0.0,4.78515625,7142400.0,7142400.0
0.0,0.0,,0.0,53.788700103759766,3.2901584234856784e-11,32691.176501164253,0.0,0.0,0.0,0.0,3.1287820547731826e-06,568.543956829,0.0,0.0,0.0,1774353211.0704577,0.0,4.703125,7396352.0,7396352.0
0.0,0.0,,0.0,55.441261291503906,3.263884648663229e-11,32848.76206994419,0.0,0.0,0.0,0.0,3.3398216601199238e-06,580.237377101,0.0,0.0,0.0,1774353222.7434027,0.0,3.97265625,7650304.0,7650304.0
0.0,0.0,,0.0,53.35344314575195,3.2660592980127134e-11,32773.331512483106,0.0,0.0,0.0,0.0,3.0361084100150038e-06,591.909698825,0.0,0.0,0.0,1774353234.4367673,0.0,4.623046875,7904256.0,7904256.0
0.0,0.0,"{'sha256': 'ae2ccbd7117ba4699c6c760276cc49cd7a4c571df2783eb54b0994907dc69e45', 'path': 'media/html/render_8158208_ae2ccbd7117ba4699c6c.html', 'size': 4780069.0, '_type': 'html-file'}",0.0,54.84772491455078,3.292850367375699e-11,32859.54941908282,0.0,0.0,0.0,0.0,3.4500260426284513e-06,629.677006998,0.0,0.0,0.0,1774353283.8768294,0.0,4.029296875,8158208.0,8158208.0
0.0,0.0,,0.0,54.05977249145508,3.235420958924706e-11,32778.66778633707,0.0,0.0,0.0,0.0,2.576864972070325e-06,641.59307989,0.0,0.0,0.0,1774353284.0956395,0.0,4.837890625,8412160.0,8412160.0
0.0,0.0,,0.0,53.71883010864258,3.24297533271789e-11,32765.228057087406,0.0,0.0,0.0,0.0,2.750431576714618e-06,653.274748555,0.0,0.0,0.0,1774353295.7925873,0.0,4.822265625,8666112.0,8666112.0
0.0,0.0,,0.0,54.85454177856445,3.289085323543439e-11,32789.28195826486,0.0,0.0,0.0,0.0,3.047913878617692e-06,664.945584413,0.0,0.0,0.0,1774353307.4741173,0.0,4.25,8920064.0,8920064.0
0.0,0.0,,0.0,52.69426345825195,3.214523786043699e-11,32852.76609091023,0.0,0.0,0.0,0.0,1.8668951042855042e-06,676.631297953,0.0,0.0,0.0,1774353319.1450236,0.0,4.46875,9174016.0,9174016.0
0.0,0.0,"{'path': 'media/html/render_9427968_ae2ccbd7117ba4699c6c.html', 'size': 4780069.0, '_type': 'html-file', 'sha256': 'ae2ccbd7117ba4699c6c760276cc49cd7a4c571df2783eb54b0994907dc69e45'}",0.0,54.23686218261719,3.285251237716835e-11,32792.3345905117,0.0,0.0,0.0,0.0,3.2301300052495208e-06,713.813327179,0.0,0.0,0.0,1774353368.0131476,0.0,4.228515625,9427968.0,9427968.0
0.0,0.0,,0.0,54.070655822753906,3.2950531192454946e-11,32834.11498439508,0.0,0.0,0.0,0.0,3.2024715892475797e-06,725.750271462,0.0,0.0,0.0,1774353368.2053916,0.0,4.609375,9681920.0,9681920.0
0.0,0.0,,0.0,54.3980598449707,3.352932514966156e-11,32580.436644308153,0.0,0.0,0.0,0.0,3.880124950228492e-06,737.427098774,0.0,0.0,0.0,1774353379.949673,0.0,4.615234375,9935872.0,9935872.0
0.0,0.0,,0.0,54.97089385986328,3.261305808743842e-11,32832.57154878623,0.0,0.0,0.0,0.0,3.2457776342198486e-06,749.108574226,0.0,0.0,0.0,1774353391.6265702,0.0,4.208984375,10189824.0,10189824.0
0.0,0.0,,0.0,53.208465576171875,3.3480499622706716e-11,32808.944241927304,0.0,0.0,0.0,0.0,4.038765382574638e-06,760.779099069,0.0,0.0,0.0,1774353403.3075573,0.0,4.81640625,10443776.0,10443776.0
0.0,0.0,"{'path': 'media/html/render_10697728_ae2ccbd7117ba4699c6c.html', 'size': 4780069.0, '_type': 'html-file', 'sha256': 'ae2ccbd7117ba4699c6c760276cc49cd7a4c571df2783eb54b0994907dc69e45'}",0.0,53.534080505371094,3.272508306007005e-11,32860.14041983224,0.0,0.0,0.0,0.0,3.392327244000626e-06,798.047419814,0.0,0.0,0.0,1774353452.247249,0.0,4.814453125,10697728.0,10697728.0
0.0,0.0,,0.0,53.40688705444336,3.2725166326796895e-11,32795.272680069946,0.0,0.0,0.0,0.0,2.7827379653899698e-06,809.961955095,0.0,0.0,0.0,1774353452.442711,0.0,4.298828125,10951680.0,10951680.0
0.0,0.0,,0.0,52.06757736206055,3.3471881516478064e-11,32685.67007738771,0.0,0.0,0.0,0.0,3.929033027816331e-06,821.643838023,0.0,0.0,0.0,1774353464.160901,0.0,5.09375,11205632.0,11205632.0
0.0,0.0,,0.0,54.70697021484375,3.259178690817599e-11,32791.69151192812,0.0,0.0,0.0,0.0,2.857217623386532e-06,833.30966296,0.0,0.0,0.0,1774353475.8432689,0.0,3.80859375,11459584.0,11459584.0
0.0,0.0,,0.0,55.73573684692383,3.4790625241809536e-11,32898.12965154143,0.0,0.0,0.0,0.0,5.037724349676864e-06,845.005866803,0.0,0.0,0.0,1774353487.5090406,0.0,4.076171875,11713536.0,11713536.0
0.0,0.0,"{'path': 'media/html/render_11967488_ae2ccbd7117ba4699c6c.html', 'size': 4780069.0, '_type': 'html-file', 'sha256': 'ae2ccbd7117ba4699c6c760276cc49cd7a4c571df2783eb54b0994907dc69e45'}",0.0,54.96533966064453,3.313166407892254e-11,32736.11472590241,0.0,0.0,0.0,0.0,3.7148552110011224e-06,882.968236817,0.0,0.0,0.0,1774353537.168029,0.0,4.552734375,11967488.0,11967488.0
0.0,0.0,,0.0,54.11548614501953,3.26126695093798e-11,32844.02476647528,0.0,0.0,0.0,0.0,2.9886432457715273e-06,894.922612234,0.0,0.0,0.0,1774353537.4066093,0.0,4.5234375,12221440.0,12221440.0
0.0,0.0,,0.0,54.480037689208984,3.3530171694717836e-11,32687.07233900345,0.0,0.0,0.0,0.0,3.977454525738722e-06,906.603395341,0.0,0.0,0.0,1774353549.1220129,0.0,4.58203125,12475392.0,12475392.0
0.0,0.0,,0.0,54.79821014404297,3.2221607326743396e-11,32807.22734738352,0.0,0.0,0.0,0.0,2.3773795874149073e-06,918.286410756,0.0,0.0,0.0,1774353560.8027945,0.0,4.447265625,12729344.0,12729344.0
0.0,0.0,,0.0,54.49079513549805,3.244353397047206e-11,32787.74172533861,0.0,0.0,0.0,0.0,2.4767537070147227e-06,929.942913612,0.0,0.0,0.0,1774353572.485782,0.0,4.2890625,12983296.0,12983296.0
0.0,0.0,"{'path': 'media/html/render_13237248_ae2ccbd7117ba4699c6c.html', 'size': 4780069.0, '_type': 'html-file', 'sha256': 'ae2ccbd7117ba4699c6c760276cc49cd7a4c571df2783eb54b0994907dc69e45'}",0.0,55.379066467285156,3.2873277017175795e-11,32915.43661579418,0.0,0.0,0.0,0.0,3.3388339488737984e-06,967.435992093,0.0,0.0,0.0,1774353621.6358206,0.0,4.49609375,13237248.0,13237248.0
0.0,0.0,,0.0,52.8050537109375,3.394207831464158e-11,32766.834718860042,0.0,0.0,0.0,0.0,4.4529465412779246e-06,979.343453534,0.0,0.0,0.0,1774353621.8367832,0.0,4.943359375,13491200.0,13491200.0
0.0,0.0,,0.0,55.45305633544922,3.2687623441329805e-11,32734.36017517423,0.0,0.0,0.0,0.0,3.0954458907217486e-06,991.033566462,0.0,0.0,0.0,1774353633.5428808,0.0,3.943359375,13745152.0,13745152.0
0.0,0.0,,0.0,56.06373596191406,3.306087348331488e-11,32778.20882471581,0.0,0.0,0.0,0.0,3.582152203307487e-06,1002.710678999,0.0,0.0,0.0,1774353645.232868,0.0,4.029296875,13999104.0,13999104.0
0.0,0.0,,0.0,53.293601989746094,3.2711632014237324e-11,32837.709474572606,0.0,0.0,0.0,0.0,3.3144383451144677e-06,1014.389520756,0.0,0.0,0.0,1774353656.9101586,0.0,4.732421875,14253056.0,14253056.0
0.0,0.0,"{'path': 'media/html/render_14507008_ae2ccbd7117ba4699c6c.html', 'size': 4780069.0, '_type': 'html-file', 'sha256': 'ae2ccbd7117ba4699c6c760276cc49cd7a4c571df2783eb54b0994907dc69e45'}",0.0,54.18781280517578,3.3098745966242404e-11,32808.66936503363,0.0,0.0,0.0,0.0,3.441241915425053e-06,1051.812672255,0.0,0.0,0.0,1774353706.0125155,0.0,4.4296875,14507008.0,14507008.0
0.0,0.0,,0.0,54.85673522949219,3.374418106050214e-11,32839.525745491985,0.0,0.0,0.0,0.0,4.010360044048866e-06,1063.703149382,0.0,0.0,0.0,1774353706.2185092,0.0,3.982421875,14760960.0,14760960.0
0.0,0.0,,0.0,53.55665969848633,3.270933870980208e-11,32798.14363138099,0.0,0.0,0.0,0.0,3.1928293537930585e-06,1075.367426134,0.0,0.0,0.0,1774353717.9021573,0.0,4.810546875,15014912.0,15014912.0
0.0,0.0,,0.0,53.96465301513672,3.278564572606335e-11,32883.111632679174,0.0,0.0,0.0,0.0,3.4185156891908264e-06,1087.044299501,0.0,0.0,0.0,1774353729.566813,0.0,4.3046875,15268864.0,15268864.0
0.0,0.0,,0.0,55.03940963745117,3.2992886200844396e-11,32816.12298899741,0.0,0.0,0.0,0.0,3.4848776522267144e-06,1098.721571837,0.0,0.0,0.0,1774353741.2436895,0.0,3.998046875,15522816.0,15522816.0
0.0,0.0,"{'path': 'media/html/render_15776768_ae2ccbd7117ba4699c6c.html', 'size': 4780069.0, '_type': 'html-file', 'sha256': 'ae2ccbd7117ba4699c6c760276cc49cd7a4c571df2783eb54b0994907dc69e45'}",0.0,54.33033752441406,3.2859423515496644e-11,32838.5720263464,0.0,0.0,0.0,0.0,3.3456690289312974e-06,1136.199288497,0.0,0.0,0.0,1774353790.3991127,0.0,4.466796875,15776768.0,15776768.0
0.0,0.0,,0.0,54.75564956665039,3.289557862218295e-11,32863.60474022449,0.0,0.0,0.0,0.0,3.3442497624491807e-06,1148.1057351,0.0,0.0,0.0,1774353790.6017728,0.0,4.099609375,16030720.0,16030720.0
0.0,0.0,,0.0,53.49787902832031,3.282406291216233e-11,32762.543247556925,0.0,0.0,0.0,0.0,3.4694578516791807e-06,1159.794740737,0.0,0.0,0.0,1774353802.3050423,0.0,4.744140625,16284672.0,16284672.0
0.0,0.0,,0.0,54.53995132446289,3.242350138377148e-11,32754.005978890855,0.0,0.0,0.0,0.0,2.73389628091536e-06,1171.47847346,0.0,0.0,0.0,1774353813.994204,0.0,4.62109375,16538624.0,16538624.0
0.0,0.0,,0.0,54.555423736572266,3.221202818370905e-11,32797.47911746656,0.0,0.0,0.0,0.0,2.3957134089869214e-06,1183.157460681,0.0,0.0,0.0,1774353825.6778853,0.0,4.05859375,16792576.0,16792576.0
0.0,0.0,"{'path': 'media/html/render_17046528_ae2ccbd7117ba4699c6c.html', 'size': 4780069.0, '_type': 'html-file', 'sha256': 'ae2ccbd7117ba4699c6c760276cc49cd7a4c571df2783eb54b0994907dc69e45'}",0.0,54.54042053222656,3.2241938285881844e-11,32795.242387801,0.0,0.0,0.0,0.0,2.2969218207435915e-06,1220.651231636,0.0,0.0,0.0,1774353874.8509748,0.0,4.109375,17046528.0,17046528.0
0.0,0.0,,0.0,53.36756134033203,3.2496661611647326e-11,32818.670976299116,0.0,0.0,0.0,0.0,2.75779393632547e-06,1232.554534427,0.0,0.0,0.0,1774353875.0561402,0.0,4.677734375,17300480.0,17300480.0
0.0,0.0,,0.0,55.937721252441406,3.264857828533252e-11,32752.330077713734,0.0,0.0,0.0,0.0,3.011349008374964e-06,1244.228082972,0.0,0.0,0.0,1774353886.7539117,0.0,3.48046875,17554432.0,17554432.0
0.0,0.0,,0.0,54.03052520751953,3.2968430069280075e-11,32846.03823202377,0.0,0.0,0.0,0.0,3.4439030969224405e-06,1255.913359779,0.0,0.0,0.0,1774353898.4275422,0.0,4.326171875,17808384.0,17808384.0
0.0,0.0,,0.0,52.66421127319336,3.263687584076358e-11,32791.74501671956,0.0,0.0,0.0,0.0,2.8758070129697444e-06,1267.591181486,0.0,0.0,0.0,1774353910.1126678,0.0,5.47265625,18062336.0,18062336.0
0.0,0.0,"{'path': 'media/html/render_18316288_ae2ccbd7117ba4699c6c.html', 'size': 4780069.0, '_type': 'html-file', 'sha256': 'ae2ccbd7117ba4699c6c760276cc49cd7a4c571df2783eb54b0994907dc69e45'}",0.0,54.77953338623047,3.298106232563214e-11,32831.57269436401,0.0,0.0,0.0,0.0,3.233691359127988e-06,1305.202163547,0.0,0.0,0.0,1774353959.4019318,0.0,4.216796875,18316288.0,18316288.0
0.0,0.0,,0.0,54.2542724609375,3.347108007423216e-11,32772.21122662617,0.0,0.0,0.0,0.0,3.9873953028291e-06,1317.156943083,0.0,0.0,0.0,1774353959.6767519,0.0,4.38671875,18570240.0,18570240.0
0.0,0.0,,0.0,53.63667297363281,3.2995314813710763e-11,32852.44488216784,0.0,0.0,0.0,0.0,3.4980096188519383e-06,1328.825446286,0.0,0.0,0.0,1774353971.3563867,0.0,4.369140625,18824192.0,18824192.0
0.0,0.0,,0.0,53.245513916015625,3.30959010197418e-11,32849.44791215244,0.0,0.0,0.0,0.0,3.599418960220646e-06,1340.470964366,0.0,0.0,0.0,1774353983.0244348,0.0,4.685546875,19078144.0,19078144.0
0.0,0.0,,0.0,54.114986419677734,3.2646493147714395e-11,32952.4650794052,0.0,0.0,0.0,0.0,3.137452267765184e-06,1352.144932524,0.0,0.0,0.0,1774353994.6704423,0.0,4.703125,19332096.0,19332096.0
0.0,0.0,"{'size': 4780069.0, '_type': 'html-file', 'sha256': 'ae2ccbd7117ba4699c6c760276cc49cd7a4c571df2783eb54b0994907dc69e45', 'path': 'media/html/render_19586048_ae2ccbd7117ba4699c6c.html'}",0.0,54.02417755126953,3.318874688962303e-11,32841.91838667488,0.0,0.0,0.0,0.0,3.6887568057863973e-06,1390.887617034,0.0,0.0,0.0,1774354045.087389,0.0,4.17578125,19586048.0,19586048.0
0.0,0.0,,0.0,53.545387268066406,3.2586825599034697e-11,32844.40353842587,0.0,0.0,0.0,0.0,2.7927833343710518e-06,1402.793126474,0.0,0.0,0.0,1774354045.2852604,0.0,4.978515625,19840000.0,19840000.0
0.0,0.0,,0.0,54.02512741088867,3.2423827511784964e-11,32804.752869698576,0.0,0.0,0.0,0.0,2.6840098144020885e-06,1414.442475907,0.0,0.0,0.0,1774354056.992584,0.0,4.33203125,20093952.0,20093952.0
0.0,0.0,,0.0,54.43267822265625,3.263253903207364e-11,32959.69453808253,0.0,0.0,0.0,0.0,2.9708585316257086e-06,1426.117401887,0.0,0.0,0.0,1774354068.6418207,0.0,4.69140625,20347904.0,20347904.0
0.0,0.0,,0.0,54.436126708984375,3.219904898266179e-11,32819.74084445938,0.0,0.0,0.0,0.0,1.9099763903795974e-06,1437.785836593,0.0,0.0,0.0,1774354080.3168082,0.0,4.4296875,20601856.0,20601856.0
0.0,0.0,"{'size': 4780069.0, '_type': 'html-file', 'sha256': 'ae2ccbd7117ba4699c6c760276cc49cd7a4c571df2783eb54b0994907dc69e45', 'path': 'media/html/render_20855808_ae2ccbd7117ba4699c6c.html'}",0.0,53.61538314819336,3.3109136959863505e-11,32865.512101037566,0.0,0.0,0.0,0.0,3.6496392112894682e-06,1474.817398009,0.0,0.0,0.0,1774354129.0172193,0.0,4.810546875,20855808.0,20855808.0
0.0,0.0,,0.0,53.93094253540039,3.2715063297272806e-11,32821.27801722425,0.0,0.0,0.0,0.0,3.126851879642345e-06,1486.755923654,0.0,0.0,0.0,1774354129.236595,0.0,4.42578125,21109760.0,21109760.0
0.0,0.0,,0.0,56.29283905029297,3.336248291518906e-11,32704.443071265225,0.0,0.0,0.0,0.0,3.840352746919962e-06,1498.446083848,0.0,0.0,0.0,1774354140.9553235,0.0,3.66015625,21363712.0,21363712.0
0.0,0.0,,0.0,55.20372009277344,3.276534946139442e-11,32768.922404996825,0.0,0.0,0.0,0.0,3.330826075398363e-06,1510.137609288,0.0,0.0,0.0,1774354152.6455348,0.0,4.72265625,21617664.0,21617664.0
0.0,0.0,,0.0,53.49625778198242,3.219779998175909e-11,32784.95433223862,0.0,0.0,0.0,0.0,2.4733396912779426e-06,1521.834593531,0.0,0.0,0.0,1774354164.33701,0.0,4.703125,21871616.0,21871616.0
0.0,0.0,"{'path': 'media/html/render_22125568_ae2ccbd7117ba4699c6c.html', 'size': 4780069.0, '_type': 'html-file', 'sha256': 'ae2ccbd7117ba4699c6c760276cc49cd7a4c571df2783eb54b0994907dc69e45'}",0.0,54.41716766357422,3.284949395832015e-11,32731.859460649117,0.0,0.0,0.0,0.0,3.1923682399792597e-06,1559.69720074,0.0,0.0,0.0,1774354213.8969114,0.0,4.6328125,22125568.0,22125568.0
0.0,0.0,,0.0,54.43266677856445,3.2594708182509535e-11,32790.066260905645,0.0,0.0,0.0,0.0,2.7345433863956714e-06,1571.625169356,0.0,0.0,0.0,1774354214.1070786,0.0,4.494140625,22379520.0,22379520.0
0.0,0.0,,0.0,53.189674377441406,3.2942468197738606e-11,32703.353596327823,0.0,0.0,0.0,0.0,3.310759893793147e-06,1583.30451221,0.0,0.0,0.0,1774354225.8245625,0.0,4.787109375,22633472.0,22633472.0
0.0,0.0,,0.0,55.020164489746094,3.2226492308051746e-11,32825.24499266052,0.0,0.0,0.0,0.0,2.3489487830374856e-06,1594.997459994,0.0,0.0,0.0,1774354237.5039074,0.0,4.28125,22887424.0,22887424.0
0.0,0.0,,0.0,54.62061309814453,3.284586838625536e-11,32791.67636909431,0.0,0.0,0.0,0.0,2.9631933102791663e-06,1606.681341482,0.0,0.0,0.0,1774354249.1966164,0.0,4.505859375,23141376.0,23141376.0
0.0,0.0,"{'path': 'media/html/render_23395328_ae2ccbd7117ba4699c6c.html', 'size': 4780069.0, '_type': 'html-file', 'sha256': 'ae2ccbd7117ba4699c6c760276cc49cd7a4c571df2783eb54b0994907dc69e45'}",0.0,53.981666564941406,3.3616404798708643e-11,32805.96530701789,0.0,0.0,0.0,0.0,4.139264092373196e-06,1644.548698632,0.0,0.0,0.0,1774354298.7485278,0.0,4.326171875,23395328.0,23395328.0
0.0,0.0,,0.0,53.84777069091797,3.257693767522163e-11,32805.015556845945,0.0,0.0,0.0,0.0,2.784406433420372e-06,1656.44929266,0.0,0.0,0.0,1774354298.9513633,0.0,4.513671875,23649280.0,23649280.0
0.0,0.0,,0.0,53.95787811279297,3.2969620089584595e-11,32779.26697755445,0.0,0.0,0.0,0.0,3.593333758544759e-06,1668.128708712,0.0,0.0,0.0,1774354310.6485615,0.0,5.134765625,23903232.0,23903232.0
0.0,0.0,,0.0,53.32323455810547,3.2997896082243017e-11,32828.598755224586,0.0,0.0,0.0,0.0,3.3151727620861493e-06,1679.800510268,0.0,0.0,0.0,1774354322.3281739,0.0,4.990234375,24157184.0,24157184.0
0.0,0.0,,0.0,54.34010314941406,3.2515871939420293e-11,32869.867107963226,0.0,0.0,0.0,0.0,1.8173567468693363e-06,1691.47918127,0.0,0.0,0.0,1774354333.9998176,0.0,4.197265625,24411136.0,24411136.0
0.0,0.0,"{'path': 'media/html/render_24665088_ae2ccbd7117ba4699c6c.html', 'size': 4780069.0, '_type': 'html-file', 'sha256': 'ae2ccbd7117ba4699c6c760276cc49cd7a4c571df2783eb54b0994907dc69e45'}",0.0,54.8070068359375,3.248132318667274e-11,32788.222149438305,0.0,0.0,0.0,0.0,2.918917516581132e-06,1729.627650451,0.0,0.0,0.0,1774354383.8274744,0.0,4.275390625,24665088.0,24665088.0
0.0,0.0,,0.0,53.974822998046875,3.254202116109717e-11,32769.652301053735,0.0,0.0,0.0,0.0,3.0079831958573777e-06,1741.592147165,0.0,0.0,0.0,1774354384.0844488,0.0,3.96875,24919040.0,24919040.0
0.0,0.0,,0.0,53.34405517578125,3.359775652134189e-11,32739.94943607101,0.0,0.0,0.0,0.0,3.96102268496179e-06,1753.26952258,0.0,0.0,0.0,1774354395.7916434,0.0,4.90234375,25172992.0,25172992.0
0.0,0.0,,0.0,54.16530990600586,3.337046611262551e-11,32826.76143571361,0.0,0.0,0.0,0.0,3.8192051761143375e-06,1764.938492062,0.0,0.0,0.0,1774354407.4688926,0.0,4.451171875,25426944.0,25426944.0
0.0,0.0,,0.0,54.82147979736328,3.32255403745485e-11,32879.78427664742,0.0,0.0,0.0,0.0,3.642470119302743e-06,1776.632373251,0.0,0.0,0.0,1774354419.1379015,0.0,4.341796875,25680896.0,25680896.0
0.0,0.0,"{'sha256': 'ae2ccbd7117ba4699c6c760276cc49cd7a4c571df2783eb54b0994907dc69e45', 'path': 'media/html/render_25934848_ae2ccbd7117ba4699c6c.html', 'size': 4780069.0, '_type': 'html-file'}",0.0,54.083587646484375,3.325436107037838e-11,32772.24450134002,0.0,0.0,0.0,0.0,3.886742433678592e-06,1814.758802752,0.0,0.0,0.0,1774354468.9586,0.0,4.4453125,25934848.0,25934848.0
0.0,0.0,,0.0,54.73181915283203,3.250564054035898e-11,32856.244059011515,0.0,0.0,0.0,0.0,2.8022411697747884e-06,1826.679938401,0.0,0.0,0.0,1774354469.1678133,0.0,4.228515625,26188800.0,26188800.0
0.0,0.0,,0.0,53.987548828125,3.306021775784096e-11,32721.49753901843,0.0,0.0,0.0,0.0,3.536897793310345e-06,1838.380837274,0.0,0.0,0.0,1774354480.8793247,0.0,4.259765625,26442752.0,26442752.0
0.0,0.0,,0.0,53.077491760253906,3.317817548476043e-11,32785.67989690574,0.0,0.0,0.0,0.0,3.697321517392993e-06,1850.067236646,0.0,0.0,0.0,1774354492.5801105,0.0,4.5,26696704.0,26696704.0
0.0,0.0,,0.0,53.05337142944336,3.390134353797869e-11,32792.582944722235,0.0,0.0,0.0,0.0,4.229829755786341e-06,1861.7532591,0.0,0.0,0.0,1774354504.2666788,0.0,4.626953125,26950656.0,26950656.0
0.0,0.0,"{'_type': 'html-file', 'sha256': 'ae2ccbd7117ba4699c6c760276cc49cd7a4c571df2783eb54b0994907dc69e45', 'path': 'media/html/render_27204608_ae2ccbd7117ba4699c6c.html', 'size': 4780069.0}",0.0,52.75784683227539,3.213019086900637e-11,32815.89955342543,0.0,0.0,0.0,0.0,2.018560280703241e-06,1900.042135665,0.0,0.0,0.0,1774354554.2419195,0.0,4.65234375,27204608.0,27204608.0
0.0,0.0,,0.0,54.08348083496094,3.3476589555991865e-11,32793.844965298595,0.0,0.0,0.0,0.0,3.7745796817034716e-06,1911.956735157,0.0,0.0,0.0,1774354554.4482477,0.0,4.38671875,27458560.0,27458560.0
0.0,0.0,,0.0,53.46234893798828,3.254829739063325e-11,32768.93551057858,0.0,0.0,0.0,0.0,2.747941380221164e-06,1923.640119122,0.0,0.0,0.0,1774354566.1560323,0.0,4.755859375,27712512.0,27712512.0
0.0,0.0,,0.0,53.61842346191406,3.311522236981723e-11,32794.75872881996,0.0,0.0,0.0,0.0,3.7610034269164316e-06,1935.331802973,0.0,0.0,0.0,1774354577.8395305,0.0,4.908203125,27966464.0,27966464.0
0.0,0.0,,0.0,55.112186431884766,3.263614725690367e-11,32812.76874239907,0.0,0.0,0.0,0.0,2.9798075047438033e-06,1947.022165961,0.0,0.0,0.0,1774354589.5311606,0.0,4.24609375,28220416.0,28220416.0
0.0,0.0,"{'size': 4780069.0, '_type': 'html-file', 'sha256': 'ae2ccbd7117ba4699c6c760276cc49cd7a4c571df2783eb54b0994907dc69e45', 'path': 'media/html/render_28474368_ae2ccbd7117ba4699c6c.html'}",0.0,55.110015869140625,3.23899726484278e-11,32779.94084165961,0.0,0.0,0.0,0.0,2.5724550596351037e-06,1985.105166811,0.0,0.0,0.0,1774354639.304965,0.0,4.052734375,28474368.0,28474368.0
0.0,0.0,,0.0,52.64494323730469,3.2314498299435e-11,32880.3039413294,0.0,0.0,0.0,0.0,2.4555554318794748e-06,1997.068316141,0.0,0.0,0.0,1774354639.54091,0.0,5.087890625,28728320.0,28728320.0
0.0,0.0,,0.0,53.982810974121094,3.201864468005411e-11,32679.013483892664,0.0,0.0,0.0,0.0,1.9079782305198023e-06,2008.754114115,0.0,0.0,0.0,1774354651.2676706,0.0,4.720703125,28982272.0,28982272.0
0.0,0.0,,0.0,54.162071228027344,3.428133471539141e-11,32789.40611178177,0.0,0.0,0.0,0.0,4.645252374757547e-06,2020.442865262,0.0,0.0,0.0,1774354662.9534447,0.0,4.640625,29236224.0,29236224.0
0.0,0.0,,0.0,53.455997467041016,3.225932021511113e-11,32786.13604023039,0.0,0.0,0.0,0.0,2.3608049559697974e-06,2032.135870648,0.0,0.0,0.0,1774354674.6417472,0.0,4.60546875,29490176.0,29490176.0
0.0,0.0,"{'path': 'media/html/render_29744128_ae2ccbd7117ba4699c6c.html', 'size': 4780069.0, '_type': 'html-file', 'sha256': 'ae2ccbd7117ba4699c6c760276cc49cd7a4c571df2783eb54b0994907dc69e45'}",0.0,54.8240966796875,3.196723788456701e-11,32767.79637223314,0.0,0.0,0.0,0.0,1.6332470522684162e-06,2070.376759511,0.0,0.0,0.0,1774354724.5765302,0.0,4.498046875,29744128.0,29744128.0
0.0,0.0,,0.0,55.629173278808594,3.256544686691676e-11,32787.99101928007,0.0,0.0,0.0,0.0,2.96315420200699e-06,2082.328249197,0.0,0.0,0.0,1774354724.7901647,0.0,3.931640625,29998080.0,29998080.0
0.0,0.0,,0.0,54.70453643798828,3.2721134829438725e-11,32729.443606222427,0.0,0.0,0.0,0.0,2.84169345832197e-06,2094.011013347,0.0,0.0,0.0,1774354736.5276635,0.0,4.203125,30252032.0,30252032.0
0.0,0.0,,0.0,54.37791442871094,3.2827563584136854e-11,32812.07634469282,0.0,0.0,0.0,0.0,3.334346729388926e-06,2105.688000224,0.0,0.0,0.0,1774354748.2104075,0.0,4.697265625,30505984.0,30505984.0
0.0,0.0,,0.0,54.004364013671875,3.288882013952055e-11,32817.95102867294,0.0,0.0,0.0,0.0,3.236433713027509e-06,2117.368943329,0.0,0.0,0.0,1774354759.887309,0.0,4.34765625,30759936.0,30759936.0
0.0,0.0,"{'size': 4780069.0, '_type': 'html-file', 'sha256': 'ae2ccbd7117ba4699c6c760276cc49cd7a4c571df2783eb54b0994907dc69e45', 'path': 'media/html/render_31013888_ae2ccbd7117ba4699c6c.html'}",0.0,53.06044387817383,3.2672971966851705e-11,32819.10275779496,0.0,0.0,0.0,0.0,2.691417648748029e-06,2154.337941504,0.0,0.0,0.0,1774354808.5376794,0.0,5.0234375,31013888.0,31013888.0
0.0,0.0,,0.0,54.211448669433594,3.3150388684122234e-11,32860.36040324186,0.0,0.0,0.0,0.0,3.677896074805176e-06,2166.319554962,0.0,0.0,0.0,1774354808.7979198,0.0,4.630859375,31267840.0,31267840.0
0.0,0.0,,0.0,53.86875915527344,3.311752608259333e-11,32686.435388377624,0.0,0.0,0.0,0.0,3.4101483379345154e-06,2177.977808265,0.0,0.0,0.0,1774354820.5189404,0.0,4.109375,31521792.0,31521792.0
0.0,0.0,,0.0,54.27106475830078,3.3406298560745284e-11,32839.69280391006,0.0,0.0,0.0,0.0,3.99826558350469e-06,2189.650051092,0.0,0.0,0.0,1774354832.1767719,0.0,4.48828125,31775744.0,31775744.0
0.0,0.0,,0.0,53.93010711669922,3.3318039299734536e-11,32843.66220685584,0.0,0.0,0.0,0.0,3.7615327528328635e-06,2201.308242158,0.0,0.0,0.0,1774354843.849466,0.0,4.521484375,32029696.0,32029696.0
0.0,0.0,"{'path': 'media/html/render_32283648_ae2ccbd7117ba4699c6c.html', 'size': 4780069.0, '_type': 'html-file', 'sha256': 'ae2ccbd7117ba4699c6c760276cc49cd7a4c571df2783eb54b0994907dc69e45'}",0.0,54.867034912109375,3.289049935184529e-11,32852.65564303157,0.0,0.0,0.0,0.0,3.4196868909930345e-06,2239.749127267,0.0,0.0,0.0,1774354893.9489095,0.0,4.013671875,32283648.0,32283648.0
0.0,0.0,,0.0,54.20484161376953,3.298579118182765e-11,32750.010889224788,0.0,0.0,0.0,0.0,3.3559483654244104e-06,2251.661521994,0.0,0.0,0.0,1774354894.1581829,0.0,4.275390625,32537600.0,32537600.0
0.0,0.0,,0.0,53.97456359863281,3.246340696261285e-11,32706.929555051745,0.0,0.0,0.0,0.0,2.701229504964431e-06,2263.349521738,0.0,0.0,0.0,1774354905.8608782,0.0,4.3828125,32791552.0,32791552.0
0.0,0.0,,0.0,53.854312896728516,3.254521652173992e-11,32793.32197218562,0.0,0.0,0.0,0.0,3.148490350213251e-06,2274.992921114,0.0,0.0,0.0,1774354917.548954,0.0,4.923828125,33045504.0,33045504.0
0.0,0.0,,0.0,54.932884216308594,3.234017914577336e-11,32908.38618159805,0.0,0.0,0.0,0.0,2.6377133508503903e-06,2286.644817618,0.0,0.0,0.0,1774354929.1923392,0.0,4.21875,33299456.0,33299456.0
0.0,0.0,"{'path': 'media/html/render_33553408_ae2ccbd7117ba4699c6c.html', 'size': 4780069.0, '_type': 'html-file', 'sha256': 'ae2ccbd7117ba4699c6c760276cc49cd7a4c571df2783eb54b0994907dc69e45'}",0.0,53.555816650390625,3.2795596099921553e-11,32913.0068087455,0.0,0.0,0.0,0.0,3.2177997582039097e-06,2325.071500051,0.0,0.0,0.0,1774354979.27128,0.0,4.60546875,33553408.0,33553408.0
0.0,0.0,,0.0,53.83179473876953,3.285529834307077e-11,32891.83314996821,0.0,0.0,0.0,0.0,3.3250219075853238e-06,2337.039049374,0.0,0.0,0.0,1774354979.517654,0.0,4.669921875,33807360.0,33807360.0
0.0,0.0,,0.0,54.656951904296875,3.233829523607845e-11,32682.14790223571,0.0,0.0,0.0,0.0,2.448645545882755e-06,2348.716053183,0.0,0.0,0.0,1774354991.2384615,0.0,4.828125,34061312.0,34061312.0
0.0,0.0,,0.0,52.630584716796875,3.2451607373529257e-11,32827.76606787086,0.0,0.0,0.0,0.0,2.715709342737682e-06,2360.389177879,0.0,0.0,0.0,1774355002.9152822,0.0,5.30859375,34315264.0,34315264.0
0.0,0.0,,0.0,55.431854248046875,3.34974270543853e-11,32833.14943456741,0.0,0.0,0.0,0.0,3.895843747159233e-06,2372.074455193,0.0,0.0,0.0,1774355014.5885499,0.0,4.03515625,34569216.0,34569216.0
0.0,0.0,"{'path': 'media/html/render_34823168_ae2ccbd7117ba4699c6c.html', 'size': 4780069.0, '_type': 'html-file', 'sha256': 'ae2ccbd7117ba4699c6c760276cc49cd7a4c571df2783eb54b0994907dc69e45'}",0.0,54.83936309814453,3.283195937342498e-11,32807.62952316121,0.0,0.0,0.0,0.0,3.4745137327263365e-06,2409.078129306,0.0,0.0,0.0,1774355063.2779076,0.0,4.001953125,34823168.0,34823168.0
0.0,0.0,,0.0,53.30302047729492,3.376456753079182e-11,32744.863122257357,0.0,0.0,0.0,0.0,4.070093837071909e-06,2420.98892271,0.0,0.0,0.0,1774355063.4859936,0.0,3.83203125,35077120.0,35077120.0
0.0,0.0,,0.0,54.44151306152344,3.300892545410328e-11,32762.543247556925,0.0,0.0,0.0,0.0,3.576352355594281e-06,2432.679687795,0.0,0.0,0.0,1774355075.1882713,0.0,4.34375,35331072.0,35331072.0
0.0,0.0,,0.0,52.95623779296875,3.3138793792408805e-11,32785.66879623082,0.0,0.0,0.0,0.0,3.601649950724095e-06,2444.358130204,0.0,0.0,0.0,1774355086.8789146,0.0,4.873046875,35585024.0,35585024.0
0.0,0.0,,0.0,53.17106628417969,3.381721985773467e-11,32819.11489233368,0.0,0.0,0.0,0.0,4.335432549851248e-06,2456.035126144,0.0,0.0,0.0,1774355098.5575154,0.0,4.80859375,35838976.0,35838976.0
0.0,0.0,"{'sha256': 'ae2ccbd7117ba4699c6c760276cc49cd7a4c571df2783eb54b0994907dc69e45', 'path': 'media/html/render_36092928_ae2ccbd7117ba4699c6c.html', 'size': 4780069.0, '_type': 'html-file'}",0.0,55.21833038330078,3.3296282397898835e-11,32828.610896786435,0.0,0.0,0.0,0.0,3.932119852834148e-06,2494.346735969,0.0,0.0,0.0,1774355148.546583,0.0,3.904296875,36092928.0,36092928.0
0.0,0.0,,0.0,54.51409149169922,3.321310240722575e-11,32802.012081306224,0.0,0.0,0.0,0.0,3.76302386939642e-06,2506.297683008,0.0,0.0,0.0,1774355148.7715049,0.0,4.103515625,36346880.0,36346880.0
0.0,0.0,,0.0,54.602691650390625,3.375694168639143e-11,32655.30524472121,0.0,0.0,0.0,0.0,4.1976118154707365e-06,2517.969626389,0.0,0.0,0.0,1774355160.4969528,0.0,4.123046875,36600832.0,36600832.0
0.0,0.0,,0.0,54.75937271118164,3.2671764599312425e-11,32847.74906146702,0.0,0.0,0.0,0.0,2.7707476419891464e-06,2529.668336584,0.0,0.0,0.0,1774355172.1690052,0.0,4.142578125,36854784.0,36854784.0
0.0,0.0,,0.0,54.39776611328125,3.29018791378477e-11,32747.873256931707,0.0,0.0,0.0,0.0,3.3332350994896842e-06,2541.337659167,0.0,0.0,0.0,1774355183.8676152,0.0,4.271484375,37108736.0,37108736.0
0.0,0.0,"{'path': 'media/html/render_37362688_ae2ccbd7117ba4699c6c.html', 'size': 4780069.0, '_type': 'html-file', 'sha256': 'ae2ccbd7117ba4699c6c760276cc49cd7a4c571df2783eb54b0994907dc69e45'}",0.0,52.33587646484375,3.381670637958578e-11,32810.97261198136,0.0,0.0,0.0,0.0,4.341547537478618e-06,2579.86962273,0.0,0.0,0.0,1774355234.06942,0.0,4.798828125,37362688.0,37362688.0
0.0,0.0,,0.0,53.91038513183594,3.3767606766321734e-11,32872.09475367977,0.0,0.0,0.0,0.0,4.213551619614009e-06,2591.813126585,0.0,0.0,0.0,1774355234.3075202,0.0,4.82421875,37616640.0,37616640.0
0.0,0.0,,0.0,53.5088005065918,3.3512925073919675e-11,32719.680228642625,0.0,0.0,0.0,0.0,3.9888304854684975e-06,2603.482709017,0.0,0.0,0.0,1774355246.0122902,0.0,4.7734375,37870592.0,37870592.0
0.0,0.0,,0.0,53.994110107421875,3.3540076965765664e-11,32851.931163891444,0.0,0.0,0.0,0.0,4.022439952677814e-06,2615.142877017,0.0,0.0,0.0,1774355257.6821623,0.0,4.42578125,38124544.0,38124544.0
0.0,0.0,,0.0,54.460601806640625,3.257239269971457e-11,32849.4246112825,0.0,0.0,0.0,0.0,2.9128361802577274e-06,2626.809006728,0.0,0.0,0.0,1774355269.3421974,0.0,4.357421875,38378496.0,38378496.0
0.0,0.0,"{'sha256': 'ae2ccbd7117ba4699c6c760276cc49cd7a4c571df2783eb54b0994907dc69e45', 'path': 'media/html/render_38632448_ae2ccbd7117ba4699c6c.html', 'size': 4780069.0, '_type': 'html-file'}",0.0,52.92112350463867,3.35372146720303e-11,32866.30309709781,0.0,0.0,0.0,0.0,3.6693631955131423e-06,2663.747076359,0.0,0.0,0.0,1774355317.9468677,0.0,4.619140625,38632448.0,38632448.0
0.0,0.0,,0.0,53.93900680541992,3.318213412373261e-11,32846.56088214824,0.0,0.0,0.0,0.0,3.868853127642069e-06,2675.650240329,0.0,0.0,0.0,1774355318.1616447,0.0,4.435546875,38886400.0,38886400.0
0.0,0.0,,0.0,55.37220764160156,3.2871056571126545e-11,32802.97782105032,0.0,0.0,0.0,0.0,3.503013658701093e-06,2687.311245624,0.0,0.0,0.0,1774355329.849531,0.0,3.712890625,39140352.0,39140352.0
0.0,0.0,,0.0,53.12963104248047,3.36482092189172e-11,32837.17799516212,0.0,0.0,0.0,0.0,4.006763901998056e-06,2698.998234712,0.0,0.0,0.0,1774355341.51071,0.0,4.982421875,39394304.0,39394304.0
0.0,0.0,,0.0,52.948143005371094,3.346880411703168e-11,32796.42483757231,0.0,0.0,0.0,0.0,4.081674887856934e-06,2710.664444923,0.0,0.0,0.0,1774355353.1973507,0.0,4.763671875,39648256.0,39648256.0
0.0,0.0,"{'path': 'media/html/render_39902208_ae2ccbd7117ba4699c6c.html', 'size': 4780069.0, '_type': 'html-file', 'sha256': 'ae2ccbd7117ba4699c6c760276cc49cd7a4c571df2783eb54b0994907dc69e45'}",0.0,51.653839111328125,3.297984108030505e-11,32826.11397123961,0.0,0.0,0.0,0.0,3.5811024190479657e-06,2749.537478089,0.0,0.0,0.0,1774355403.7372723,0.0,5.43359375,39902208.0,39902208.0
0.0,0.0,,0.0,53.989463806152344,3.3121689418935674e-11,32882.46194345301,0.0,0.0,0.0,0.0,3.527166882122401e-06,2761.504885897,0.0,0.0,0.0,1774355403.9996622,0.0,4.3359375,40156160.0,40156160.0
0.0,0.0,,0.0,53.814208984375,3.278515306459617e-11,32707.414644224165,0.0,0.0,0.0,0.0,2.9251987143652514e-06,2773.159804869,0.0,0.0,0.0,1774355415.7041929,0.0,4.369140625,40410112.0,40410112.0
0.0,0.0,,0.0,54.0097770690918,3.313528271209343e-11,32907.57384188192,0.0,0.0,0.0,0.0,3.785055696425843e-06,2784.822449035,0.0,0.0,0.0,1774355427.3591225,0.0,4.123046875,40664064.0,40664064.0
0.0,0.0,,0.0,53.8552360534668,3.32496009891603e-11,32828.77784417252,0.0,0.0,0.0,0.0,3.87686668545939e-06,2796.490612538,0.0,0.0,0.0,1774355439.0218403,0.0,4.494140625,40918016.0,40918016.0
0.0,0.0,"{'path': 'media/html/render_41171968_ae2ccbd7117ba4699c6c.html', 'size': 4780069.0, '_type': 'html-file', 'sha256': 'ae2ccbd7117ba4699c6c760276cc49cd7a4c571df2783eb54b0994907dc69e45'}",0.0,53.34742736816406,3.347519830776413e-11,32868.406520569275,0.0,0.0,0.0,0.0,3.7280533433659002e-06,2835.111689037,0.0,0.0,0.0,1774355489.3114526,0.0,4.4765625,41171968.0,41171968.0
0.0,0.0,,0.0,56.36821365356445,3.387074995475636e-11,32781.60241838945,0.0,0.0,0.0,0.0,4.447019819053821e-06,2847.044470793,0.0,0.0,0.0,1774355489.5299242,0.0,3.685546875,41425920.0,41425920.0
0.0,0.0,,0.0,53.362030029296875,3.328809797253918e-11,32705.150013649767,0.0,0.0,0.0,0.0,4.0260797504743095e-06,2858.737521769,0.0,0.0,0.0,1774355501.2438378,0.0,4.6015625,41679872.0,41679872.0
0.0,0.0,,0.0,53.617774963378906,3.3020003398220865e-11,32723.911215146363,0.0,0.0,0.0,0.0,3.493270014587324e-06,2870.4137315,0.0,0.0,0.0,1774355512.9368117,0.0,4.802734375,41933824.0,41933824.0
0.0,0.0,,0.0,55.00032043457031,3.2553858914097233e-11,32835.59580687889,0.0,0.0,0.0,0.0,3.0922740279493155e-06,2882.09315792,0.0,0.0,0.0,1774355524.613117,0.0,3.93359375,42187776.0,42187776.0
0.0,0.0,"{'path': 'media/html/render_42441728_ae2ccbd7117ba4699c6c.html', 'size': 4780069.0, '_type': 'html-file', 'sha256': 'ae2ccbd7117ba4699c6c760276cc49cd7a4c571df2783eb54b0994907dc69e45'}",0.0,55.015220642089844,3.270340248606729e-11,32774.36010519285,0.0,0.0,0.0,0.0,3.0523340228683082e-06,2919.398407144,0.0,0.0,0.0,1774355573.598204,0.0,4.32421875,42441728.0,42441728.0
0.0,0.0,,0.0,52.6099853515625,3.197282716360661e-11,32810.5804610945,0.0,0.0,0.0,0.0,2.0234897419868503e-06,2931.34366128,0.0,0.0,0.0,1774355573.8381686,0.0,4.40234375,42695680.0,42695680.0
0.0,0.0,,0.0,54.75096893310547,3.2919968834255187e-11,32709.21050328765,0.0,0.0,0.0,0.0,3.262844529672293e-06,2943.013362203,0.0,0.0,0.0,1774355585.5430136,0.0,4.5234375,42949632.0,42949632.0
0.0,0.0,,0.0,55.690040588378906,3.214901261872072e-11,32869.35487329945,0.0,0.0,0.0,0.0,2.046898771368433e-06,2954.678932325,0.0,0.0,0.0,1774355597.2127388,0.0,3.982421875,43203584.0,43203584.0
0.0,0.0,,0.0,54.98534393310547,3.294338066228697e-11,32814.76119137258,0.0,0.0,0.0,0.0,3.352867224748479e-06,2966.371881634,0.0,0.0,0.0,1774355608.8783252,0.0,4.0390625,43457536.0,43457536.0
0.0,0.0,"{'sha256': 'ae2ccbd7117ba4699c6c760276cc49cd7a4c571df2783eb54b0994907dc69e45', 'path': 'media/html/render_43711488_ae2ccbd7117ba4699c6c.html', 'size': 4780069.0, '_type': 'html-file'}",0.0,52.682647705078125,3.3782955599637177e-11,32781.574169168685,0.0,0.0,0.0,0.0,4.2485235098865815e-06,3005.024738443,0.0,0.0,0.0,1774355659.2245362,0.0,4.244140625,43711488.0,43711488.0
0.0,0.0,,0.0,52.04765319824219,3.276159898923936e-11,32822.11340965302,0.0,0.0,0.0,0.0,3.308331315565738e-06,3016.963645958,0.0,0.0,0.0,1774355659.4466157,0.0,5.361328125,43965440.0,43965440.0
0.0,0.0,,0.0,54.799747467041016,3.273325707708885e-11,32755.677015051777,0.0,0.0,0.0,0.0,3.083798219449818e-06,3028.650598091,0.0,0.0,0.0,1774355671.1629624,0.0,4.6328125,44219392.0,44219392.0
0.0,0.0,,0.0,55.23394775390625,3.31224457583712e-11,32753.381524511842,0.0,0.0,0.0,0.0,3.5838775147567503e-06,3040.324057717,0.0,0.0,0.0,1774355682.8498635,0.0,4.69140625,44473344.0,44473344.0
0.0,0.0,,0.0,54.01885223388672,3.3159041484820406e-11,32862.97305814852,0.0,0.0,0.0,0.0,3.7947638702462427e-06,3051.995554251,0.0,0.0,0.0,1774355694.522807,0.0,4.326171875,44727296.0,44727296.0
0.0,0.0,"{'path': 'media/html/render_44981248_ae2ccbd7117ba4699c6c.html', 'size': 4780069.0, '_type': 'html-file', 'sha256': 'ae2ccbd7117ba4699c6c760276cc49cd7a4c571df2783eb54b0994907dc69e45'}",0.0,52.62254333496094,3.295158590432834e-11,32803.65973221248,0.0,0.0,0.0,0.0,3.255782758060377e-06,3089.131923385,0.0,0.0,0.0,1774355743.3317394,0.0,4.68359375,44981248.0,44981248.0
0.0,0.0,,0.0,54.18413543701172,3.343867890914787e-11,32925.94923128408,0.0,0.0,0.0,0.0,3.817518063442549e-06,3101.064042516,0.0,0.0,0.0,1774355743.5542643,0.0,4.986328125,45235200.0,45235200.0
0.0,0.0,,0.0,53.68622970581055,3.2812471489895856e-11,32688.589083574276,0.0,0.0,0.0,0.0,3.405697498237714e-06,3112.748508936,0.0,0.0,0.0,1774355755.2627547,0.0,4.51171875,45489152.0,45489152.0
0.0,0.0,,0.0,53.34765625,3.259421552104236e-11,32811.724597635446,0.0,0.0,0.0,0.0,3.1775987281434936e-06,3124.417391857,0.0,0.0,0.0,1774355766.9478962,0.0,4.830078125,45743104.0,45743104.0
0.0,0.0,,0.0,54.60790252685547,3.3107180191782604e-11,32804.978174187454,0.0,0.0,0.0,0.0,3.3585533856239635e-06,3136.104529028,0.0,0.0,0.0,1774355778.616773,0.0,4.552734375,45997056.0,45997056.0
0.0,0.0,"{'path': 'media/html/render_46251008_ae2ccbd7117ba4699c6c.html', 'size': 4780069.0, '_type': 'html-file', 'sha256': 'ae2ccbd7117ba4699c6c760276cc49cd7a4c571df2783eb54b0994907dc69e45'}",0.0,53.745445251464844,3.259698760915697e-11,32811.68821043925,0.0,0.0,0.0,0.0,2.9980321869516047e-06,3174.67301044,0.0,0.0,0.0,1774355828.8728054,0.0,4.548828125,46251008.0,46251008.0
0.0,0.0,,0.0,54.55033874511719,3.2579206693528207e-11,32844.028817465965,0.0,0.0,0.0,0.0,2.977052645292133e-06,3186.617561916,0.0,0.0,0.0,1774355829.0887868,0.0,4.716796875,46504960.0,46504960.0
0.0,0.0,,0.0,54.90291213989258,3.2793788518059586e-11,32687.408378076474,0.0,0.0,0.0,0.0,3.2427262794954004e-06,3198.307131539,0.0,0.0,0.0,1774355840.8168678,0.0,4.333984375,46758912.0,46758912.0
0.0,0.0,,0.0,54.54329299926758,3.214191413025702e-11,32728.52543368945,0.0,0.0,0.0,0.0,1.9560450255085016e-06,3209.994481836,0.0,0.0,0.0,1774355852.5064983,0.0,4.3203125,47012864.0,47012864.0
0.0,0.0,,0.0,54.780792236328125,3.3495484164092204e-11,32789.6564404309,0.0,0.0,0.0,0.0,3.702761887325323e-06,3221.673387246,0.0,0.0,0.0,1774355864.193252,0.0,4.333984375,47266816.0,47266816.0
0.0,0.0,"{'path': 'media/html/render_47520768_ae2ccbd7117ba4699c6c.html', 'size': 4780069.0, '_type': 'html-file', 'sha256': 'ae2ccbd7117ba4699c6c760276cc49cd7a4c571df2783eb54b0994907dc69e45'}",0.0,54.19214630126953,3.353530994565368e-11,32784.02093396759,0.0,0.0,0.0,0.0,3.938280315196607e-06,3260.414874009,0.0,0.0,0.0,1774355914.6147015,0.0,4.255859375,47520768.0,47520768.0
0.0,0.0,,0.0,53.188758850097656,3.236654347316126e-11,32818.91366239262,0.0,0.0,0.0,0.0,2.5948208985937526e-06,3272.333529181,0.0,0.0,0.0,1774355914.827449,0.0,4.5546875,47774720.0,47774720.0
0.0,0.0,,0.0,54.399078369140625,3.222953154358166e-11,32699.451160663448,0.0,0.0,0.0,0.0,2.4131038571795216e-06,3283.998956439,0.0,0.0,0.0,1774355926.5323849,0.0,4.21484375,48028672.0,48028672.0
0.0,0.0,,0.0,54.005638122558594,3.3203984700636013e-11,32859.897123638846,0.0,0.0,0.0,0.0,3.594313056964893e-06,3295.666514134,0.0,0.0,0.0,1774355938.1984365,0.0,4.4140625,48282624.0,48282624.0
0.0,0.0,,0.0,54.70658874511719,3.2588206438921574e-11,32832.36408162078,0.0,0.0,0.0,0.0,2.9383097626123345e-06,3307.351855616,0.0,0.0,0.0,1774355949.8657758,0.0,4.498046875,48536576.0,48536576.0
0.0,0.0,"{'_type': 'html-file', 'sha256': 'ae2ccbd7117ba4699c6c760276cc49cd7a4c571df2783eb54b0994907dc69e45', 'path': 'media/html/render_48790528_ae2ccbd7117ba4699c6c.html', 'size': 4780069.0}",0.0,53.42683029174805,3.2692078211216113e-11,32784.36805100902,0.0,0.0,0.0,0.0,2.9915740924479906e-06,3344.600410964,0.0,0.0,0.0,1774355998.8002064,0.0,4.359375,48790528.0,48790528.0
0.0,0.0,,0.0,54.170387268066406,3.382169891374964e-11,32892.9342035017,0.0,0.0,0.0,0.0,4.308897132432321e-06,3356.578706498,0.0,0.0,0.0,1774355999.072637,0.0,4.701171875,49044480.0,49044480.0
0.0,0.0,,0.0,56.120849609375,3.228536535337945e-11,32765.224025512012,0.0,0.0,0.0,0.0,2.7844762371387333e-06,3368.245477873,0.0,0.0,0.0,1774356010.7779799,0.0,3.60546875,49298432.0,49298432.0
0.0,0.0,,0.0,53.416526794433594,3.308034055016229e-11,32816.77713687553,0.0,0.0,0.0,0.0,3.4943950595334172e-06,3379.903664138,0.0,0.0,0.0,1774356022.444824,0.0,4.80078125,49552384.0,49552384.0
0.0,0.0,,0.0,53.99000549316406,3.339349977093953e-11,32907.41422540057,0.0,0.0,0.0,0.0,4.078432084497763e-06,3391.559984915,0.0,0.0,0.0,1774356034.1030037,0.0,4.353515625,49806336.0,49806336.0
0.0,0.0,"{'sha256': 'ae2ccbd7117ba4699c6c760276cc49cd7a4c571df2783eb54b0994907dc69e45', 'path': 'media/html/render_50060288_ae2ccbd7117ba4699c6c.html', 'size': 4780069.0, '_type': 'html-file'}",0.0,55.296024322509766,3.321051419979959e-11,32862.34849749932,0.0,0.0,0.0,0.0,3.509861016937066e-06,3430.699296384,0.0,0.0,0.0,1774356084.899022,0.0,4.38671875,50060288.0,50060288.0
0.0,0.0,,0.0,53.91337585449219,3.3400469889866e-11,32818.69524474695,0.0,0.0,0.0,0.0,4.020727828901727e-06,3442.620284542,0.0,0.0,0.0,1774356085.1232405,0.0,4.046875,50314240.0,50314240.0
0.0,0.0,,0.0,54.207496643066406,3.344802559923643e-11,32735.92960387705,0.0,0.0,0.0,0.0,3.8591620068473276e-06,3454.289479995,0.0,0.0,0.0,1774356096.8196893,0.0,4.662109375,50568192.0,50568192.0
0.0,0.0,,0.0,54.49461364746094,3.364546488637821e-11,32866.16619120888,0.0,0.0,0.0,0.0,4.241732312948443e-06,3465.960358999,0.0,0.0,0.0,1774356108.4888701,0.0,3.927734375,50822144.0,50822144.0
0.0,0.0,,0.0,52.888832092285156,3.3450735237305906e-11,32825.77608585974,0.0,0.0,0.0,0.0,3.877263679896714e-06,3466.812176576,0.0,0.0,0.0,1774356120.1597314,0.0,5.0,51076096.0,51076096.0
