_step,eval/episode_reward_ctrl,_runtime,eval/episode_reward_survive,eval/episode_reward,training/entropy,eval/episode_success_easy,training/sps,training/log_alpha,render,eval/episode_success_any,eval/episode_reward_dist,eval/episode_success,training/alpha_loss,eval/episode_dist,training/actor_loss,eval/episode_reward_near,training/critic_loss,_timestamp,eval/episode_success_hard,step
0.0,,43.335342965,,,,,,,"{'size': 4109993.0, '_type': 'html-file', 'sha256': '36444ded8da86af63c8b3b12bc4b53e4023876d0e40431ceb557461ce60e66ec', 'path': 'media/html/render_0_36444ded8da86af63c8b.html'}",,,,,,,,,1773758324.056994,,
1.0,,96.058672779,,,,,,,"{'_type': 'html-file', 'sha256': 'db7ade444876655d9dd7e2119e28027065ae91839c89ce0fdd370a07febe902e', 'path': 'media/html/render_1_db7ade444876655d9dd7.html', 'size': 4145093.0}",,,,,,,,,1773758376.7804108,,
1333248.0,-1382.973876953125,105.336998784,761.8076171875,0.7197265625,0.0,26.869140625,12183.852264827876,0.0,,0.001953125,0.0,0.7197265625,2.217853546142578,2556.09619140625,-44.90573501586914,0.0,1.7466516494750977,1773758376.9662693,0.0,1333248.0
1587200.0,-1772.8018798828125,114.430552553,810.53515625,0.583984375,0.0,24.2744140625,41974.11994232751,0.0,,0.0078125,0.0,0.583984375,0.028958337381482124,2741.85595703125,-27.276891708374023,0.0,0.4562910497188568,1773758386.05834,0.0,1587200.0
1841152.0,-1517.9993896484375,123.49599106,735.67578125,0.8759765625,0.0,23.3427734375,41982.30748951765,0.0,,0.001953125,0.0,0.8759765625,0.00033668411197140813,2456.740234375,-12.261077880859375,0.0,0.07631104439496994,1773758395.1514173,0.0,1841152.0
2095104.0,-1664.11376953125,132.601890151,834.25390625,0.138671875,0.0,33.3984375,42076.56722374945,0.0,,0.0029296875,0.0,0.138671875,8.238793816417456e-05,2779.20654296875,-5.356264114379883,0.0,0.012808584608137608,1773758404.2169619,0.0,2095104.0
2349056.0,-1812.86279296875,160.898013491,939.986328125,1.1796875,0.0,32.1953125,42026.000773878346,0.0,"{'path': 'media/html/render_2349056_97634e827838c44521b9.html', 'size': 4159121.0, '_type': 'html-file', 'sha256': '97634e827838c44521b94ee350c8809ab06534f51df899d0cc26ff072b94c3a6'}",0.0068359375,0.0,1.1796875,3.882832970703021e-05,3215.77490234375,-2.3540661334991455,0.0,0.002707376377657056,1773758441.619768,0.0,2349056.0
2603008.0,-1814.450439453125,170.179392073,920.126953125,0.0,0.0,12.0927734375,42004.1162662727,0.0,,0.0,0.0,0.0,1.1729233847290743e-05,3092.9130859375,-1.1207153797149658,0.0,0.0013698918046429753,1773758441.7823837,0.0,2603008.0
2856960.0,-1586.5850830078125,179.235653373,812.1435546875,0.0,0.0,5.0048828125,41913.952160846035,0.0,,0.0,0.0,0.0,3.1390129606734263e-06,2767.807373046875,-0.6042757034301758,0.0,0.0013277791440486908,1773758450.9004104,0.0,2856960.0
3110912.0,-1789.315673828125,188.356417071,876.13671875,0.4013671875,0.0,10.6162109375,42069.610632669894,0.0,,0.0009765625,0.0,0.4013671875,-3.898608156305272e-06,2985.615966796875,-0.4410195052623749,0.0,0.0027292929589748383,1773758459.956425,0.0,3110912.0
3364864.0,-1782.38916015625,197.435703244,908.9560546875,0.0,0.0,6.484375,41900.64964706982,0.0,,0.0,0.0,0.0,3.277948962931987e-06,3090.83056640625,-0.3776685297489166,0.0,0.0029064551927149296,1773758469.077381,0.0,3364864.0
3618816.0,-1856.02490234375,225.671640378,912.4599609375,0.0,0.0,9.9052734375,41878.312585083906,0.0,"{'_type': 'html-file', 'sha256': '95af5d520f94727e2e948be70bf7c3f9ef90a270d32dc8e547182b8532204f59', 'path': 'media/html/render_3618816_95af5d520f94727e2e94.html', 'size': 4028137.0}",0.0,0.0,0.0,3.4902075185527792e-06,3052.562255859375,-0.3517637550830841,0.0,0.002150761429220438,1773758506.393406,0.0,3618816.0
3872768.0,-1789.87939453125,234.996983808,905.203125,0.0,0.0,5.8173828125,41936.018517564866,0.0,,0.0,0.0,0.0,5.08383982378291e-06,3050.47021484375,-0.2634725570678711,0.0,0.0013361674500629306,1773758506.6074047,0.0,3872768.0
4126720.0,-1643.95849609375,244.125432453,794.6435546875,0.13671875,0.0,6.28515625,41705.74365980045,0.0,,0.0009765625,0.0,0.13671875,-1.126230984027643e-07,2711.92138671875,-0.22372467815876007,0.0,0.001618342474102974,1773758515.717933,0.0,4126720.0
4380672.0,-1854.08935546875,253.201896276,902.7080078125,0.0,0.0,10.537109375,41846.92876766857,0.0,,0.0,0.0,0.0,-5.544573468796443e-06,3051.4033203125,-0.2586389482021332,0.0,0.002186313970014453,1773758524.8456771,0.0,4380672.0
4634624.0,-1774.78515625,262.30962888,924.9111328125,0.2333984375,0.0,21.4169921875,41876.382953466484,0.0,,0.001953125,0.0,0.2333984375,-5.430810006146203e-07,3089.5068359375,-0.2755778431892395,0.0,0.002215605229139328,1773758533.9229648,0.0,4634624.0
4888576.0,-1800.96435546875,290.618303801,866.19921875,0.0,0.0,17.61328125,41969.902509268904,0.0,"{'size': 4088249.0, '_type': 'html-file', 'sha256': 'c5d5ea9dcf2ec6b0a196f3c0d05342ebce942b12163c83b9e997a492314b30e9', 'path': 'media/html/render_4888576_c5d5ea9dcf2ec6b0a196.html'}",0.0,0.0,0.0,4.122081918467302e-06,2850.96875,-0.3047387897968292,0.0,0.0022504173684865236,1773758571.340066,0.0,4888576.0
5142528.0,-2013.818603515625,299.933645812,932.28515625,0.46484375,0.0,14.552734375,41871.52179461618,0.0,,0.001953125,0.0,0.46484375,-6.062066404410871e-06,3094.2451171875,-0.2683781087398529,0.0,0.0020715612918138504,1773758571.512196,0.0,5142528.0
5396480.0,-1762.458740234375,308.99334469,875.5,0.0,0.0,6.94140625,41758.57690629143,0.0,,0.0,0.0,0.0,3.09077836391225e-06,2944.40869140625,-0.2614205777645111,0.0,0.0021983839105814695,1773758580.654667,0.0,5396480.0
5650432.0,-1889.84375,318.08175819,935.2509765625,0.0,0.0,5.623046875,42005.05713758177,0.0,,0.0,0.0,0.0,2.361587974064605e-07,3205.357421875,-0.2826136648654938,0.0,0.0025479590985924006,1773758589.7143102,0.0,5650432.0
5904384.0,-1938.2254638671875,327.13686466,896.376953125,0.0,0.0,12.3974609375,42107.97361910384,0.0,,0.0,0.0,0.0,1.672272446739953e-06,3010.181396484375,-0.2607586085796356,0.0,0.0026041471865028143,1773758598.8027918,0.0,5904384.0
6158336.0,-1996.00390625,355.80432226,946.2939453125,0.0,0.0,11.7470703125,42039.68333074159,0.0,"{'size': 4141517.0, '_type': 'html-file', 'sha256': 'd0713f564fcde322d9125a73e3761b1add88a50fd4d99d3e5782c5835743b657', 'path': 'media/html/render_6158336_d0713f564fcde322d912.html'}",0.0,0.0,0.0,3.1263093092093186e-07,3151.468505859375,-0.26005303859710693,0.0,0.0024070637300610542,1773758636.5260804,0.0,6158336.0
6412288.0,-2058.83447265625,365.079149767,951.494140625,0.0,0.0,14.2158203125,42135.019541057234,0.0,,0.0,0.0,0.0,3.6959761473553954e-06,3204.772705078125,-0.22081510722637177,0.0,0.0022274849470704794,1773758636.7083185,0.0,6412288.0
6666240.0,-2025.571533203125,374.168507188,933.18359375,0.4755859375,0.0,10.404296875,41828.28201844949,0.0,,0.0009765625,0.0,0.4755859375,-3.844957063847687e-06,3157.320556640625,-0.23002906143665314,0.0,0.0025137695483863354,1773758645.8001602,0.0,6666240.0
6920192.0,-2067.626953125,383.224472238,920.2783203125,0.0,0.0,8.95703125,42089.80372739196,0.0,,0.0,0.0,0.0,6.5851700128405355e-06,3154.386962890625,-0.2623194754123688,0.0,0.002659026300534606,1773758654.8894925,0.0,6920192.0
7174144.0,-1822.68505859375,392.320801304,864.7548828125,0.0,0.0,7.1865234375,42015.43933630594,0.0,,0.0,0.0,0.0,-4.254420673532877e-06,2919.876953125,-0.2634369134902954,0.0,0.0030107980128377676,1773758663.94536,0.0,7174144.0
7428096.0,-1910.441162109375,421.015463803,934.7060546875,0.36328125,0.0,18.58984375,42040.64736711712,0.0,"{'sha256': 'f1eab7fffd7d105472ebff6328a3092d4b9b0f61d505e6be23658050211b78d0', 'path': 'media/html/render_7428096_f1eab7fffd7d105472eb.html', 'size': 4100161.0, '_type': 'html-file'}",0.0009765625,0.0,0.36328125,-1.682547349446395e-06,3174.068603515625,-0.29647010564804077,0.0,0.0036485716700553894,1773758701.7372565,0.0,7428096.0
7682048.0,-2099.515625,430.285372984,935.79296875,0.65234375,0.0,17.76953125,42000.73080345443,0.0,,0.0009765625,0.0,0.65234375,1.3492536936610122e-06,3161.423828125,-0.2685048282146454,0.0,0.002993886126205325,1773758701.9020991,0.0,7682048.0
7936000.0,-2103.241943359375,439.327905143,972.1630859375,0.3701171875,0.0,12.8115234375,42031.35231480016,0.0,,0.0009765625,0.0,0.3701171875,6.665577984676929e-06,3278.13232421875,-0.23759952187538147,0.0,0.002093204762786627,1773758711.0058665,0.0,7936000.0
8189952.0,-1986.9398193359375,448.423323076,932.75390625,0.0,0.0,7.337890625,42117.47412835489,0.0,,0.0,0.0,0.0,-2.3339471511008014e-07,3125.027099609375,-0.22955359518527985,0.0,0.0024047684855759144,1773758720.0489032,0.0,8189952.0
8443904.0,-2057.1884765625,457.480647542,945.640625,0.0,0.0,4.4677734375,42087.72816674574,0.0,,0.0,0.0,0.0,-5.0415724217600655e-06,3207.59912109375,-0.2904419004917145,0.0,0.003084019524976611,1773758729.1442163,0.0,8443904.0
8697856.0,-1926.621826171875,485.651227032,914.2041015625,0.0,0.0,8.314453125,42033.69932984949,0.0,"{'size': 4095617.0, '_type': 'html-file', 'sha256': 'f044bfafd55825c76b0041afe156d417e5c441074c4a5c5ad776102955484815', 'path': 'media/html/render_8697856_f044bfafd55825c76b00.html'}",0.0,0.0,0.0,6.78253491059877e-06,3045.841064453125,-0.3023187518119812,0.0,0.002741626463830471,1773758766.3729692,0.0,8697856.0
8951808.0,-2153.95166015625,494.923382326,964.9892578125,0.0,0.0,13.91796875,41999.07470928758,0.0,,0.0,0.0,0.0,6.802338248235174e-07,3279.4580078125,-0.24715840816497803,0.0,0.002234742743894458,1773758766.5426967,0.0,8951808.0
9205760.0,-1924.7314453125,504.036081103,884.5341796875,0.0,0.0,11.3359375,41753.75778872899,0.0,,0.0,0.0,0.0,-1.22368544452911e-06,2954.201171875,-0.29341262578964233,0.0,0.0030468381009995937,1773758775.6443772,0.0,9205760.0
9459712.0,-2090.73974609375,513.095924514,967.3828125,0.015625,0.0,17.505859375,41921.40512665425,0.0,,0.001953125,0.0,0.015625,2.3357874852081295e-06,3317.269287109375,-0.30777275562286377,0.0,0.0031342131551355124,1773758784.757084,0.0,9459712.0
9713664.0,-1919.6256103515625,522.212652726,862.671875,0.0,0.0,2.080078125,41985.46821757133,0.0,,0.0,0.0,0.0,3.024259967787657e-06,2914.90380859375,-0.3442990481853485,0.0,0.0034820563159883022,1773758793.816463,0.0,9713664.0
9967616.0,-2043.5289306640625,550.87669829,936.5302734375,0.0,0.0,6.330078125,41888.80848202526,0.0,"{'size': 4071069.0, '_type': 'html-file', 'sha256': '6c14a229b53d7a14df231c075995fef611b6a8071f19b9fd9bd01917e3818d1e', 'path': 'media/html/render_9967616_6c14a229b53d7a14df23.html'}",0.0,0.0,0.0,-4.985593477613293e-06,3192.628662109375,-0.33511000871658325,0.0,0.0031993037555366755,1773758831.598475,0.0,9967616.0
10221568.0,-1888.1015625,560.20563838,892.0068359375,0.0,0.0,3.9609375,41912.81910665551,0.0,,0.0,0.0,0.0,-1.0621077308314852e-05,3024.89794921875,-0.314655601978302,0.0,0.003590207314118743,1773758831.7768064,0.0,10221568.0
10475520.0,-1996.55126953125,569.293671688,870.8203125,0.0,0.0,2.982421875,41732.39781234312,0.0,,0.0,0.0,0.0,1.2842536307289265e-05,2975.570556640625,-0.35233238339424133,0.0,0.004624790046364069,1773758840.925907,0.0,10475520.0
10729472.0,-2029.46044921875,578.46023556,907.9052734375,0.0,0.0,9.4267578125,41787.09530979477,0.0,,0.0,0.0,0.0,3.4900351693067933e-06,3070.17578125,-0.3406490683555603,0.0,0.0039338236674666405,1773758850.0146933,0.0,10729472.0
10983424.0,-1644.21044921875,587.550723661,763.392578125,0.0,0.0,3.427734375,41798.715004572085,0.0,,0.0,0.0,0.0,1.7789346884455881e-06,2613.49755859375,-0.3443417251110077,0.0,0.004109558649361134,1773758859.1812034,0.0,10983424.0
11237376.0,-1909.614013671875,615.891654081,914.896484375,0.0,0.0,12.2626953125,41803.59372544144,0.0,"{'size': 4106865.0, '_type': 'html-file', 'sha256': 'c2e140016a732cba7983cd584073f4864c7f6b519d80687bf04ba979cb1a9c53', 'path': 'media/html/render_11237376_c2e140016a732cba7983.html'}",0.0,0.0,0.0,1.255961933566141e-06,3048.51806640625,-0.2726357579231262,0.0,0.0032514233607798815,1773758896.6134415,0.0,11237376.0
11491328.0,-1863.821044921875,625.185269214,916.7509765625,0.2216796875,0.0,12.7578125,41730.872352064,0.0,,0.0009765625,0.0,0.2216796875,-1.9146828833527252e-07,3125.68017578125,-0.30300021171569824,0.0,0.004540739580988884,1773758896.78751,0.0,11491328.0
11745280.0,-1869.4052734375,634.321662155,888.1435546875,0.0,0.0,12.205078125,41607.85487280964,0.0,,0.0,0.0,0.0,3.318646577099571e-06,2925.7958984375,-0.2835228145122528,0.0,0.004351879004389048,1773758905.906292,0.0,11745280.0
11999232.0,-1871.085205078125,643.423746529,893.3994140625,0.0,0.0,6.5498046875,41768.26925359296,0.0,,0.0,0.0,0.0,2.041425204879488e-06,3073.639404296875,-0.23314277827739716,0.0,0.00356283294968307,1773758915.0425913,0.0,11999232.0
12253184.0,-2115.52392578125,652.562763461,925.4150390625,0.0,0.0,8.5849609375,41700.77673389322,0.0,,0.0,0.0,0.0,1.0944754649244715e-06,3115.98779296875,-0.3046121597290039,0.0,0.004000526387244463,1773758924.14463,0.0,12253184.0
12507136.0,-1916.3203125,681.475208074,887.431640625,0.0,0.0,9.353515625,41740.91333525667,0.0,"{'sha256': 'dd3e5b9be66b9a4a8126b4f995b8a1e5499f01856053cac15c79fde0cb506fc9', 'path': 'media/html/render_12507136_dd3e5b9be66b9a4a8126.html', 'size': 4084397.0, '_type': 'html-file'}",0.0,0.0,0.0,-8.52374512305687e-07,3017.11376953125,-0.33305326104164124,0.0,0.0050132120959460735,1773758962.196852,0.0,12507136.0
12761088.0,-1907.47265625,690.862782778,866.263671875,0.0,0.0,7.3984375,41697.45794551745,0.0,,0.0,0.0,0.0,-2.9142190882680552e-08,2947.2548828125,-0.30027395486831665,0.0,0.004513883963227272,1773758962.414177,0.0,12761088.0
13015040.0,-1880.4158935546875,699.964732108,904.6728515625,0.0,0.0,10.16015625,41583.27179983004,0.0,,0.0,0.0,0.0,-3.9114720493671484e-06,3070.66162109375,-0.3597508668899536,0.0,0.005729914177209139,1773758971.5839713,0.0,13015040.0
13268992.0,-1997.9423828125,709.097885992,918.3583984375,0.0,0.0,7.111328125,41688.20632727339,0.0,,0.0,0.0,0.0,6.546436566168268e-07,3175.5380859375,-0.36429792642593384,0.0,0.005604567471891642,1773758980.6851394,0.0,13268992.0
13522944.0,-2000.2978515625,718.193423883,913.466796875,0.017578125,0.0,12.4609375,41771.91057270025,0.0,,0.0009765625,0.0,0.017578125,4.318745141063118e-06,3161.67138671875,-0.30435264110565186,0.0,0.005232658237218857,1773758989.8188744,0.0,13522944.0
13776896.0,-2104.83984375,746.56645455,958.5087890625,0.0,0.0,5.44140625,41736.35341050231,0.0,"{'size': 4031481.0, '_type': 'html-file', 'sha256': '9c64e6ae164d0ea2dc9629e47b15f2a62ad9ab34f3a0fe8ffc3c7a269adf2373', 'path': 'media/html/render_13776896_9c64e6ae164d0ea2dc96.html'}",0.0,0.0,0.0,-5.664921900461195e-06,3214.178955078125,-0.32809001207351685,0.0,0.0065267872996628284,1773759027.2881925,0.0,13776896.0
14030848.0,-1939.844482421875,755.871150648,935.603515625,0.0,0.0,7.6923828125,41779.92764309105,0.0,,0.0,0.0,0.0,4.8961151151161175e-06,3173.861572265625,-0.4068537652492523,0.0,0.007595611736178398,1773759027.4595218,0.0,14030848.0
14284800.0,-2006.366455078125,765.016052831,929.32421875,0.0,0.0,7.9677734375,41521.6302462018,0.0,,0.0,0.0,0.0,-1.8886649968408165e-06,3140.968994140625,-0.4302830696105957,0.0,0.009765404276549816,1773759036.592188,0.0,14284800.0
14538752.0,-2056.19287109375,774.129804581,957.89453125,0.0,0.0,5.501953125,41686.987554392785,0.0,,0.0,0.0,0.0,-2.6617701678333106e-06,3221.60498046875,-0.39490267634391785,0.0,0.008861924521625042,1773759045.7371752,0.0,14538752.0
14792704.0,-2069.19580078125,783.279837246,909.341796875,0.0,0.0,14.8984375,41621.84058232257,0.0,,0.0,0.0,0.0,8.859963600116316e-06,3082.148193359375,-0.37204137444496155,0.0,0.006209652405232191,1773759054.8508077,0.0,14792704.0
15046656.0,-2032.869140625,811.91599693,968.3095703125,0.0,0.0,4.279296875,41675.04832865022,0.0,"{'size': 4074261.0, '_type': 'html-file', 'sha256': '22ed2d4f36bd617de0c6a1b8af1018e947e8aac41a1f40c81a7c267f82443b31', 'path': 'media/html/render_15046656_22ed2d4f36bd617de0c6.html'}",0.0,0.0,0.0,-3.161129029649601e-07,3340.05615234375,-0.32049864530563354,0.0,0.005865299608558416,1773759092.6377506,0.0,15046656.0
15300608.0,-2082.03515625,821.257221658,933.1494140625,1.0439453125,0.0,17.92578125,41713.594860302095,0.0,,0.001953125,0.0,1.0439453125,3.199496859451756e-06,3139.154052734375,-0.2862316966056824,0.0,0.005411920603364706,1773759092.809046,0.0,15300608.0
15554560.0,-1928.359619140625,830.359745709,876.107421875,0.0048828125,0.0,9.482421875,41601.713691823614,0.0,,0.0009765625,0.0,0.0048828125,-5.939798029430676e-06,2983.036376953125,-0.3530502915382385,0.0,0.006586035247892141,1773759101.9782932,0.0,15554560.0
15808512.0,-2005.46875,839.513907514,819.6513671875,0.0,0.0,18.8447265625,41697.28491939322,0.0,,0.0,0.0,0.0,-2.58970749200671e-06,2706.82958984375,-0.32404422760009766,0.0,0.008654910139739513,1773759111.0807726,0.0,15808512.0
16062464.0,-2117.42724609375,848.626139136,927.984375,0.0,0.0,9.12890625,41639.89346898888,0.0,,0.0,0.0,0.0,5.106614025862655e-06,3145.4296875,-0.3441896438598633,0.0,0.01042458787560463,1773759120.2343678,0.0,16062464.0
16316416.0,-2151.48486328125,877.161118912,975.6435546875,0.0,0.0,13.4296875,41640.18973522179,0.0,"{'path': 'media/html/render_16316416_0e28ec658132f7168a34.html', 'size': 4119837.0, '_type': 'html-file', 'sha256': '0e28ec658132f7168a34226f3987cd385421c1852020a0c9e212b2ddccf4349e'}",0.0,0.0,0.0,-3.5714099340111716e-06,3328.580078125,-0.32369503378868103,0.0,0.007487430237233639,1773759157.8828588,0.0,16316416.0
16570368.0,-2075.88232421875,886.485325431,924.9638671875,0.0,0.0,9.3251953125,41658.70170994949,0.0,,0.0,0.0,0.0,2.2741594420949696e-06,3145.64404296875,-0.29106074571609497,0.0,0.006829093210399151,1773759158.0650063,0.0,16570368.0
16824320.0,-2196.80908203125,895.628799147,947.80859375,0.0,0.0,6.8779296875,41505.16760759557,0.0,,0.0,0.0,0.0,-2.3110371785151074e-06,3276.95654296875,-0.34660786390304565,0.0,0.008700361475348473,1773759167.206342,0.0,16824320.0
17078272.0,-2226.96044921875,904.739085067,948.11328125,1.34375,0.0,24.412109375,41710.38673164466,0.0,,0.001953125,0.0,1.34375,1.502618147242174e-06,3141.91455078125,-0.302509605884552,0.0,0.009050186723470688,1773759176.3498118,0.0,17078272.0
17332224.0,-2089.888671875,913.893761345,933.9931640625,0.0048828125,0.0,14.39453125,41647.76874700516,0.0,,0.0009765625,0.0,0.0048828125,1.2909032420793665e-06,3160.220458984375,-0.3232463598251343,0.0,0.010332182981073856,1773759185.4601054,0.0,17332224.0
17586176.0,-1929.953125,942.396824346,883.962890625,0.02734375,0.0,27.666015625,41661.427700077365,0.0,"{'size': 4100953.0, '_type': 'html-file', 'sha256': 'd14961ab9886e265804bf4339fdebdcd2091265736ce1267a04fcf33e3f4a7c5', 'path': 'media/html/render_17586176_d14961ab9886e265804b.html'}",0.0009765625,0.0,0.02734375,3.3880319278978277e-06,2936.486083984375,-0.3273450434207916,0.0,0.008706395514309406,1773759223.118576,0.0,17586176.0
17840128.0,-1669.117431640625,951.755584728,750.1025390625,0.5146484375,0.0,12.419921875,41673.61184191247,0.0,,0.0009765625,0.0,0.5146484375,-5.556866653932957e-06,2504.52001953125,-0.3410476744174957,0.0,0.01129238586872816,1773759223.2943795,0.0,17840128.0
18094080.0,-2148.462890625,960.855184888,916.08984375,0.8837890625,0.0,23.466796875,41463.44261024394,0.0,,0.001953125,0.0,0.8837890625,-1.7569628880664823e-06,3097.24365234375,-0.29617786407470703,0.0,0.010085499845445156,1773759232.476735,0.0,18094080.0
18348032.0,-2101.3623046875,970.001097831,925.1435546875,0.0,0.0,7.3173828125,41720.02567111682,0.0,,0.0,0.0,0.0,5.515903467312455e-06,3130.3642578125,-0.2277822345495224,0.0,0.007400261703878641,1773759241.5764008,0.0,18348032.0
18601984.0,-2070.8388671875,979.092684375,931.1923828125,0.0,0.0,6.92578125,41696.73320417149,0.0,,0.0,0.0,0.0,4.197969246888533e-06,3216.1865234375,-0.25584566593170166,0.0,0.007603655103594065,1773759250.7219512,0.0,18601984.0
18855936.0,-1816.83154296875,1008.409568764,836.349609375,0.0,0.0,5.193359375,41749.47651693611,0.0,"{'size': 4097477.0, '_type': 'html-file', 'sha256': '70bc7a7a5352b3089c9af31e130089ceb204651dcd40613cbf3fe99f112797d1', 'path': 'media/html/render_18855936_70bc7a7a5352b3089c9a.html'}",0.0,0.0,0.0,7.08070047039655e-07,2851.744873046875,-0.21779567003250122,0.0,0.006151401903480291,1773759289.1313365,0.0,18855936.0
19109888.0,-2117.201171875,1017.761490409,906.068359375,0.0,0.0,11.6103515625,41728.913778810784,0.0,,0.0,0.0,0.0,1.3095814210828394e-06,3022.342529296875,-0.289932519197464,0.0,0.007432123646140099,1773759289.3502994,0.0,19109888.0
19363840.0,-1966.5775146484375,1026.913360882,865.052734375,0.0,0.0,17.17578125,41547.48390997893,0.0,,0.0,0.0,0.0,-8.305682968057226e-06,2882.462890625,-0.39569562673568726,0.0,0.011124806478619576,1773759298.4823096,0.0,19363840.0
19617792.0,-2055.321044921875,1036.011121584,912.7607421875,0.0380859375,0.0,13.9853515625,41642.524200161184,0.0,,0.0009765625,0.0,0.0380859375,3.61829120265611e-06,3140.16455078125,-0.42116856575012207,0.0,0.011339203454554081,1773759307.6338098,0.0,19617792.0
19871744.0,-1985.74267578125,1045.168495503,917.4990234375,0.0,0.0,15.7666015625,41729.942088588614,0.0,,0.0,0.0,0.0,3.161621407343773e-06,3112.98974609375,-0.3259488344192505,0.0,0.010532411746680737,1773759316.732171,0.0,19871744.0
20125696.0,-2075.145751953125,1072.992074739,933.962890625,0.626953125,0.0,12.4658203125,41613.6239363375,0.0,"{'sha256': '2c97f274c5d4f10f8e68ee928f8f5444c1979b0d62303034f8649e99463cd057', 'path': 'media/html/render_20125696_2c97f274c5d4f10f8e68.html', 'size': 4046669.0, '_type': 'html-file'}",0.0009765625,0.0,0.626953125,-7.665568659831479e-07,3193.807861328125,-0.3279016315937042,0.0,0.01261125598102808,1773759353.7138052,0.0,20125696.0
20379648.0,-2131.110595703125,1082.328811174,950.6162109375,1.8662109375,0.0,23.884765625,41537.02713993303,0.0,,0.005859375,0.0,1.8662109375,-5.317798240866978e-06,3230.626953125,-0.37399497628211975,0.0,0.012666592374444008,1773759353.8935726,0.0,20379648.0
20633600.0,-2064.74365234375,1091.434179785,952.4541015625,0.0,0.0,17.0361328125,41642.94098015459,0.0,,0.0,0.0,0.0,8.284451723739039e-06,3175.484130859375,-0.4312414824962616,0.0,0.012116868048906326,1773759363.0500104,0.0,20633600.0
20887552.0,-2122.70166015625,1100.584712346,951.0205078125,0.0,0.0,19.3388671875,41677.375288574665,0.0,,0.0,0.0,0.0,2.1289970391080715e-06,3198.168701171875,-0.3419416546821594,0.0,0.009502345696091652,1773759372.1553779,0.0,20887552.0
21141504.0,-2200.6806640625,1109.71889294,939.3232421875,0.6328125,0.0,15.7744140625,41695.08467467323,0.0,,0.0009765625,0.0,0.6328125,1.321193508374563e-06,3213.130615234375,-0.33709388971328735,0.0,0.008543640375137329,1773759381.3055773,0.0,21141504.0
21395456.0,-1961.249755859375,1139.083794411,851.001953125,0.0,0.0,9.9990234375,41643.82015281298,0.0,"{'sha256': 'ce8de07ae7cae9f9fad8c3fb80c189aaa6287a0c248b73fd198b20ad2a0d2f17', 'path': 'media/html/render_21395456_ce8de07ae7cae9f9fad8.html', 'size': 4109201.0, '_type': 'html-file'}",0.0,0.0,0.0,1.0885054280151962e-06,2887.142578125,-0.27200406789779663,0.0,0.0061824447475373745,1773759419.8055508,0.0,21395456.0
21649408.0,-2124.5654296875,1148.422598217,954.3837890625,0.0,0.0,7.125,41689.647083780794,0.0,,0.0,0.0,0.0,8.216562491725199e-06,3201.683349609375,-0.197017103433609,0.0,0.005369900725781918,1773759419.996237,0.0,21649408.0
21903360.0,-2118.57958984375,1157.572016084,950.5146484375,0.0,0.0,13.7236328125,41453.87184111568,0.0,,0.0,0.0,0.0,1.4381815560682298e-07,3083.25048828125,-0.2184308022260666,0.0,0.0055128224194049835,1773759429.1434376,0.0,21903360.0
22157312.0,-2222.807861328125,1166.687463042,929.453125,0.0,0.0,18.9873046875,41644.87683722041,0.0,,0.0,0.0,0.0,4.084086413058685e-06,3134.047119140625,-0.1966971904039383,0.0,0.0059045604430139065,1773759438.293152,0.0,22157312.0
22411264.0,-1982.766845703125,1175.845056366,874.1689453125,0.953125,0.0,32.6982421875,41584.33677806856,0.0,,0.0029296875,0.0,0.953125,-5.692925697076134e-06,2844.5537109375,-0.2884787619113922,0.0,0.007116993423551321,1773759447.408378,0.0,22411264.0
22665216.0,-1824.6837158203125,1203.69360551,817.140625,0.0,0.0,16.7041015625,41627.62003255949,0.0,"{'sha256': 'bd627dd7a7732f440545076de470c19557f1539e9f4bd8c682cb87de556f1b6b', 'path': 'media/html/render_22665216_bd627dd7a7732f440545.html', 'size': 4027409.0, '_type': 'html-file'}",0.0,0.0,0.0,-1.3440761676974944e-06,2744.888427734375,-0.3061419427394867,0.0,0.007061154115945101,1773759484.4153612,0.0,22665216.0
22919168.0,-1964.5140380859375,1213.083882192,910.828125,1.4423828125,0.0,38.3466796875,41634.081317785225,0.0,,0.001953125,0.0,1.4423828125,2.228627181466436e-06,2978.58447265625,-0.29885968565940857,0.0,0.007554955314844847,1773759484.6052408,0.0,22919168.0
23173120.0,-1953.0234375,1222.178221928,898.921875,0.0,0.0,10.94921875,41401.770927165584,0.0,,0.0,0.0,0.0,-2.293008947162889e-06,3027.84130859375,-0.30995622277259827,0.0,0.007687311619520187,1773759493.8049247,0.0,23173120.0
23427072.0,-2028.4698486328125,1231.311970143,945.158203125,0.0009765625,0.0,22.833984375,41751.35846634046,0.0,,0.0009765625,0.0,0.0009765625,1.4698501900056726e-06,3150.77490234375,-0.3221356272697449,0.0,0.008194283582270145,1773759502.8994224,0.0,23427072.0
23681024.0,-2031.5362548828125,1240.411030993,888.060546875,0.8544921875,0.0,27.9140625,41794.63114093353,0.0,,0.0009765625,0.0,0.8544921875,-1.237238848261768e-06,2935.771484375,-0.4047476351261139,0.0,0.011935633607208729,1773759512.0332298,0.0,23681024.0
23934976.0,-1951.0869140625,1269.075327308,896.0009765625,0.9482421875,0.0,27.08984375,41726.80500314924,0.0,"{'size': 4128669.0, '_type': 'html-file', 'sha256': '40e4c35b98c44f949cfa987a0dc294ba531631f9112436956ebbed89b5b83b96', 'path': 'media/html/render_23934976_40e4c35b98c44f949cfa.html'}",0.0009765625,0.0,0.9482421875,-5.038710355620424e-07,2952.30224609375,-0.30978161096572876,0.0,0.00814840104430914,1773759549.797089,0.0,23934976.0
24188928.0,-2100.97265625,1278.390047938,910.9541015625,0.017578125,0.0,43.3544921875,41718.56974230726,0.0,,0.0009765625,0.0,0.017578125,2.7566457561079005e-07,2997.150634765625,-0.33960890769958496,0.0,0.00868993066251278,1773759549.977042,0.0,24188928.0
24442880.0,-1889.4696044921875,1287.520633239,866.521484375,0.8798828125,0.0,28.560546875,41538.80250796193,0.0,,0.0009765625,0.0,0.8798828125,2.515970436434145e-06,2905.21826171875,-0.34913894534111023,0.0,0.009768982417881489,1773759559.1110845,0.0,24442880.0
24696832.0,-2064.53076171875,1296.606917094,913.2919921875,0.6845703125,0.0,36.0048828125,41819.31212950281,0.0,,0.0029296875,0.0,0.6845703125,-1.0073960083900602e-06,2989.034423828125,-0.3381127417087555,0.0,0.011332106776535511,1773759568.2414923,0.0,24696832.0
24950784.0,-2082.822509765625,1305.727202887,938.1474609375,0.0,0.0,13.1806640625,41785.18882772383,0.0,,0.0,0.0,0.0,-6.08884420216782e-07,3143.84228515625,-0.3486413061618805,0.0,0.012476961128413677,1773759577.3278937,0.0,24950784.0
25204736.0,-2140.730712890625,1334.627572241,937.0341796875,0.6943359375,0.0,25.9990234375,41878.19074301564,0.0,"{'size': 4088153.0, '_type': 'html-file', 'sha256': '7ad29e89d1b8cfe15db046ca38175bd678a2c7956645ecb3320ec7b8b2940fe1', 'path': 'media/html/render_25204736_7ad29e89d1b8cfe15db0.html'}",0.001953125,0.0,0.6943359375,-5.681271886714967e-06,3076.87646484375,-0.3611035943031311,0.0,0.0143361147493124,1773759615.3493178,0.0,25204736.0
25458688.0,-2001.177978515625,1343.980520993,881.9912109375,0.0,0.0,29.580078125,41749.21796670871,0.0,,0.0,0.0,0.0,6.640654191869544e-06,2949.607666015625,-0.34604454040527344,0.0,0.012528477236628532,1773759615.5571027,0.0,25458688.0
25712640.0,-1996.2564697265625,1353.076068389,919.259765625,0.0,0.0,10.3037109375,41785.22980788204,0.0,,0.0,0.0,0.0,-4.977825369678612e-07,3078.68212890625,-0.3625328540802002,0.0,0.014172879047691822,1773759624.7015915,0.0,25712640.0
25966592.0,-1965.040771484375,1362.204904045,897.9384765625,1.810546875,0.0,15.3212890625,41742.98263978603,0.0,,0.0029296875,0.0,1.810546875,5.779646471637534e-06,3001.64697265625,-0.3048582375049591,0.0,0.010487896390259266,1773759633.797102,0.0,25966592.0
26220544.0,-2151.5478515625,1371.307859026,926.7490234375,0.9267578125,0.0,38.5673828125,41811.867515241494,0.0,,0.0029296875,0.0,0.9267578125,-3.7259908367559547e-06,2984.460205078125,-0.3775653839111328,0.0,0.014503209851682186,1773759642.9259477,0.0,26220544.0
26474496.0,-1921.211181640625,1400.141223958,878.232421875,0.88671875,0.0,26.54296875,41684.78513356053,0.0,"{'path': 'media/html/render_26474496_12110b5311e7bb62aa03.html', 'size': 4077285.0, '_type': 'html-file', 'sha256': '12110b5311e7bb62aa031da666463fc11f2f01697e669bd8a303cc65cf2e7f41'}",0.0009765625,0.0,0.88671875,1.682673087088915e-06,2930.80810546875,-0.42411547899246216,0.0,0.01632172055542469,1773759680.8629227,0.0,26474496.0
26728448.0,-2043.0853271484375,1409.448575576,898.4560546875,0.83203125,0.0,46.6376953125,41860.174156250665,0.0,,0.0009765625,0.0,0.83203125,-1.1107953241662472e-06,2907.105224609375,-0.4340202808380127,0.0,0.01832215115427971,1773759681.049395,0.0,26728448.0
26982400.0,-2062.093505859375,1418.564594358,884.4765625,2.763671875,0.0,41.908203125,41629.58049768512,0.0,,0.00390625,0.0,2.763671875,-1.0745427061920054e-05,2903.0029296875,-0.30949345231056213,0.0,0.01337013766169548,1773759690.1696026,0.0,26982400.0
27236352.0,-2163.54296875,1427.636520932,915.3798828125,0.005859375,0.0,38.8583984375,41911.97801434098,0.0,,0.001953125,0.0,0.005859375,5.177804723643931e-06,3033.766357421875,-0.39453426003456116,0.0,0.01630595698952675,1773759699.2853374,0.0,27236352.0
27490304.0,-1914.0137939453125,1436.768457462,808.7314453125,1.681640625,0.0,44.9521484375,41926.73666218265,0.0,,0.001953125,0.0,1.681640625,-2.769223783616326e-06,2572.727294921875,-0.37471896409988403,0.0,0.01627509854733944,1773759708.3576894,0.0,27490304.0
27744256.0,-2026.1002197265625,1465.438020239,869.0283203125,0.0,0.0,24.0498046875,41774.45151821026,0.0,"{'size': 4075429.0, '_type': 'html-file', 'sha256': '66036114bcd58ed57a44a9c34f605ddce9fd46983111ef422e12b9f98b8aaa79', 'path': 'media/html/render_27744256_66036114bcd58ed57a44.html'}",0.0,0.0,0.0,-1.0628956260916311e-05,2868.096435546875,-0.4008820056915283,0.0,0.016978539526462555,1773759746.1597688,0.0,27744256.0
27998208.0,-2053.111572265625,1474.752983648,944.2958984375,0.1435546875,0.0,19.1396484375,41853.219857522876,0.0,,0.001953125,0.0,0.1435546875,1.2504729056672659e-05,3212.272705078125,-0.2788163721561432,0.0,0.01354831364005804,1773759746.3340657,0.0,27998208.0
28252160.0,-2053.667724609375,1483.823018996,918.3642578125,0.0,0.0,23.2802734375,41782.50889989593,0.0,,0.0,0.0,0.0,1.2124963859605487e-06,3083.01025390625,-0.3176402151584625,0.0,0.015208877623081207,1773759755.4740245,0.0,28252160.0
28506112.0,-2017.158203125,1492.949103443,898.3076171875,2.1484375,0.0,36.283203125,41919.39893273081,0.0,,0.0048828125,0.0,2.1484375,-2.319746045031934e-06,2901.535400390625,-0.3759641945362091,0.0,0.020069923251867294,1773759764.5439947,0.0,28506112.0
28760064.0,-2001.7984619140625,1502.019449255,891.5712890625,0.0,0.0,11.6591796875,41847.688333632446,0.0,,0.0,0.0,0.0,5.3727239901490975e-06,3039.61328125,-0.32208555936813354,0.0,0.01649465598165989,1773759773.6701906,0.0,28760064.0
29014016.0,-1878.3658447265625,1530.896305756,887.8828125,0.943359375,0.0,25.8154296875,41913.10772454274,0.0,"{'size': 4153813.0, '_type': 'html-file', 'sha256': 'd93fd18c8519b96d262c2b0c37ef0d82dabbd3f5b0648aa30d1021f2561a366a', 'path': 'media/html/render_29014016_d93fd18c8519b96d262c.html'}",0.001953125,0.0,0.943359375,2.725746526266448e-06,2982.80908203125,-0.36715763807296753,0.0,0.019009288400411606,1773759811.6180055,0.0,29014016.0
29267968.0,-2016.8720703125,1540.219882056,951.38671875,0.00390625,0.0,16.6787109375,41904.95373813831,0.0,,0.0009765625,0.0,0.00390625,4.10590757837781e-07,3235.797119140625,-0.29832857847213745,0.0,0.015321750193834305,1773759811.8091147,0.0,29267968.0
29521920.0,-2057.658203125,1549.344687214,915.435546875,0.0,0.0,21.076171875,41546.11616205605,0.0,,0.0,0.0,0.0,1.4265531262935838e-06,3038.33837890625,-0.360751211643219,0.0,0.01662975363433361,1773759820.9408813,0.0,29521920.0
29775872.0,-1923.05517578125,1558.403869344,872.802734375,0.0,0.0,24.435546875,41818.43538231852,0.0,,0.0,0.0,0.0,2.8300969461270142e-06,2886.314208984375,-0.3095768094062805,0.0,0.015312214381992817,1773759830.0655665,0.0,29775872.0
30029824.0,-2156.74072265625,1567.507971941,943.09375,0.162109375,0.0,36.4462890625,41979.8917565102,0.0,,0.0029296875,0.0,0.162109375,-1.0610573326630401e-06,3133.560791015625,-0.45359447598457336,0.0,0.019501933827996254,1773759839.124873,0.0,30029824.0
30283776.0,-1925.85791015625,1596.42755986,887.4580078125,0.982421875,0.0,24.8212890625,41884.95899134953,0.0,"{'sha256': '0ad5e0a50b006020a3588dc96c10b388d38098eeaee2faf7bcbb83deda1f6b67', 'path': 'media/html/render_30283776_0ad5e0a50b006020a358.html', 'size': 4135885.0, '_type': 'html-file'}",0.00390625,0.0,0.982421875,-7.612620720465202e-06,2955.2548828125,-0.4089820683002472,0.0,0.02347482368350029,1773759877.149316,0.0,30283776.0
30537728.0,-1984.355224609375,1605.768770543,872.349609375,1.251953125,0.0,31.7041015625,41942.400835546745,0.0,,0.0087890625,0.0,1.251953125,2.086971562675899e-06,2956.87060546875,-0.3505249321460724,0.0,0.021913621574640274,1773759877.333471,0.0,30537728.0
30791680.0,-1989.51171875,1614.866705368,914.1708984375,0.912109375,0.0,19.296875,41565.92975024975,0.0,,0.001953125,0.0,0.912109375,-7.163324653447489e-07,3082.572509765625,-0.30942586064338684,0.0,0.01992184855043888,1773759886.489878,0.0,30791680.0
31045632.0,-1993.956787109375,1623.9988642,874.453125,0.03515625,0.0,29.62109375,41739.55408559229,0.0,,0.0009765625,0.0,0.03515625,-4.549222921923501e-06,2965.68310546875,-0.3559439778327942,0.0,0.02310708351433277,1773759895.5877237,0.0,31045632.0
31299584.0,-1952.49658203125,1633.094412528,878.5771484375,2.2099609375,0.0,45.259765625,41694.149477772065,0.0,,0.0078125,0.0,2.2099609375,1.4803670183027862e-06,2921.447265625,-0.2925401031970978,0.0,0.020612675696611404,1773759904.7198467,0.0,31299584.0
31553536.0,-1832.1904296875,1661.987366134,833.7958984375,0.0400390625,0.0,18.509765625,41737.92015894668,0.0,"{'size': 4131621.0, '_type': 'html-file', 'sha256': '046a329045010783af5de9fe25d847bb16074a5a98705ab05b4ca5c27a0a4052', 'path': 'media/html/render_31553536_046a329045010783af5d.html'}",0.0009765625,0.0,0.0400390625,5.879275704501197e-06,2812.9580078125,-0.2901717722415924,0.0,0.019012555480003357,1773759942.7091372,0.0,31553536.0
31807488.0,-2033.8802490234375,1671.356151829,939.23046875,0.9267578125,0.0,20.37109375,41931.519861781926,0.0,,0.0009765625,0.0,0.9267578125,6.1426867432601284e-06,3240.47802734375,-0.33141598105430603,0.0,0.019740674644708633,1773759942.9358428,0.0,31807488.0
32061440.0,-2117.00830078125,1680.462385684,936.83203125,0.875,0.0,12.7275390625,41505.37462408409,0.0,,0.0009765625,0.0,0.875,3.398937224119436e-06,3190.833251953125,-0.4689370393753052,0.0,0.023245465010404587,1773759952.0770938,0.0,32061440.0
32315392.0,-1940.28076171875,1689.562193839,874.70703125,0.0,0.0,10.8671875,41866.26188647552,0.0,,0.0,0.0,0.0,-1.0949710258501e-06,2925.36376953125,-0.4661422371864319,0.0,0.023537900298833847,1773759961.183424,0.0,32315392.0
32569344.0,-1995.5169677734375,1698.681363171,880.828125,2.302734375,0.0,30.5654296875,41710.388364985825,0.0,,0.0029296875,0.0,2.302734375,1.2634112636078498e-06,2870.954345703125,-0.46615493297576904,0.0,0.023602942004799843,1773759970.2827132,0.0,32569344.0
32823296.0,-1988.1328125,1726.837001506,892.5302734375,1.5322265625,0.0,24.4267578125,41817.3189784414,0.0,"{'sha256': '6ded80c0ecbde2948ba54dd2546f7a7f38796bc5d549a5651805fc37a20e5668', 'path': 'media/html/render_32823296_6ded80c0ecbde2948ba5.html', 'size': 4219101.0, '_type': 'html-file'}",0.001953125,0.0,1.5322265625,6.712209597026231e-07,2938.41650390625,-0.3781021237373352,0.0,0.021083122119307518,1773760007.558695,0.0,32823296.0
33077248.0,-2035.893310546875,1736.164100387,904.0390625,1.2255859375,0.0,36.89453125,41697.03354437505,0.0,,0.0029296875,0.0,1.2255859375,6.307027433649637e-07,3002.71728515625,-0.4096370339393616,0.0,0.02011142484843731,1773760007.744407,0.0,33077248.0
33331200.0,-2107.42236328125,1745.271907319,921.9296875,0.3408203125,0.0,14.02734375,41717.295275248085,0.0,,0.0009765625,0.0,0.3408203125,1.6911055809032405e-06,3140.90625,-0.46656104922294617,0.0,0.02392849698662758,1773760016.8845804,0.0,33331200.0
33585152.0,-1900.9495849609375,1754.390956981,828.6220703125,0.0,0.0,6.6572265625,41660.15998067557,0.0,,0.0,0.0,0.0,9.68943254520127e-07,2853.56640625,-0.4830273687839508,0.0,0.024904636666178703,1773760025.993005,0.0,33585152.0
33839104.0,-2063.82177734375,1763.494843083,932.345703125,0.0,0.0,21.2939453125,41783.03338470802,0.0,,0.0,0.0,0.0,-2.6526012675276434e-07,3155.4677734375,-0.5297532081604004,0.0,0.026603223755955696,1773760035.11202,0.0,33839104.0
34093056.0,-1918.2342529296875,1792.443690249,892.5673828125,0.6494140625,0.0,23.3525390625,41711.152782690704,0.0,"{'sha256': '5f38e62ea75418569216bf360b5e4d987a892e55b8ee1c39a060ce93bc0eab13', 'path': 'media/html/render_34093056_5f38e62ea75418569216.html', 'size': 4122857.0, '_type': 'html-file'}",0.0009765625,0.0,0.6494140625,4.586635441228282e-06,2992.47314453125,-0.523571789264679,0.0,0.027923209592700005,1773760073.165308,0.0,34093056.0
34347008.0,-2150.34326171875,1801.749490555,939.6689453125,0.900390625,0.0,32.4287109375,41725.97462905414,0.0,,0.0009765625,0.0,0.900390625,-1.1194470062036999e-06,3151.085693359375,-0.5015429854393005,0.0,0.02650848589837551,1773760073.3483777,0.0,34347008.0
34600960.0,-2074.23779296875,1810.868811486,920.525390625,0.0,0.0,11.90625,41617.20744551873,0.0,,0.0,0.0,0.0,-4.352442829258507e-06,3121.75048828125,-0.5179890394210815,0.0,0.02521456964313984,1773760082.4708006,0.0,34600960.0
34854912.0,-1919.226806640625,1819.975879659,858.818359375,0.5390625,0.0,30.494140625,41818.30896300436,0.0,,0.001953125,0.0,0.5390625,3.594666623030207e-06,2868.3994140625,-0.5380223393440247,0.0,0.02632296085357666,1773760091.5896983,0.0,34854912.0
35108864.0,-2047.1468505859375,1829.092449971,921.810546875,0.0,0.0,27.0126953125,41656.11291991489,0.0,,0.0,0.0,0.0,5.386628345149802e-06,3063.4384765625,-0.5026934146881104,0.0,0.0291660875082016,1773760100.6968396,0.0,35108864.0
35362816.0,-2065.124267578125,1858.378394399,897.5966796875,1.8251953125,0.0,33.162109375,41825.19418192025,0.0,"{'size': 4090509.0, '_type': 'html-file', 'sha256': 'fdf23b7dcc2e822ac731f314f50d270f196cfebd770ed0a23036b7fd2c5e1e59', 'path': 'media/html/render_35362816_fdf23b7dcc2e822ac731.html'}",0.001953125,0.0,1.8251953125,-2.5495021418464603e-06,2941.530517578125,-0.5643113851547241,0.0,0.027844110503792763,1773760139.1001463,0.0,35362816.0
35616768.0,-1987.203369140625,1867.769968274,894.0888671875,0.9287109375,0.0,29.3583984375,41679.25237410689,0.0,,0.0009765625,0.0,0.9287109375,3.6016076592204627e-06,2969.474853515625,-0.4676259756088257,0.0,0.02546493150293827,1773760139.337294,0.0,35616768.0
35870720.0,-2007.239990234375,1876.868473261,919.7822265625,0.001953125,0.0,30.0068359375,41655.875073659765,0.0,,0.0009765625,0.0,0.001953125,-3.9535593714390416e-06,3114.46044921875,-0.5728999376296997,0.0,0.027141019701957703,1773760148.4908662,0.0,35870720.0
36124672.0,-1951.212646484375,1885.99066501,863.6259765625,3.103515625,0.0,27.3984375,41724.261678248164,0.0,,0.0087890625,0.0,3.103515625,-5.2339835576731275e-08,2841.705078125,-0.5922996997833252,0.0,0.024586999788880348,1773760157.5895064,0.0,36124672.0
36378624.0,-1952.177734375,1895.0780154,911.5888671875,0.0,0.0,17.4912109375,41784.4954556328,0.0,,0.0,0.0,0.0,1.00598140306829e-06,3073.138671875,-0.39422163367271423,0.0,0.022187089547514915,1773760166.711577,0.0,36378624.0
36632576.0,-1527.231689453125,1923.181347836,687.66015625,1.6220703125,0.0,18.912109375,41795.87097661256,0.0,"{'size': 4108113.0, '_type': 'html-file', 'sha256': '0c326bc4ca988729f534da95d33633955b146f24d35cdce06d5a5a0df0af05b5', 'path': 'media/html/render_36632576_0c326bc4ca988729f534.html'}",0.0029296875,0.0,1.6220703125,-1.553174115542788e-06,2299.47802734375,-0.44391193985939026,0.0,0.02162187732756138,1773760203.903021,0.0,36632576.0
36886528.0,-2106.58544921875,1932.525017266,902.68359375,0.0,0.0,16.3701171875,41756.339086667016,0.0,,0.0,0.0,0.0,-6.992839303165965e-07,3073.0400390625,-0.4584456980228424,0.0,0.02159678377211094,1773760204.1020012,0.0,36886528.0
37140480.0,-1962.1458740234375,1941.651702137,875.546875,0.0,0.0,17.5634765625,41456.993837060894,0.0,,0.0,0.0,0.0,1.1395546607673168e-05,2970.427001953125,-0.43324756622314453,0.0,0.02391069382429123,1773760213.246063,0.0,37140480.0
37394432.0,-2024.0859375,1950.758782761,902.0869140625,0.0048828125,0.0,31.0517578125,41726.13318218483,0.0,,0.0009765625,0.0,0.0048828125,-1.1162756891280878e-05,2998.97998046875,-0.5228148698806763,0.0,0.028957659378647804,1773760222.372754,0.0,37394432.0
37648384.0,-1893.3990478515625,1959.865218934,883.6640625,0.0,0.0,16.1015625,41673.92978447283,0.0,,0.0,0.0,0.0,6.751721684850054e-06,2904.9951171875,-0.5571048855781555,0.0,0.027426067739725113,1773760231.4798496,0.0,37648384.0
37902336.0,-1913.54345703125,1988.891497682,890.228515625,1.0146484375,0.0,27.412109375,41889.31916509542,0.0,"{'size': 4152541.0, '_type': 'html-file', 'sha256': 'd8f2fca1dc3d6ecea7e946abb5d05db09cd7813d7872a1ac1b3eae6757788153', 'path': 'media/html/render_37902336_d8f2fca1dc3d6ecea7e9.html'}",0.0029296875,0.0,1.0146484375,6.846953056083294e-06,2951.95703125,-0.5720100402832031,0.0,0.02652525156736374,1773760269.6132412,0.0,37902336.0
38156288.0,-2096.630859375,1998.218222884,936.9716796875,1.2890625,0.0,29.5458984375,41844.03214797648,0.0,,0.001953125,0.0,1.2890625,-5.6975699180839e-07,3078.078857421875,-0.542156994342804,0.0,0.026137076318264008,1773760269.7973108,0.0,38156288.0
38410240.0,-2084.6630859375,2007.328924193,920.748046875,2.888671875,0.0,44.44140625,41706.765928763176,0.0,,0.009765625,0.0,2.888671875,-1.8342448129260447e-06,2961.68017578125,-0.6431704759597778,0.0,0.031008346006274223,1773760278.9393091,0.0,38410240.0
38664192.0,-1974.5816650390625,2016.448172583,857.92578125,0.33984375,0.0,14.677734375,41635.264449734954,0.0,,0.0009765625,0.0,0.33984375,3.912378360837465e-06,2976.6845703125,-0.6258383989334106,0.0,0.026477105915546417,1773760288.0498486,0.0,38664192.0
38918144.0,-2021.894287109375,2025.534594525,922.9951171875,0.84765625,0.0,24.1376953125,41793.711151683376,0.0,,0.0029296875,0.0,0.84765625,3.5806769460577925e-07,3076.7763671875,-0.42231738567352295,0.0,0.024387795478105545,1773760297.1691556,0.0,38918144.0
39172096.0,-1981.3067626953125,2054.748055852,888.4697265625,0.3515625,0.0,28.771484375,41813.29549375834,0.0,"{'size': 4094141.0, '_type': 'html-file', 'sha256': 'e5b86aa86845eb93ee7553998462d8b718c6a540e14edfcd34bd1206c89a7dad', 'path': 'media/html/render_39172096_e5b86aa86845eb93ee75.html'}",0.00390625,0.0,0.3515625,4.949953563482268e-06,2984.319091796875,-0.447314590215683,0.0,0.025649797171354294,1773760335.4698212,0.0,39172096.0
39426048.0,-2023.6009521484375,2064.074370907,892.87109375,0.013671875,0.0,18.1748046875,41901.56446029807,0.0,,0.0009765625,0.0,0.013671875,-4.370125225250376e-06,3064.430419921875,-0.5007039308547974,0.0,0.02939368598163128,1773760335.669233,0.0,39426048.0
39680000.0,-1936.317138671875,2073.180101464,878.3125,0.0107421875,0.0,20.103515625,41585.32875046372,0.0,,0.001953125,0.0,0.0107421875,7.97984921518946e-06,2988.581787109375,-0.5288300514221191,0.0,0.022045917809009552,1773760344.7955418,0.0,39680000.0
39933952.0,-1909.8583984375,2082.271120657,896.123046875,0.0,0.0,19.7509765625,41878.65835697633,0.0,,0.0,0.0,0.0,-4.065349912707461e-06,3061.55078125,-0.5972261428833008,0.0,0.026261720806360245,1773760353.901243,0.0,39933952.0
40187904.0,-1958.22021484375,2091.393240794,876.212890625,1.9462890625,0.0,14.9794921875,41760.95413615219,0.0,,0.00390625,0.0,1.9462890625,2.022013177338522e-06,2949.82666015625,-0.5988649725914001,0.0,0.02868049405515194,1773760362.9920888,0.0,40187904.0
40441856.0,-1754.837646484375,2119.410494986,793.80078125,0.1943359375,0.0,17.083984375,41787.01006354486,0.0,"{'size': 4095049.0, '_type': 'html-file', 'sha256': '29c3608f12d3c4557cf4ee12e938624b97bf9c41b409fa4d6ddb2e2746c6eeae', 'path': 'media/html/render_40441856_29c3608f12d3c4557cf4.html'}",0.001953125,0.0,0.1943359375,-1.9511116988724098e-06,2709.249267578125,-0.46475309133529663,0.0,0.02528230845928192,1773760400.1322243,0.0,40441856.0
40695808.0,-1815.8223876953125,2128.746151759,790.171875,0.7939453125,0.0,10.6787109375,41796.63525059533,0.0,,0.0009765625,0.0,0.7939453125,-3.9419381892003e-07,2759.8603515625,-0.4515725374221802,0.0,0.02193249948322773,1773760400.316637,0.0,40695808.0
40949760.0,-1960.40771484375,2137.830940661,906.216796875,1.8056640625,0.0,23.126953125,41644.96964565458,0.0,,0.0029296875,0.0,1.8056640625,7.864759368203522e-07,3020.51904296875,-0.5218124985694885,0.0,0.025330068543553352,1773760409.466745,0.0,40949760.0
41203712.0,-2026.0147705078125,2146.949088411,895.80078125,0.0,0.0,7.5126953125,41833.13478485263,0.0,,0.0,0.0,0.0,2.339408410989563e-06,3141.995849609375,-0.6443734765052795,0.0,0.02518797107040882,1773760418.5519283,0.0,41203712.0
41457664.0,-1882.3056640625,2156.038859134,876.697265625,0.0,0.0,8.2373046875,41835.05221715368,0.0,,0.0,0.0,0.0,-7.825979992048815e-06,3040.370361328125,-0.63083815574646,0.0,0.02938995137810707,1773760427.670276,0.0,41457664.0
41711616.0,-1979.296630859375,2185.18329843,905.72265625,0.919921875,0.0,37.0126953125,41794.353991958975,0.0,"{'size': 4140193.0, '_type': 'html-file', 'sha256': '814f4c5db54864cb95e6583dd87299b6c9ee63fa90411c3c009b17baa3314971', 'path': 'media/html/render_41711616_814f4c5db54864cb95e6.html'}",0.001953125,0.0,0.919921875,-3.782363592108595e-06,3001.619873046875,-0.6856560111045837,0.0,0.02725595235824585,1773760465.905068,0.0,41711616.0
41965568.0,-2062.653564453125,2194.557909055,885.1484375,0.470703125,0.0,11.0908203125,41761.39457553322,0.0,,0.001953125,0.0,0.470703125,5.089385012979619e-06,3023.673583984375,-0.6896077990531921,0.0,0.030668240040540695,1773760466.1343572,0.0,41965568.0
42219520.0,-1933.972900390625,2203.666316186,886.0439453125,0.86328125,0.0,13.2998046875,41739.27930219369,0.0,,0.0029296875,0.0,0.86328125,6.231319957805681e-07,3019.34326171875,-0.6094972491264343,0.0,0.02806437574326992,1773760475.2790792,0.0,42219520.0
42473472.0,-2210.54931640625,2212.754022459,947.341796875,0.0244140625,0.0,18.11328125,41877.0612678621,0.0,,0.0009765625,0.0,0.0244140625,9.742508154886309e-06,3180.636474609375,-0.6057369709014893,0.0,0.026645375415682793,1773760484.3875825,0.0,42473472.0
42727424.0,-2156.58740234375,2221.859566119,956.6728515625,2.5869140625,0.0,45.32421875,41808.90354016356,0.0,,0.005859375,0.0,2.5869140625,-4.192239885014715e-06,3162.3701171875,-0.4693511128425598,0.0,0.02199997380375862,1773760493.4746265,0.0,42727424.0
42981376.0,-1915.64013671875,2251.430804044,820.4443359375,1.0966796875,0.0,16.935546875,41970.570626476496,0.0,"{'size': 4050129.0, '_type': 'html-file', 'sha256': 'ffa4e564fd6c503ee88e9a207222db8a352f5941aee36b6c99822e68d822507a', 'path': 'media/html/render_42981376_ffa4e564fd6c503ee88e.html'}",0.001953125,0.0,1.0966796875,9.891278978102491e-07,2746.975341796875,-0.5406937599182129,0.0,0.023636147379875183,1773760532.1525729,0.0,42981376.0
43235328.0,-2014.3170166015625,2260.792714468,905.0419921875,0.0,0.0,15.0517578125,41712.00870242969,0.0,,0.0,0.0,0.0,4.590369826473761e-06,3040.677734375,-0.4065582752227783,0.0,0.028131797909736633,1773760532.3486133,0.0,43235328.0
43489280.0,-2103.164794921875,2269.869262693,958.4755859375,0.0,0.0,8.6044921875,41617.914789995666,0.0,,0.0,0.0,0.0,-1.7265182350456598e-06,3231.184814453125,-0.42154982686042786,0.0,0.02209833823144436,1773760541.513412,0.0,43489280.0
43743232.0,-1680.224853515625,2278.981031069,776.48828125,0.0,0.0,10.310546875,41854.23950131007,0.0,,0.0,0.0,0.0,-2.6312926593163866e-07,2639.060546875,-0.46602627635002136,0.0,0.022754143923521042,1773760550.5905132,0.0,43743232.0
43997184.0,-1830.211181640625,2288.073948696,842.37109375,0.0,0.0,13.037109375,41920.65278143028,0.0,,0.0,0.0,0.0,7.716986146988347e-06,2886.072265625,-0.41575509309768677,0.0,0.020014965906739235,1773760559.7022462,0.0,43997184.0
44251136.0,-2123.181640625,2316.220281663,934.4033203125,2.806640625,0.0,23.205078125,41760.965597282295,0.0,"{'sha256': '4d577976e77072e8de541b303da4ace0d320b69480f187f1d5feaa8a15cedc89', 'path': 'media/html/render_44251136_4d577976e77072e8de54.html', 'size': 4155417.0, '_type': 'html-file'}",0.0048828125,0.0,2.806640625,1.2714525610135752e-06,3133.02294921875,-0.4055282771587372,0.0,0.0193083006888628,1773760596.9418824,0.0,44251136.0
44505088.0,-2053.64111328125,2325.525638952,947.49609375,0.0,0.0,15.9072265625,41854.711514530376,0.0,,0.0,0.0,0.0,-2.5163124064420117e-06,3210.452392578125,-0.47647202014923096,0.0,0.020206863060593605,1773760597.1229575,0.0,44505088.0
44759040.0,-1935.7457275390625,2334.645096103,891.6513671875,0.287109375,0.0,21.7724609375,41587.25763095444,0.0,,0.0009765625,0.0,0.287109375,7.47991805383208e-07,3066.474365234375,-0.38441941142082214,0.0,0.018229730427265167,1773760606.2467906,0.0,44759040.0
45012992.0,-2052.5400390625,2343.729682423,905.017578125,0.810546875,0.0,24.556640625,41873.89214760655,0.0,,0.001953125,0.0,0.810546875,-8.896325198293198e-06,2993.505615234375,-0.5374327898025513,0.0,0.023556772619485855,1773760615.366021,0.0,45012992.0
45266944.0,-2096.56298828125,2352.859777556,929.830078125,0.0,0.0,29.859375,41815.69209069845,0.0,,0.0,0.0,0.0,-8.943415537032706e-07,3082.26708984375,-0.4921172559261322,0.0,0.02232450433075428,1773760624.4507785,0.0,45266944.0
45520896.0,-1737.179443359375,2382.111530925,762.15234375,0.0009765625,0.0,23.2724609375,41782.628546834414,0.0,"{'size': 4096477.0, '_type': 'html-file', 'sha256': '2a136754debfe156795b277e297ee105d61509f105503aa22e2c6357891c2192', 'path': 'media/html/render_45520896_2a136754debfe156795b.html'}",0.0009765625,0.0,0.0009765625,1.3099914895065012e-06,2592.029296875,-0.5334276556968689,0.0,0.02125849947333336,1773760662.833273,0.0,45520896.0
45774848.0,-2131.716064453125,2391.501312221,958.9443359375,0.1845703125,0.0,12.83203125,41770.33144317837,0.0,,0.0009765625,0.0,0.1845703125,4.096439624845516e-06,3259.244140625,-0.5431110262870789,0.0,0.024370355531573296,1773760663.0776405,0.0,45774848.0
46028800.0,-2118.791015625,2400.592695103,955.9609375,0.0,0.0,13.7138671875,41757.74199308528,0.0,,0.0,0.0,0.0,2.3071149826137116e-06,3261.09423828125,-0.6414807438850403,0.0,0.02530396357178688,1773760672.2221422,0.0,46028800.0
46282752.0,-1901.32373046875,2409.716780401,882.703125,0.0,0.0,17.4443359375,41770.96537398409,0.0,,0.0,0.0,0.0,5.138615051691886e-06,2981.26611328125,-0.47265172004699707,0.0,0.020255601033568382,1773760681.3137267,0.0,46282752.0
46536704.0,-2123.31591796875,2418.793938598,941.060546875,1.4345703125,0.0,15.1416015625,41816.36515705597,0.0,,0.001953125,0.0,1.4345703125,-2.638165142343496e-06,3223.6416015625,-0.5374284982681274,0.0,0.02262871339917183,1773760690.4376392,0.0,46536704.0
46790656.0,-2026.759765625,2447.039374257,942.23828125,0.0,0.0,23.2841796875,41847.443362376296,0.0,"{'_type': 'html-file', 'sha256': 'a39961431876e42e59f1edf6479b3e3ed132bf6050eb86ba58e851ab64840f9d', 'path': 'media/html/render_46790656_a39961431876e42e59f1.html', 'size': 4080725.0}",0.0,0.0,0.0,1.020626427816751e-06,3144.526611328125,-0.5732800364494324,0.0,0.021616581827402115,1773760727.7611344,0.0,46790656.0
47044608.0,-1896.6904296875,2456.369135419,870.900390625,1.662109375,0.0,10.25390625,41856.047024241336,0.0,,0.001953125,0.0,1.662109375,-9.317868716607336e-06,2929.234375,-0.577057957649231,0.0,0.025742704048752785,1773760727.9628823,0.0,47044608.0
47298560.0,-2124.78564453125,2465.483664125,970.861328125,0.0,0.0,13.1787109375,41610.07843057134,0.0,,0.0,0.0,0.0,3.833300525002414e-06,3293.63330078125,-0.616593599319458,0.0,0.02489819936454296,1773760737.0898776,0.0,47298560.0
47552512.0,-2142.98046875,2474.603294409,948.349609375,0.890625,0.0,11.5595703125,41874.71195713836,0.0,,0.0009765625,0.0,0.890625,3.3084274946304504e-06,3230.1884765625,-0.5963812470436096,0.0,0.027828363701701164,1773760746.2047465,0.0,47552512.0
47806464.0,-2140.07421875,2483.726993301,939.6552734375,0.0,0.0,27.12890625,41739.330006000986,0.0,,0.0,0.0,0.0,8.090976734820288e-06,3119.08935546875,-0.5146657824516296,0.0,0.024214092642068863,1773760755.324424,0.0,47806464.0
48060416.0,-2012.60888671875,2512.969969034,923.0888671875,0.126953125,0.0,15.96875,41851.14125374583,0.0,"{'size': 4054973.0, '_type': 'html-file', 'sha256': '2cdb62ed69e8eb54532343f3f3dbc60a7bf22cb58464f3c0569b75de3fd634f4', 'path': 'media/html/render_48060416_2cdb62ed69e8eb545323.html'}",0.00390625,0.0,0.126953125,-9.555432143315556e-07,3180.1318359375,-0.6886823177337646,0.0,0.026436906307935715,1773760793.6917393,0.0,48060416.0
48314368.0,-2103.27978515625,2522.324888962,967.697265625,0.00390625,0.0,24.8681640625,41723.933160818044,0.0,,0.0009765625,0.0,0.00390625,5.974929081276059e-06,3296.369140625,-0.7540255188941956,0.0,0.02630053460597992,1773760793.8960238,0.0,48314368.0
48568320.0,-2023.0546875,2531.437120968,916.6083984375,0.0,0.0,13.6611328125,41753.147293780334,0.0,,0.0,0.0,0.0,4.005648406746332e-06,3086.34033203125,-0.5083152651786804,0.0,0.02287225052714348,1773760803.046077,0.0,48568320.0
48822272.0,-2086.246337890625,2540.548497035,936.42578125,1.9140625,0.0,44.1767578125,41794.61802137257,0.0,,0.0029296875,0.0,1.9140625,-6.321983619272942e-06,3124.43359375,-0.5011323690414429,0.0,0.02405795454978943,1773760812.1579754,0.0,48822272.0
49076224.0,-1963.1173095703125,2549.662448812,891.7509765625,0.0,0.0,21.3125,41948.70744956761,0.0,,0.0,0.0,0.0,-2.0997813408030197e-06,3010.59130859375,-0.5621490478515625,0.0,0.024121472612023354,1773760821.2695167,0.0,49076224.0
49330176.0,-1788.8106689453125,2577.663821057,830.7666015625,0.9208984375,0.0,29.2509765625,41788.931467294016,0.0,"{'size': 4072493.0, '_type': 'html-file', 'sha256': 'e4a3084119a3b3f5ecac797212be5e0362f130d143dfe6c23d18a2621f07ab7d', 'path': 'media/html/render_49330176_e4a3084119a3b3f5ecac.html'}",0.0009765625,0.0,0.9208984375,5.067094662081217e-06,2785.44384765625,-0.693852961063385,0.0,0.02864646725356579,1773760858.3855762,0.0,49330176.0
49584128.0,-1963.03857421875,2587.051886742,911.873046875,0.0,0.0,16.7333984375,41957.12968631729,0.0,,0.0,0.0,0.0,-2.1369519345171284e-06,3082.620849609375,-0.6569127440452576,0.0,0.026389842852950096,1773760858.6352522,0.0,49584128.0
49838080.0,-2137.68994140625,2596.170408839,907.044921875,0.005859375,0.0,15.796875,41728.04735681309,0.0,,0.0009765625,0.0,0.005859375,-3.843235845124582e-06,3054.46142578125,-0.7644730806350708,0.0,0.027516892179846764,1773760867.7729528,0.0,49838080.0
50092032.0,-1963.98828125,2605.279999101,897.744140625,0.11328125,0.0,29.8154296875,41888.707994242126,0.0,,0.0029296875,0.0,0.11328125,5.318807325238595e-06,2986.535888671875,-0.663705050945282,0.0,0.026072602719068527,1773760876.8911614,0.0,50092032.0
50345984.0,-1841.1083984375,2614.393292802,823.33203125,0.8037109375,0.0,24.296875,41796.333473837934,0.0,,0.001953125,0.0,0.8037109375,8.09055450190499e-07,2760.261962890625,-0.7861390113830566,0.0,0.028645163401961327,1773760886.0012145,0.0,50345984.0
50599936.0,-2003.553466796875,2643.744243803,877.380859375,1.640625,0.0,26.943359375,41921.42987531117,0.0,"{'size': 4111657.0, '_type': 'html-file', 'sha256': '30045e479392ba27942b4b8dd235ac751e4f5bd28ff50aa025520ac5820f426f', 'path': 'media/html/render_50599936_30045e479392ba27942b.html'}",0.001953125,0.0,1.640625,-4.991704258827667e-07,2943.931884765625,-0.6604624390602112,0.0,0.023049049079418182,1773760924.4658203,0.0,50599936.0
50853888.0,-1980.841796875,2653.099596443,888.8896484375,0.6171875,0.0,29.1708984375,41716.69891676594,0.0,,0.0009765625,0.0,0.6171875,-4.189842854884773e-07,2946.568115234375,-0.7765824198722839,0.0,0.026033557951450348,1773760924.6586573,0.0,50853888.0
51107840.0,-1874.330322265625,2662.203342585,876.96484375,1.38671875,0.0,14.048828125,41663.58854104123,0.0,,0.00390625,0.0,1.38671875,4.415046987560345e-06,2984.7080078125,-0.901193380355835,0.0,0.029827691614627838,1773760933.820632,0.0,51107840.0
51361792.0,-1944.959716796875,2671.331784962,878.810546875,1.4296875,0.0,22.146484375,41843.60147032769,0.0,,0.001953125,0.0,1.4296875,1.7664624465396628e-06,2944.331787109375,-0.7737777233123779,0.0,0.025640860199928284,1773760942.924375,0.0,51361792.0
51615744.0,-1958.511474609375,2672.143166504,871.990234375,2.6904296875,0.0,36.341796875,41811.49330251841,0.0,,0.0048828125,0.0,2.6904296875,-5.412613973021507e-06,2892.2705078125,-0.6600874662399292,0.0,0.025069447234272957,1773760952.052788,0.0,51615744.0
