training/log_alpha,eval/episode_reward_ctrl,eval/episode_reward_dist,_runtime,eval/episode_success_easy,eval/episode_success_hard,eval/episode_dist,eval/episode_success,step,_step,eval/episode_success_any,eval/episode_reward,eval/episode_reward_near,training/entropy,training/actor_loss,training/sps,render,_timestamp,training/critic_loss,eval/episode_reward_survive,training/alpha_loss
,,,27.316835195,,,,,,0.0,,,,,,,"{'sha256': '0700d3780afb3a54cdb1a357cfd5d083bde8cfff3d3917af66b66d7ba21af01e', 'path': 'media/html/render_0_0700d3780afb3a54cdb1.html', 'size': 942001, '_type': 'html-file'}",1773900049.8048847,,,
,,,63.851755392,,,,,,1.0,,,,,,,"{'size': 941209, '_type': 'html-file', 'sha256': '2f61ff2d00da3a08ffc0d42e87c4f79231fe6a5255808cb27c3c87ab4fe5368d', 'path': 'media/html/render_1_2f61ff2d00da3a08ffc0.html'}",1773900086.3398075,,,
0.0,0.0,-146.36328125,71.552164604,0.0,0.0,146.36328125,106.6044921875,1333248.0,1333248.0,0.9619140625,106.6044921875,0.0,0.0,-14.785369873046875,12443.809775603162,,1773900086.5038626,0.03520449995994568,0.0,0.5792139172554016
0.0,0.0,-115.71549224853516,79.421915504,0.0,0.0,115.71549224853516,266.0830078125,1587200.0,1587200.0,0.9296875,266.0830078125,0.0,0.0,-11.144316673278809,37275.280984324636,,1773900094.0394998,0.045864470303058624,0.0,0.007744208909571171
0.0,0.0,-111.26345825195312,87.57730104,0.0,0.0,111.26345825195312,277.2578125,1841152.0,1841152.0,1.0,277.2578125,0.0,0.0,-7.1162614822387695,35532.82359091079,,1773900101.909449,0.09868016093969345,0.0,-7.352496322710067e-05
0.0,0.0,-108.15943145751953,95.662592028,0.0,0.0,108.15943145751953,268.1767578125,2095104.0,2095104.0,0.9873046875,268.1767578125,0.0,0.0,-5.162364482879639,34174.599130818424,,1773900110.0646074,0.19773951172828674,0.0,-9.374888031743467e-05
0.0,0.0,-108.06978607177734,112.784709815,0.0,0.0,108.06978607177734,263.24609375,2349056.0,2349056.0,0.9375,263.24609375,0.0,0.0,-4.340958118438721,34486.67603517152,"{'sha256': '5318ffd88af0a34a2ad355cfa2f5a0df2d3f23a54818d9e8323a99073ca6a515', 'path': 'media/html/render_2349056_5318ffd88af0a34a2ad3.html', 'size': 933425, '_type': 'html-file'}",1773900135.272816,0.33080920577049255,0.0,-0.0001348219666397199
0.0,0.0,-83.5641860961914,121.003359026,0.0,0.0,83.5641860961914,438.4619140625,2603008.0,2603008.0,0.98046875,438.4619140625,0.0,0.0,-4.356074333190918,34776.04691282529,,1773900135.4219003,0.4892611503601074,0.0,-9.196224709739909e-05
0.0,0.0,-84.76499938964844,129.213167897,0.0,0.0,84.76499938964844,372.6201171875,2856960.0,2856960.0,0.810546875,372.6201171875,0.0,0.0,-4.97483491897583,34587.35776948096,,1773900143.4910667,0.6314623355865479,0.0,-9.342105477117002e-05
0.0,0.0,-66.70449829101562,137.335981643,0.0,0.0,66.70449829101562,556.61328125,3110912.0,3110912.0,0.939453125,556.61328125,0.0,0.0,-5.410933017730713,33913.454806465525,,1773900151.7006075,0.7474991679191589,0.0,-0.00012883401359431446
0.0,0.0,-64.2198715209961,145.415496191,0.0,0.0,64.2198715209961,563.486328125,3364864.0,3364864.0,0.783203125,563.486328125,0.0,0.0,-8.06900691986084,34307.52342404291,,1773900159.8235705,1.007350206375122,0.0,-0.0002610453520901501
0.0,0.0,-58.35131072998047,162.885338492,0.0,0.0,58.35131072998047,627.767578125,3618816.0,3618816.0,0.8876953125,627.767578125,0.0,0.0,-11.765410423278809,34514.54277256906,"{'size': 914097, '_type': 'html-file', 'sha256': '0bd483d9db144da2830ce79e058b7a6d1760e75f57835e1ff78a6757e2b2bdab', 'path': 'media/html/render_3618816_0bd483d9db144da2830c.html'}",1773900185.3735173,1.3622488975524902,0.0,-0.00015654195158276707
0.0,0.0,-53.277122497558594,171.254735112,0.0,0.0,53.277122497558594,613.1923828125,3872768.0,3872768.0,0.8779296875,613.1923828125,0.0,0.0,-14.896592140197754,34245.85433177218,,1773900185.5401514,1.573966383934021,0.0,-5.23342278029304e-05
0.0,0.0,-45.47925567626953,179.437973175,0.0,0.0,45.47925567626953,702.6123046875,4126720.0,4126720.0,0.9443359375,702.6123046875,0.0,0.0,-18.91131019592285,33977.70077289363,,1773900193.7424505,1.6479486227035522,0.0,-0.00011557961261132732
0.0,0.0,-42.04216766357422,187.590481842,0.0,0.0,42.04216766357422,775.3515625,4380672.0,4380672.0,0.9306640625,775.3515625,0.0,0.0,-23.171688079833984,34031.36424546578,,1773900201.924956,1.800328016281128,0.0,-8.074266224866733e-05
0.0,0.0,-43.241783142089844,195.7422885,0.0,0.0,43.241783142089844,710.396484375,4634624.0,4634624.0,0.8828125,710.396484375,0.0,0.0,-28.34309196472168,34180.57920818133,,1773900210.0780952,1.9158421754837036,0.0,-9.523023618385196e-05
0.0,0.0,-38.579959869384766,213.05619053,0.0,0.0,38.579959869384766,796.4326171875,4888576.0,4888576.0,0.927734375,796.4326171875,0.0,0.0,-31.77877426147461,34179.59865229005,"{'size': 910505, '_type': 'html-file', 'sha256': '76bc1f3a431a9d1412fc9d7115f5e233e090d5367131e4c05391559846a881c7', 'path': 'media/html/render_4888576_76bc1f3a431a9d1412fc.html'}",1773900235.5443497,2.0905258655548096,0.0,-7.052213186398149e-05
0.0,0.0,-38.33367156982422,221.400630177,0.0,0.0,38.33367156982422,816.3896484375,5142528.0,5142528.0,0.9169921875,816.3896484375,0.0,0.0,-35.47726058959961,33891.26164481671,,1773900235.7004175,2.137225866317749,0.0,6.258595931285527e-06
0.0,0.0,-31.369483947753906,229.536310165,0.0,0.0,31.369483947753906,844.6572265625,5396480.0,5396480.0,0.9326171875,844.6572265625,0.0,0.0,-39.64720153808594,34029.36700275752,,1773900243.8882365,2.2194316387176514,0.0,-5.432893522083759e-05
0.0,0.0,-30.95539093017578,237.694825509,0.0,0.0,30.95539093017578,871.017578125,5650432.0,5650432.0,0.9580078125,871.017578125,0.0,0.0,-43.498817443847656,34246.90916391198,,1773900252.0239935,2.285874128341675,0.0,-2.2697435269947164e-05
0.0,0.0,-31.638877868652344,245.921120883,0.0,0.0,31.638877868652344,874.9345703125,5904384.0,5904384.0,0.9619140625,874.9345703125,0.0,0.0,-44.79094314575195,34150.39205818115,,1773900260.1824286,2.3811488151550293,0.0,-4.807608638657257e-05
0.0,0.0,-27.265522003173828,263.211222293,0.0,0.0,27.265522003173828,923.689453125,6158336.0,6158336.0,0.9873046875,923.689453125,0.0,0.0,-47.5758056640625,33853.18550896171,"{'size': 911477, '_type': 'html-file', 'sha256': '7faf414596bf04dae1f77bde81be3a875cb3f195784d91770ee74ba6e11f9210', 'path': 'media/html/render_6158336_7faf414596bf04dae1f7.html'}",1773900285.6993816,2.340986967086792,0.0,3.5146756999893114e-05
0.0,0.0,-27.905353546142578,271.562664249,0.0,0.0,27.905353546142578,923.9501953125,6412288.0,6412288.0,0.994140625,923.9501953125,0.0,0.0,-50.33817672729492,33955.30007480577,,1773900285.8452642,2.2264256477355957,0.0,7.645272125955671e-05
0.0,0.0,-30.93971824645996,279.733741427,0.0,0.0,30.93971824645996,902.7158203125,6666240.0,6666240.0,0.98828125,902.7158203125,0.0,0.0,-52.315589904785156,33943.5488508672,,1773900294.0502236,2.187080144882202,0.0,5.247037915978581e-05
0.0,0.0,-28.2889404296875,287.967344649,0.0,0.0,28.2889404296875,903.8720703125,6920192.0,6920192.0,0.98828125,903.8720703125,0.0,0.0,-55.0072135925293,34096.77960410865,,1773900302.2213132,2.0682852268218994,0.0,3.032603308383841e-05
0.0,0.0,-26.143470764160156,296.208131056,0.0,0.0,26.143470764160156,935.25390625,7174144.0,7174144.0,0.9853515625,935.25390625,0.0,0.0,-56.844390869140625,33814.92967396008,,1773900310.454958,1.9966742992401123,0.0,0.00011793474550358951
0.0,0.0,-27.105628967285156,313.808588867,0.0,0.0,27.105628967285156,934.3623046875,7428096.0,7428096.0,0.9931640625,934.3623046875,0.0,0.0,-56.827537536621094,33780.06482779841,"{'size': 910661, '_type': 'html-file', 'sha256': '00e6fd24a332de4edbad4bccc44bd8c92e9c1d5d93b93fd92f3b147692c1d0e0', 'path': 'media/html/render_7428096_00e6fd24a332de4edbad.html'}",1773900336.2967227,2.0160303115844727,0.0,-0.0001103243266697973
0.0,0.0,-26.680118560791016,322.158595575,0.0,0.0,26.680118560791016,931.6513671875,7682048.0,7682048.0,0.986328125,931.6513671875,0.0,0.0,-60.10301971435547,33958.93421287928,,1773900336.450763,1.8742274045944214,0.0,3.423108864808455e-05
0.0,0.0,-26.920185089111328,330.371575063,0.0,0.0,26.920185089111328,941.7001953125,7936000.0,7936000.0,0.994140625,941.7001953125,0.0,0.0,-61.629417419433594,34013.506111610914,,1773900344.6461692,1.8249177932739258,0.0,-1.910315222630743e-05
0.0,0.0,-27.69784927368164,338.584583455,0.0,0.0,27.69784927368164,948.1640625,8189952.0,8189952.0,0.9921875,948.1640625,0.0,0.0,-62.935001373291016,33903.24538636263,,1773900352.8593009,1.7528163194656372,0.0,9.976153523894027e-05
0.0,0.0,-26.592845916748047,346.779668,0.0,0.0,26.592845916748047,945.580078125,8443904.0,8443904.0,0.9951171875,945.580078125,0.0,0.0,-62.82478332519531,33902.22025038105,,1773900361.0722058,1.7275100946426392,0.0,6.288055737968534e-05
0.0,0.0,-24.87576675415039,364.131435427,0.0,0.0,24.87576675415039,952.9638671875,8697856.0,8697856.0,0.9931640625,952.9638671875,0.0,0.0,-65.66558074951172,33985.34701487204,"{'sha256': '99ec0965ad03f6086b5d019bcef62a7126655b5f66310083425ad44031c4fd6a', 'path': 'media/html/render_8697856_99ec0965ad03f6086b5d.html', 'size': 909457, '_type': 'html-file'}",1773900386.619593,1.5914802551269531,0.0,-0.00010134439799003303
0.0,0.0,-23.28620147705078,372.511712765,0.0,0.0,23.28620147705078,964.8173828125,8951808.0,8951808.0,1.0,964.8173828125,0.0,0.0,-66.13569641113281,33971.94532451307,,1773900386.7871473,1.5658237934112549,0.0,0.00014041070244275033
0.0,0.0,-22.03125762939453,380.761744243,0.0,0.0,22.03125762939453,962.2021484375,9205760.0,9205760.0,0.99609375,962.2021484375,0.0,0.0,-67.56792449951172,33923.916715634354,,1773900394.9993484,1.5203397274017334,0.0,2.138848685717676e-05
0.0,0.0,-22.919612884521484,388.961608033,0.0,0.0,22.919612884521484,965.904296875,9459712.0,9459712.0,1.0,965.904296875,0.0,0.0,-67.29105377197266,33733.45928554614,,1773900403.249386,1.487418532371521,0.0,5.900963515159674e-05
0.0,0.0,-21.038772583007812,397.188291004,0.0,0.0,21.038772583007812,965.7861328125,9713664.0,9713664.0,0.998046875,965.7861328125,0.0,0.0,-69.14144897460938,33955.01647804396,,1773900411.4492824,1.4287036657333374,0.0,2.5240009563276544e-05
0.0,0.0,-22.85668182373047,414.560084812,0.0,0.0,22.85668182373047,967.8173828125,9967616.0,9967616.0,1.0,967.8173828125,0.0,0.0,-69.54866790771484,33830.33509323391,"{'_type': 'html-file', 'sha256': '6e16742c9e612465ee72e145ef5595deb581f4c2524555b1a62eadefd754107b', 'path': 'media/html/render_9967616_6e16742c9e612465ee72.html', 'size': 910789}",1773900437.0482423,1.3842726945877075,0.0,5.999761197017506e-05
0.0,0.0,-22.371322631835938,422.972739202,0.0,0.0,22.371322631835938,959.615234375,10221568.0,10221568.0,0.9970703125,959.615234375,0.0,0.0,-70.25897216796875,33814.72248811407,,1773900437.2112536,1.3669244050979614,0.0,3.641476359916851e-05
0.0,0.0,-23.316631317138672,431.232724063,0.0,0.0,23.316631317138672,955.4296875,10475520.0,10475520.0,1.0,955.4296875,0.0,0.0,-72.23251342773438,33754.23957465962,,1773900445.4599018,1.2803831100463867,0.0,0.00010060452041216195
0.0,0.0,-24.306299209594727,439.50098301,0.0,0.0,24.306299209594727,965.2900390625,10729472.0,10729472.0,0.9990234375,965.2900390625,0.0,0.0,-75.25008392333984,33685.80707204933,,1773900453.7204523,1.1559033393859863,0.0,-1.7712847693474032e-05
0.0,0.0,-23.801359176635742,447.771604889,0.0,0.0,23.801359176635742,964.779296875,10983424.0,10983424.0,0.99609375,964.779296875,0.0,0.0,-77.48181915283203,33652.21147724306,,1773900461.9886663,1.0900505781173706,0.0,0.00010421754996059462
0.0,0.0,-21.628643035888672,465.216070695,0.0,0.0,21.628643035888672,970.17578125,11237376.0,11237376.0,0.9990234375,970.17578125,0.0,0.0,-80.013916015625,33782.51720198348,"{'size': 907917, '_type': 'html-file', 'sha256': '2fe937d5b34206c5b4a32fd58c07101e5de6df0429c9c25c8206db2595a3428a', 'path': 'media/html/render_11237376_2fe937d5b34206c5b4a3.html'}",1773900487.7042542,0.923926055431366,0.0,0.00010159960947930813
0.0,0.0,-20.892234802246094,473.599161783,0.0,0.0,20.892234802246094,968.8486328125,11491328.0,11491328.0,1.0,968.8486328125,0.0,0.0,-82.41340637207031,33775.24575543753,,1773900487.8634546,0.7805868983268738,0.0,0.00012118141603423283
0.0,0.0,-21.75384521484375,481.860136375,0.0,0.0,21.75384521484375,971.400390625,11745280.0,11745280.0,1.0,971.400390625,0.0,0.0,-84.16107940673828,33856.767687996115,,1773900496.0867822,0.6391847133636475,0.0,5.603172394330613e-05
0.0,0.0,-23.96342658996582,490.139136306,0.0,0.0,23.96342658996582,944.287109375,11999232.0,11999232.0,0.994140625,944.287109375,0.0,0.0,-85.19117736816406,33686.67426942916,,1773900504.3478725,0.5909841656684875,0.0,4.080943836015649e-05
0.0,0.0,-21.14119529724121,498.39641554,0.0,0.0,21.14119529724121,969.1162109375,12253184.0,12253184.0,1.0,969.1162109375,0.0,0.0,-87.2820053100586,33608.15380381531,,1773900512.6267636,0.4566749632358551,0.0,5.75776539335493e-05
0.0,0.0,-19.91669464111328,515.842080611,0.0,0.0,19.91669464111328,967.7236328125,12507136.0,12507136.0,0.998046875,967.7236328125,0.0,0.0,-88.62133026123047,33706.54894182858,"{'size': 909481, '_type': 'html-file', 'sha256': 'f4ffa5a61c617a6228f4e053fb481e05ebf9370d7c465604a6d32db205dad64a', 'path': 'media/html/render_12507136_f4ffa5a61c617a6228f4.html'}",1773900538.3301678,0.36572888493537903,0.0,8.711984992260113e-05
0.0,0.0,-21.95480728149414,524.237732204,0.0,0.0,21.95480728149414,962.849609375,12761088.0,12761088.0,1.0,962.849609375,0.0,0.0,-90.15603637695312,33780.967954329826,,1773900538.4812872,0.284353107213974,0.0,9.842296276474372e-05
0.0,0.0,-25.458595275878906,532.489186106,0.0,0.0,25.458595275878906,949.7607421875,13015040.0,13015040.0,0.994140625,949.7607421875,0.0,0.0,-91.40093994140625,33768.01811863445,,1773900546.7249603,0.2382231205701828,0.0,2.6034796974272467e-05
0.0,0.0,-23.878551483154297,540.758009274,0.0,0.0,23.878551483154297,955.755859375,13268992.0,13268992.0,0.998046875,955.755859375,0.0,0.0,-92.36418914794922,33735.71577433537,,1773900554.97679,0.20099769532680511,0.0,3.2261788874166086e-05
0.0,0.0,-22.210140228271484,548.985132583,0.0,0.0,22.210140228271484,972.1416015625,13522944.0,13522944.0,1.0,972.1416015625,0.0,0.0,-93.10081481933594,33652.01265969315,,1773900563.2454093,0.15818169713020325,0.0,4.188987804809585e-05
0.0,0.0,-21.430383682250977,566.280666307,0.0,0.0,21.430383682250977,962.748046875,13776896.0,13776896.0,1.0,962.748046875,0.0,0.0,-93.83625030517578,33840.00501357934,"{'_type': 'html-file', 'sha256': '0afef8643ec4fbcc7357ba8a7a023773f4df2100cc890e9b34ae7e7b987cdc6d', 'path': 'media/html/render_13776896_0afef8643ec4fbcc7357.html', 'size': 908597}",1773900588.768803,0.1340416669845581,0.0,6.068691800464876e-05
0.0,0.0,-22.971405029296875,574.723159686,0.0,0.0,22.971405029296875,972.7607421875,14030848.0,14030848.0,1.0,972.7607421875,0.0,0.0,-94.2682113647461,33718.80053048413,,1773900588.9207337,0.12249967455863953,0.0,4.103462561033666e-05
0.0,0.0,-23.912445068359375,582.997731241,0.0,0.0,23.912445068359375,972.1455078125,14284800.0,14284800.0,1.0,972.1455078125,0.0,0.0,-94.78455352783203,33588.75296746638,,1773900597.2105205,0.10143910348415375,0.0,3.85155544790905e-06
0.0,0.0,-24.80777931213379,591.247754213,0.0,0.0,24.80777931213379,948.9072265625,14538752.0,14538752.0,1.0,948.9072265625,0.0,0.0,-95.14443969726562,33627.02926466627,,1773900605.4852774,0.08568965643644333,0.0,3.9464492147089913e-05
0.0,0.0,-22.404756546020508,599.487370189,0.0,0.0,22.404756546020508,968.701171875,14792704.0,14792704.0,1.0,968.701171875,0.0,0.0,-95.44425201416016,33728.747488136614,,1773900613.7353184,0.08214139938354492,0.0,-1.8108571566699538e-06
0.0,0.0,-25.318300247192383,616.859055613,0.0,0.0,25.318300247192383,948.947265625,15046656.0,15046656.0,0.9970703125,948.947265625,0.0,0.0,-95.89628601074219,33781.150085341535,"{'size': 912889, '_type': 'html-file', 'sha256': '37bfc31e42ce20b346850b0247becf1391ffa06f66ceeaac5a84f17e16700352', 'path': 'media/html/render_15046656_37bfc31e42ce20b34685.html'}",1773900639.347078,0.07183200120925903,0.0,2.8005411877529696e-05
0.0,0.0,-21.45769500732422,625.275472567,0.0,0.0,21.45769500732422,973.857421875,15300608.0,15300608.0,1.0,973.857421875,0.0,0.0,-96.11801147460938,33646.79108480234,,1773900639.5057466,0.06400025635957718,0.0,1.750100818753708e-05
0.0,0.0,-21.145530700683594,633.517192058,0.0,0.0,21.145530700683594,967.30078125,15554560.0,15554560.0,1.0,967.30078125,0.0,0.0,-96.46063232421875,33717.16639961098,,1773900647.762658,0.057933516800403595,0.0,-6.0688084886351135e-06
0.0,0.0,-20.797372817993164,641.75803441,0.0,0.0,20.797372817993164,975.115234375,15808512.0,15808512.0,1.0,975.115234375,0.0,0.0,-96.64453887939453,33763.12435623062,,1773900656.0046928,0.05155085027217865,0.0,1.970373523363378e-05
0.0,0.0,-22.48320770263672,650.003820346,0.0,0.0,22.48320770263672,976.5556640625,16062464.0,16062464.0,1.0,976.5556640625,0.0,0.0,-96.74561309814453,33766.27966437617,,1773900664.245694,0.048472560942173004,0.0,7.633859240741003e-06
0.0,0.0,-22.268291473388672,667.296960709,0.0,0.0,22.268291473388672,975.2802734375,16316416.0,16316416.0,1.0,975.2802734375,0.0,0.0,-96.86650085449219,33756.30628126371,"{'size': 915649, '_type': 'html-file', 'sha256': '13758e06666e5079446c0fba3386f4d0fd071366b50ea301810654e30abeb2ec', 'path': 'media/html/render_16316416_13758e06666e5079446c.html'}",1773900689.7850933,0.04467329755425453,0.0,-6.84121096128365e-06
0.0,0.0,-22.260086059570312,675.722092106,0.0,0.0,22.260086059570312,975.8154296875,16570368.0,16570368.0,1.0,975.8154296875,0.0,0.0,-97.0881576538086,33804.89856780659,,1773900689.9359517,0.040930092334747314,0.0,2.403164944553282e-05
0.0,0.0,-21.547439575195312,683.95729252,0.0,0.0,21.547439575195312,970.9873046875,16824320.0,16824320.0,1.0,970.9873046875,0.0,0.0,-97.18194580078125,33634.906140668594,,1773900698.209557,0.04051367938518524,0.0,1.9150267689838074e-05
0.0,0.0,-22.750246047973633,692.217357712,0.0,0.0,22.750246047973633,968.7119140625,17078272.0,17078272.0,0.9990234375,968.7119140625,0.0,0.0,-97.35169219970703,33800.85218069294,,1773900706.4448516,0.038135480135679245,0.0,7.040596301521873e-07
0.0,0.0,-21.94805145263672,700.45148542,0.0,0.0,21.94805145263672,974.9189453125,17332224.0,17332224.0,1.0,974.9189453125,0.0,0.0,-97.44174194335938,33701.894776489265,,1773900714.7048047,0.0417918935418129,0.0,-1.898159462143667e-05
0.0,0.0,-20.730384826660156,718.3732288,0.0,0.0,20.730384826660156,977.3701171875,17586176.0,17586176.0,1.0,977.3701171875,0.0,0.0,-97.54889678955078,33805.18395405029,"{'size': 912377, '_type': 'html-file', 'sha256': '071515f9f19c3f1348811392823ea14f54cf75458a56feaa303e1ed634519afd', 'path': 'media/html/render_17586176_071515f9f19c3f134881.html'}",1773900740.8613875,0.043629832565784454,0.0,1.992409124795813e-05
0.0,0.0,-23.668529510498047,726.766759025,0.0,0.0,23.668529510498047,967.3671875,17840128.0,17840128.0,1.0,967.3671875,0.0,0.0,-97.51678466796875,33784.897063153556,,1773900741.0203693,0.046194229274988174,0.0,1.465881632611854e-05
0.0,0.0,-20.757823944091797,735.027473137,0.0,0.0,20.757823944091797,977.81640625,18094080.0,18094080.0,1.0,977.81640625,0.0,0.0,-97.53777313232422,33821.452495303696,,1773900749.254287,0.043435968458652496,0.0,1.9681687035699724e-07
0.0,0.0,-22.962688446044922,743.26724714,0.0,0.0,22.962688446044922,976.197265625,18348032.0,18348032.0,1.0,976.197265625,0.0,0.0,-97.5047378540039,33694.599368017414,,1773900757.515192,0.04341461509466171,0.0,7.54638767830329e-06
0.0,0.0,-23.958515167236328,751.501488291,0.0,0.0,23.958515167236328,969.1103515625,18601984.0,18601984.0,1.0,969.1103515625,0.0,0.0,-97.54786682128906,33781.542209361905,,1773900765.7548025,0.046271905303001404,0.0,-2.1860114429728128e-05
0.0,0.0,-21.241506576538086,769.040656133,0.0,0.0,21.241506576538086,977.0302734375,18855936.0,18855936.0,1.0,977.0302734375,0.0,0.0,-97.62857055664062,33805.82877304308,"{'size': 912569, '_type': 'html-file', 'sha256': '9cd1c23a60bd5a2d8d3199a61b67ebb88f26c435aa46dc617a04d9c14c839722', 'path': 'media/html/render_18855936_9cd1c23a60bd5a2d8d31.html'}",1773900791.528785,0.04266970604658127,0.0,-8.637937867206347e-07
0.0,0.0,-22.158954620361328,777.448032154,0.0,0.0,22.158954620361328,975.4599609375,19109888.0,19109888.0,1.0,975.4599609375,0.0,0.0,-97.63706970214844,33653.17370232594,,1773900791.6857212,0.043943215161561966,0.0,8.62163506099023e-06
0.0,0.0,-20.74785041809082,785.688718325,0.0,0.0,20.74785041809082,977.427734375,19363840.0,19363840.0,1.0,977.427734375,0.0,0.0,-97.66886138916016,33761.50518859356,,1773900799.9352293,0.04373842105269432,0.0,1.9118484487989917e-05
0.0,0.0,-21.69476318359375,793.912347608,0.0,0.0,21.69476318359375,978.5478515625,19617792.0,19617792.0,1.0,978.5478515625,0.0,0.0,-97.69815063476562,33769.97944693866,,1773900808.1762786,0.043767862021923065,0.0,-2.4423256945738103e-06
0.0,0.0,-21.52935218811035,802.174191868,0.0,0.0,21.52935218811035,977.4375,19871744.0,19871744.0,1.0,977.4375,0.0,0.0,-97.6275863647461,33851.08863426966,,1773900816.3997388,0.04525028541684151,0.0,2.6522475309320726e-06
0.0,0.0,-21.49271583557129,819.640251117,0.0,0.0,21.49271583557129,974.640625,20125696.0,20125696.0,1.0,974.640625,0.0,0.0,-97.64796447753906,33671.23865549337,"{'size': 911805, '_type': 'html-file', 'sha256': 'cc7e5418c1929e5cc6bc33c5f4b7f659aabab35ba5c2e96cbdaae338a6af8ec0', 'path': 'media/html/render_20125696_cc7e5418c1929e5cc6bc.html'}",1773900842.1283891,0.046443644911050797,0.0,-1.622222589503508e-05
0.0,0.0,-21.854856491088867,828.042570658,0.0,0.0,21.854856491088867,973.6767578125,20379648.0,20379648.0,0.998046875,973.6767578125,0.0,0.0,-97.63032531738281,33648.059123687504,,1773900842.279063,0.04744940251111984,0.0,1.9272472854936495e-05
0.0,0.0,-22.716537475585938,836.258913382,0.0,0.0,22.716537475585938,977.091796875,20633600.0,20633600.0,1.0,977.091796875,0.0,0.0,-97.70453643798828,33735.646322971515,,1773900850.5301564,0.04209872707724571,0.0,3.1787380976311397e-06
0.0,0.0,-22.995304107666016,844.479292354,0.0,0.0,22.995304107666016,977.1669921875,20887552.0,20887552.0,1.0,977.1669921875,0.0,0.0,-97.74568939208984,33883.000183419266,,1773900858.7463434,0.04307551681995392,0.0,4.005730431799748e-07
0.0,0.0,-23.552410125732422,852.726222635,0.0,0.0,23.552410125732422,979.2529296875,21141504.0,21141504.0,1.0,979.2529296875,0.0,0.0,-97.76812744140625,33858.224880072354,,1773900866.9668508,0.050050441175699234,0.0,1.0544458746153396e-05
0.0,0.0,-21.805465698242188,870.09354348,0.0,0.0,21.805465698242188,975.255859375,21395456.0,21395456.0,0.9990234375,975.255859375,0.0,0.0,-97.77006530761719,33756.62722113871,"{'size': 908593, '_type': 'html-file', 'sha256': '5dde04425d4bc7459b92ebeb0236c5b274c136b690738132b09b03fa8c52e345', 'path': 'media/html/render_21395456_5dde04425d4bc7459b92.html'}",1773900892.5815654,0.04282147437334061,0.0,5.121030881127808e-06
0.0,0.0,-22.352201461791992,878.493912725,0.0,0.0,22.352201461791992,979.37109375,21649408.0,21649408.0,1.0,979.37109375,0.0,0.0,-97.79026794433594,33776.47958120854,,1773900892.7352674,0.044306907802820206,0.0,4.774046374222962e-06
0.0,0.0,-21.994009017944336,886.745896786,0.0,0.0,21.994009017944336,979.224609375,21903360.0,21903360.0,1.0,979.224609375,0.0,0.0,-97.7445297241211,33874.254734579794,,1773900900.9813714,0.049167994409799576,0.0,-3.46426600117411e-06
0.0,0.0,-22.161161422729492,894.965572877,0.0,0.0,22.161161422729492,976.37890625,22157312.0,22157312.0,1.0,976.37890625,0.0,0.0,-97.79652404785156,33719.495430995106,,1773900909.2334993,0.04124384745955467,0.0,9.504312856734032e-07
0.0,0.0,-21.699256896972656,903.220962731,0.0,0.0,21.699256896972656,979.96484375,22411264.0,22411264.0,1.0,979.96484375,0.0,0.0,-97.86226654052734,33879.02775037802,,1773900917.4529781,0.044476959854364395,0.0,1.0937346814898774e-05
0.0,0.0,-21.902870178222656,920.788618877,0.0,0.0,21.902870178222656,979.9140625,22665216.0,22665216.0,1.0,979.9140625,0.0,0.0,-97.854736328125,33706.211887602745,"{'_type': 'html-file', 'sha256': '86c525d26c3b2eebe7efbde18dc8ac4279fd0427d30cbd3dd317cdf39a9df99d', 'path': 'media/html/render_22665216_86c525d26c3b2eebe7ef.html', 'size': 911637}",1773900943.2766972,0.039180900901556015,0.0,7.858785465941764e-06
0.0,0.0,-21.768421173095703,929.197097607,0.0,0.0,21.768421173095703,974.7509765625,22919168.0,22919168.0,1.0,974.7509765625,0.0,0.0,-97.88590240478516,33642.58056337507,,1773900943.4449222,0.04309113696217537,0.0,1.3559852050093468e-06
0.0,0.0,-22.16916275024414,937.44795473,0.0,0.0,22.16916275024414,979.6708984375,23173120.0,23173120.0,1.0,979.6708984375,0.0,0.0,-97.90796661376953,33794.439161566894,,1773900951.684551,0.0412503145635128,0.0,1.242399048351217e-05
0.0,0.0,-23.298660278320312,945.695317263,0.0,0.0,23.298660278320312,978.8544921875,23427072.0,23427072.0,1.0,978.8544921875,0.0,0.0,-97.89827728271484,33731.892100952726,,1773900959.935324,0.03927437961101532,0.0,-1.5409075786010362e-05
0.0,0.0,-24.04974365234375,953.926871515,0.0,0.0,24.04974365234375,978.9794921875,23681024.0,23681024.0,0.9990234375,978.9794921875,0.0,0.0,-97.97345733642578,33738.21835118264,,1773900968.1830745,0.03805433213710785,0.0,1.1006371096300427e-05
0.0,0.0,-23.521587371826172,971.547103198,0.0,0.0,23.521587371826172,979.0068359375,23934976.0,23934976.0,1.0,979.0068359375,0.0,0.0,-97.97472381591797,33812.13663589852,"{'_type': 'html-file', 'sha256': '9e69794dfca2b3754e23dcc676fb29f6ad27935dce7442b1e162333ef6aaf4f9', 'path': 'media/html/render_23934976_9e69794dfca2b3754e23.html', 'size': 912925}",1773900994.0352693,0.04179973155260086,0.0,3.8864986890985165e-06
0.0,0.0,-25.740381240844727,979.990190525,0.0,0.0,25.740381240844727,969.6767578125,24188928.0,24188928.0,1.0,969.6767578125,0.0,0.0,-98.04344177246094,33737.73319412353,,1773900994.2213643,0.03833584114909172,0.0,-3.213923264411278e-06
0.0,0.0,-22.926433563232422,988.235094856,0.0,0.0,22.926433563232422,978.72265625,24442880.0,24442880.0,1.0,978.72265625,0.0,0.0,-98.05000305175781,33752.152800096,,1773901002.4774983,0.03659014403820038,0.0,6.0773759287258144e-06
0.0,0.0,-23.359134674072266,996.484321263,0.0,0.0,23.359134674072266,975.3515625,24696832.0,24696832.0,1.0,975.3515625,0.0,0.0,-98.0838394165039,33754.5187578169,,1773901010.7226007,0.040306612849235535,0.0,2.8828128506575013e-06
0.0,0.0,-23.514331817626953,1004.735929619,0.0,0.0,23.514331817626953,977.63671875,24950784.0,24950784.0,1.0,977.63671875,0.0,0.0,-98.10064697265625,33735.36317806289,,1773901018.971737,0.03706115856766701,0.0,6.339078026940115e-06
0.0,0.0,-23.25571060180664,1022.39265945,0.0,0.0,23.25571060180664,977.6806640625,25204736.0,25204736.0,1.0,977.6806640625,0.0,0.0,-98.15786743164062,33724.58690447944,"{'size': 907741, '_type': 'html-file', 'sha256': 'ae469b18eba63e5febab596a631056cf1f5ca00484ded6474aa18e82956a281f', 'path': 'media/html/render_25204736_ae469b18eba63e5febab.html'}",1773901044.8808382,0.03743454068899155,0.0,-1.0638586900313385e-06
0.0,0.0,-23.21747589111328,1030.806320413,0.0,0.0,23.21747589111328,980.0166015625,25458688.0,25458688.0,1.0,980.0166015625,0.0,0.0,-98.19274139404297,33714.92199599834,,1773901045.0407073,0.034814417362213135,0.0,4.086323315277696e-06
0.0,0.0,-22.76827049255371,1039.07091823,0.0,0.0,22.76827049255371,980.458984375,25712640.0,25712640.0,1.0,980.458984375,0.0,0.0,-98.2203598022461,33734.9112245287,,1773901053.293571,0.03162488713860512,0.0,9.429562624063692e-07
0.0,0.0,-21.48664093017578,1047.313361013,0.0,0.0,21.48664093017578,980.341796875,25966592.0,25966592.0,1.0,980.341796875,0.0,0.0,-98.24128723144531,33663.44582636273,,1773901061.5586207,0.029235925525426865,0.0,1.0486340215720702e-05
0.0,0.0,-23.276418685913086,1055.55741716,0.0,0.0,23.276418685913086,975.732421875,26220544.0,26220544.0,1.0,975.732421875,0.0,0.0,-98.19867706298828,33757.27018904767,,1773901069.8009748,0.03269672766327858,0.0,1.7946320440387353e-05
0.0,0.0,-25.1446533203125,1073.061105134,0.0,0.0,25.1446533203125,971.970703125,26474496.0,26474496.0,1.0,971.970703125,0.0,0.0,-98.28509521484375,33768.40886728977,"{'path': 'media/html/render_26474496_3e97f38cc04120ae9599.html', 'size': 914117, '_type': 'html-file', 'sha256': '3e97f38cc04120ae95991a8cd4491a474a7a795dedf50b36c3845a0b3be7b250'}",1773901095.5492454,0.028684621676802635,0.0,-2.512785158614861e-06
0.0,0.0,-23.245939254760742,1081.481704412,0.0,0.0,23.245939254760742,975.0556640625,26728448.0,26728448.0,1.0,975.0556640625,0.0,0.0,-98.30464935302734,33728.448438646185,,1773901095.697829,0.026986844837665558,0.0,4.504246135184076e-06
0.0,0.0,-23.640384674072266,1089.737250821,0.0,0.0,23.640384674072266,973.7412109375,26982400.0,26982400.0,0.9990234375,973.7412109375,0.0,0.0,-98.33233642578125,33648.99772533621,,1773901103.9694324,0.02679094485938549,0.0,-6.081883725528314e-07
0.0,0.0,-21.76475715637207,1097.978294374,0.0,0.0,21.76475715637207,980.498046875,27236352.0,27236352.0,1.0,980.498046875,0.0,0.0,-98.35273742675781,33705.370348092016,,1773901112.2246494,0.02537013776600361,0.0,2.854717877198709e-06
0.0,0.0,-21.687091827392578,1106.240864087,0.0,0.0,21.687091827392578,979.21875,27490304.0,27490304.0,1.0,979.21875,0.0,0.0,-98.40341186523438,33788.83458904662,,1773901120.4658687,0.023361332714557648,0.0,2.686753532543662e-06
0.0,0.0,-23.372936248779297,1123.537396186,0.0,0.0,23.372936248779297,979.404296875,27744256.0,27744256.0,1.0,979.404296875,0.0,0.0,-98.41697692871094,33675.48616462106,"{'size': 912969, '_type': 'html-file', 'sha256': '947587dcb759db18cdfbabfa5eaf5aff5b16a217271a9b913dd88039c822357d', 'path': 'media/html/render_27744256_947587dcb759db18cdfb.html'}",1773901146.0255566,0.027545679360628128,0.0,5.043087185185868e-06
0.0,0.0,-23.359786987304688,1131.964358496,0.0,0.0,23.359786987304688,978.541015625,27998208.0,27998208.0,1.0,978.541015625,0.0,0.0,-98.39443969726562,33700.626941856164,,1773901146.195124,0.02559507265686989,0.0,6.257259883568622e-06
0.0,0.0,-24.676294326782227,1140.243468605,0.0,0.0,24.676294326782227,971.3408203125,28252160.0,28252160.0,1.0,971.3408203125,0.0,0.0,-98.4742660522461,33729.58165063347,,1773901154.4519777,0.022897211834788322,0.0,-1.538129367872898e-06
0.0,0.0,-22.657360076904297,1148.49440138,0.0,0.0,22.657360076904297,979.896484375,28506112.0,28506112.0,1.0,979.896484375,0.0,0.0,-98.46389770507812,33611.51460975701,,1773901162.730774,0.022010037675499916,0.0,3.6869953419227386e-06
0.0,0.0,-22.788299560546875,1156.75805455,0.0,0.0,22.788299560546875,977.3486328125,28760064.0,28760064.0,1.0,977.3486328125,0.0,0.0,-98.47442626953125,33733.71141609287,,1773901170.981966,0.024157600477337837,0.0,-7.998180990398396e-06
0.0,0.0,-22.849857330322266,1173.752203151,0.0,0.0,22.849857330322266,979.98046875,29014016.0,29014016.0,1.0,979.98046875,0.0,0.0,-98.51164245605469,33672.47234534368,"{'size': 909877, '_type': 'html-file', 'sha256': '5eaa5fed939ab38bd138c632620f593afb5ba2d4c66e60681bbdfe445128695b', 'path': 'media/html/render_29014016_5eaa5fed939ab38bd138.html'}",1773901196.2403615,0.022173255681991577,0.0,1.8549040987636545e-06
0.0,0.0,-24.999174118041992,1182.219821868,0.0,0.0,24.999174118041992,980.4892578125,29267968.0,29267968.0,1.0,980.4892578125,0.0,0.0,-98.49142456054688,33729.13412426638,,1773901196.426184,0.022533314302563667,0.0,4.632656782632694e-06
0.0,0.0,-23.696414947509766,1190.460427448,0.0,0.0,23.696414947509766,978.5009765625,29521920.0,29521920.0,1.0,978.5009765625,0.0,0.0,-98.51240539550781,33618.44302360234,,1773901204.7072172,0.01927822269499302,0.0,3.155955255351728e-06
0.0,0.0,-22.226539611816406,1198.685882052,0.0,0.0,22.226539611816406,975.9296875,29775872.0,29775872.0,1.0,975.9296875,0.0,0.0,-98.55160522460938,33771.45487569026,,1773901212.9481795,0.018415825441479683,0.0,2.0558574931328621e-07
0.0,0.0,-25.278308868408203,1206.942265074,0.0,0.0,25.278308868408203,977.4375,30029824.0,30029824.0,1.0,977.4375,0.0,0.0,-98.608154296875,33841.177989506854,,1773901221.1730008,0.019675886258482933,0.0,-6.725434559484711e-06
0.0,0.0,-22.464580535888672,1224.518652387,0.0,0.0,22.464580535888672,979.2802734375,30283776.0,30283776.0,1.0,979.2802734375,0.0,0.0,-98.60750579833984,33698.91141170964,"{'size': 911017, '_type': 'html-file', 'sha256': '5e8f7eaa6076082bffb473ce0584176930b6f4e7b37b584cf55ce72083e8f5ec', 'path': 'media/html/render_30283776_5e8f7eaa6076082bffb4.html'}",1773901247.0068018,0.021125013008713722,0.0,1.2404660083120689e-05
0.0,0.0,-24.12094497680664,1232.964432817,0.0,0.0,24.12094497680664,977.0380859375,30537728.0,30537728.0,1.0,977.0380859375,0.0,0.0,-98.58206176757812,33799.21115982827,,1773901247.1808307,0.0186022762209177,0.0,-9.41197413339978e-06
0.0,0.0,-22.264610290527344,1241.212952065,0.0,0.0,22.264610290527344,981.10546875,30791680.0,30791680.0,1.0,981.10546875,0.0,0.0,-98.57273864746094,33661.377709030574,,1773901255.4520779,0.02000557817518711,0.0,1.1975002053077333e-05
0.0,0.0,-23.642602920532227,1249.462738795,0.0,0.0,23.642602920532227,980.66796875,31045632.0,31045632.0,1.0,980.66796875,0.0,0.0,-98.55362701416016,33735.426217461434,,1773901263.7005005,0.02012499049305916,0.0,-1.0369087249273434e-05
0.0,0.0,-22.915054321289062,1257.722228318,0.0,0.0,22.915054321289062,979.412109375,31299584.0,31299584.0,1.0,979.412109375,0.0,0.0,-98.59880065917969,33727.91016292659,,1773901271.9502382,0.01916232518851757,0.0,1.2079000043740962e-05
0.0,0.0,-23.60043716430664,1275.095255341,0.0,0.0,23.60043716430664,977.9990234375,31553536.0,31553536.0,1.0,977.9990234375,0.0,0.0,-98.57405090332031,33702.30212460024,"{'path': 'media/html/render_31553536_f72d9bf8243a2fb34290.html', 'size': 911313, '_type': 'html-file', 'sha256': 'f72d9bf8243a2fb342907adf80cd800dffe49278f16e831d84ae59bb373611ea'}",1773901297.5833735,0.020661430433392525,0.0,-1.1903857739525847e-05
0.0,0.0,-23.36270523071289,1283.503495313,0.0,0.0,23.36270523071289,980.779296875,31807488.0,31807488.0,1.0,980.779296875,0.0,0.0,-98.61822509765625,33706.23321994887,,1773901297.7340124,0.019771495833992958,0.0,1.3350195331440773e-05
0.0,0.0,-23.946638107299805,1291.729689176,0.0,0.0,23.946638107299805,978.4228515625,32061440.0,32061440.0,1.0,978.4228515625,0.0,0.0,-98.6042251586914,33719.71105878882,,1773901305.9909222,0.020557962357997894,0.0,-7.410071248159511e-06
0.0,0.0,-22.558242797851562,1299.975865772,0.0,0.0,22.558242797851562,980.9580078125,32315392.0,32315392.0,1.0,980.9580078125,0.0,0.0,-98.57642364501953,33834.15639963921,,1773901314.2173667,0.020479390397667885,0.0,9.94140307852831e-08
0.0,0.0,-24.421142578125,1308.214417292,0.0,0.0,24.421142578125,979.515625,32569344.0,32569344.0,1.0,979.515625,0.0,0.0,-98.62398529052734,33853.602978336276,,1773901322.463334,0.019611164927482605,0.0,1.367968707199907e-05
0.0,0.0,-24.704923629760742,1325.937722065,0.0,0.0,24.704923629760742,980.63671875,32823296.0,32823296.0,1.0,980.63671875,0.0,0.0,-98.62852478027344,33784.12231242019,"{'size': 911877, '_type': 'html-file', 'sha256': '105fb6ee9196cc51b21767daccca46fe0e2a4b60d0e4b772c2eef9261cc357cb', 'path': 'media/html/render_32823296_105fb6ee9196cc51b217.html'}",1773901348.4258068,0.019445542246103287,0.0,-5.933495685894741e-06
0.0,0.0,-21.816097259521484,1334.349978527,0.0,0.0,21.816097259521484,981.5556640625,33077248.0,33077248.0,1.0,981.5556640625,0.0,0.0,-98.62934112548828,33546.044432123934,,1773901348.5845428,0.0204149316996336,0.0,4.648363301384961e-06
0.0,0.0,-25.090511322021484,1342.643378862,0.0,0.0,25.090511322021484,965.509765625,33331200.0,33331200.0,1.0,965.509765625,0.0,0.0,-98.65056610107422,33733.2552334987,,1773901356.8374312,0.02043287269771099,0.0,-6.945747372810729e-06
0.0,0.0,-25.066505432128906,1350.885034057,0.0,0.0,25.066505432128906,967.89453125,33585152.0,33585152.0,1.0,967.89453125,0.0,0.0,-98.64327239990234,33547.48345212646,,1773901365.1309724,0.022495459765195847,0.0,2.252785549217151e-07
0.0,0.0,-23.633968353271484,1359.138447497,0.0,0.0,23.633968353271484,973.1923828125,33839104.0,33839104.0,1.0,973.1923828125,0.0,0.0,-98.66554260253906,33770.33169651427,,1773901373.37273,0.02053919993340969,0.0,9.08482434169855e-06
0.0,0.0,-25.143325805664062,1376.735088189,0.0,0.0,25.143325805664062,975.5068359375,34093056.0,34093056.0,1.0,975.5068359375,0.0,0.0,-98.6702880859375,33719.775107179565,"{'path': 'media/html/render_34093056_6cb9bf135f0b03c1445c.html', 'size': 910597, '_type': 'html-file', 'sha256': '6cb9bf135f0b03c1445c3453271c925986379e6ba1c5bf8ab17719fa3e6817c9'}",1773901399.2232175,0.023650113493204117,0.0,-7.459454536729027e-06
0.0,0.0,-24.535144805908203,1385.165622334,0.0,0.0,24.535144805908203,979.8974609375,34347008.0,34347008.0,1.0,979.8974609375,0.0,0.0,-98.60689544677734,33693.6742080071,,1773901399.3813984,0.02340567857027054,0.0,7.315368748095352e-06
0.0,0.0,-23.95291519165039,1393.401474841,0.0,0.0,23.95291519165039,979.2294921875,34600960.0,34600960.0,1.0,979.2294921875,0.0,0.0,-98.58036041259766,33673.41869675518,,1773901407.6529133,0.022835157811641693,0.0,2.1841869966010563e-06
0.0,0.0,-23.174041748046875,1401.63118996,0.0,0.0,23.174041748046875,980.96875,34854912.0,34854912.0,1.0,980.96875,0.0,0.0,-98.6135025024414,33795.18221788014,,1773901415.8889756,0.021800866350531578,0.0,-3.684935791170574e-06
0.0,0.0,-24.8856201171875,1409.884624891,0.0,0.0,24.8856201171875,979.72265625,35108864.0,35108864.0,1.0,979.72265625,0.0,0.0,-98.61040496826172,33827.38051278299,,1773901424.1186855,0.02388799749314785,0.0,7.84273652243428e-06
0.0,0.0,-25.080724716186523,1427.649780072,0.0,0.0,25.080724716186523,977.365234375,35362816.0,35362816.0,1.0,977.365234375,0.0,0.0,-98.58658599853516,33719.92562185555,"{'size': 915029, '_type': 'html-file', 'sha256': 'ee3ea7ef7acd025ae89f37807de1a890f85a6fd64f07040be1244cf4a5c85356', 'path': 'media/html/render_35362816_ee3ea7ef7acd025ae89f.html'}",1773901450.1378605,0.020558610558509827,0.0,-6.699520326947095e-06
0.0,0.0,-23.777725219726562,1436.054436286,0.0,0.0,23.777725219726562,976.662109375,35616768.0,35616768.0,1.0,976.662109375,0.0,0.0,-98.5849609375,33869.15458930762,,1773901450.3089972,0.02285631373524666,0.0,6.154597940621898e-06
0.0,0.0,-23.292009353637695,1444.293035415,0.0,0.0,23.292009353637695,975.546875,35870720.0,35870720.0,1.0,975.546875,0.0,0.0,-98.53480529785156,33834.25849924818,,1773901458.5419235,0.02539965510368347,0.0,-1.1710603757819626e-05
0.0,0.0,-24.305049896240234,1452.522493641,0.0,0.0,24.305049896240234,980.6083984375,36124672.0,36124672.0,1.0,980.6083984375,0.0,0.0,-98.59195709228516,33786.814268550945,,1773901466.779997,0.023480955511331558,0.0,1.2197871001262683e-05
0.0,0.0,-24.756452560424805,1460.766377175,0.0,0.0,24.756452560424805,979.4765625,36378624.0,36378624.0,1.0,979.4765625,0.0,0.0,-98.58550262451172,33818.08823058958,,1773901475.0100627,0.02194051444530487,0.0,-3.984165687143104e-06
0.0,0.0,-22.84781837463379,1478.510274472,0.0,0.0,22.84781837463379,978.5546875,36632576.0,36632576.0,1.0,978.5546875,0.0,0.0,-98.63323974609375,33759.42286553682,"{'size': 915597, '_type': 'html-file', 'sha256': 'b16482b6a0fa4ea4d960c90b1698117c5ed96b06b2500fa2b3db48c6ea63c432', 'path': 'media/html/render_36632576_b16482b6a0fa4ea4d960.html'}",1773901500.9984248,0.021605338901281357,0.0,1.4674394151370507e-05
0.0,0.0,-23.43311309814453,1486.900387344,0.0,0.0,23.43311309814453,977.88671875,36886528.0,36886528.0,1.0,977.88671875,0.0,0.0,-98.64189910888672,33737.0044161301,,1773901501.1549804,0.022866250947117805,0.0,-5.1967919745266045e-08
0.0,0.0,-23.06402587890625,1495.096345389,0.0,0.0,23.06402587890625,978.169921875,37140480.0,37140480.0,1.0,978.169921875,0.0,0.0,-98.59416198730469,33827.666278746714,,1773901509.3878846,0.021563954651355743,0.0,7.067812930472428e-06
0.0,0.0,-22.0428466796875,1503.333490626,0.0,0.0,22.0428466796875,980.9033203125,37394432.0,37394432.0,1.0,980.9033203125,0.0,0.0,-98.56537628173828,33973.947752266045,,1773901517.583846,0.02162911370396614,0.0,3.2675277452653972e-06
0.0,0.0,-24.14835548400879,1511.556450214,0.0,0.0,24.14835548400879,980.8134765625,37648384.0,37648384.0,1.0,980.8134765625,0.0,0.0,-98.56568145751953,33788.202208113704,,1773901525.8209713,0.021920373663306236,0.0,-5.370782218960812e-06
0.0,0.0,-22.262121200561523,1529.140540006,0.0,0.0,22.262121200561523,981.2041015625,37902336.0,37902336.0,1.0,981.2041015625,0.0,0.0,-98.6258316040039,33858.92015771493,"{'_type': 'html-file', 'sha256': '1e2157bfa8d591e1dcaa017ece60a7514e13c4346d3b165e9d21cc8fe4c9e1ed', 'path': 'media/html/render_37902336_1e2157bfa8d591e1dcaa.html', 'size': 913777}",1773901551.628656,0.018203511834144592,0.0,4.900882686342811e-06
0.0,0.0,-23.990346908569336,1537.534161254,0.0,0.0,23.990346908569336,979.486328125,38156288.0,38156288.0,1.0,979.486328125,0.0,0.0,-98.61150360107422,33637.01562050781,,1773901551.7947977,0.020463138818740845,0.0,-3.79430343855347e-06
0.0,0.0,-24.340991973876953,1545.766128867,0.0,0.0,24.340991973876953,977.9716796875,38410240.0,38410240.0,1.0,977.9716796875,0.0,0.0,-98.62924194335938,33850.92403683701,,1773901560.0217514,0.020849518477916718,0.0,5.6056933317449875e-06
0.0,0.0,-25.683887481689453,1553.97292113,0.0,0.0,25.683887481689453,980.55859375,38664192.0,38664192.0,1.0,980.55859375,0.0,0.0,-98.6661605834961,33812.48117867278,,1773901568.25392,0.020795639604330063,0.0,2.929466518253321e-06
0.0,0.0,-23.636154174804688,1562.193444788,0.0,0.0,23.636154174804688,981.2822265625,38918144.0,38918144.0,1.0,981.2822265625,0.0,0.0,-98.65552520751953,33930.723769357624,,1773901576.4605868,0.020227214321494102,0.0,1.6817672303659492e-06
0.0,0.0,-24.150564193725586,1579.238449442,0.0,0.0,24.150564193725586,979.49609375,39172096.0,39172096.0,1.0,979.49609375,0.0,0.0,-98.67069244384766,33866.803761814175,"{'size': 911865, '_type': 'html-file', 'sha256': 'cbbff46a48340bce71a7dc83693b855e21c8ab21f2bd3251dbd4d512d21adf18', 'path': 'media/html/render_39172096_cbbff46a48340bce71a7.html'}",1773901601.7265995,0.020367898046970367,0.0,1.3880601557048067e-07
0.0,0.0,-24.98244857788086,1587.65592214,0.0,0.0,24.98244857788086,977.6982421875,39426048.0,39426048.0,1.0,977.6982421875,0.0,0.0,-98.68254852294922,33734.76912343755,,1773901601.89649,0.02097826451063156,0.0,8.315083732668427e-07
0.0,0.0,-24.092369079589844,1595.910667204,0.0,0.0,24.092369079589844,977.236328125,39680000.0,39680000.0,1.0,977.236328125,0.0,0.0,-98.64263916015625,33778.607928303914,,1773901610.143364,0.021931417286396027,0.0,3.7531262933043763e-06
0.0,0.0,-24.99757957458496,1604.158374459,0.0,0.0,24.99757957458496,980.6513671875,39933952.0,39933952.0,1.0,980.6513671875,0.0,0.0,-98.62845611572266,33714.77152598802,,1773901618.3981643,0.019742684438824654,0.0,-4.0196473491960205e-06
0.0,0.0,-22.941341400146484,1612.401369685,0.0,0.0,22.941341400146484,976.3857421875,40187904.0,40187904.0,1.0,976.3857421875,0.0,0.0,-98.65878295898438,33742.11507448927,,1773901626.6460078,0.01996798813343048,0.0,8.555591193726286e-06
0.0,0.0,-23.859209060668945,1630.224004809,0.0,0.0,23.859209060668945,975.5146484375,40441856.0,40441856.0,1.0,975.5146484375,0.0,0.0,-98.63738250732422,33762.13121979354,"{'size': 912769, '_type': 'html-file', 'sha256': '4893017cad57ed118ba28082cb9e92ddcc986d1579785076f7c1c655c5ac659c', 'path': 'media/html/render_40441856_4893017cad57ed118ba2.html'}",1773901652.7121367,0.01992565207183361,0.0,3.007896566487034e-06
0.0,0.0,-23.585617065429688,1638.666743326,0.0,0.0,23.585617065429688,981.212890625,40695808.0,40695808.0,1.0,981.212890625,0.0,0.0,-98.62979888916016,33676.22080495937,,1773901652.8881402,0.019527260214090347,0.0,-1.7838947314885445e-06
0.0,0.0,-24.07071304321289,1646.957896016,0.0,0.0,24.07071304321289,981.087890625,40949760.0,40949760.0,1.0,981.087890625,0.0,0.0,-98.65997314453125,33694.832797751515,,1773901661.1542208,0.017487699165940285,0.0,-5.49364222024451e-06
0.0,0.0,-24.647911071777344,1655.181955281,0.0,0.0,24.647911071777344,972.55078125,41203712.0,41203712.0,0.994140625,972.55078125,0.0,0.0,-98.65544128417969,33547.694772360956,,1773901669.4455488,0.020522424951195717,0.0,3.634784889072762e-06
0.0,0.0,-25.40721893310547,1663.433376326,0.0,0.0,25.40721893310547,981.283203125,41457664.0,41457664.0,1.0,981.283203125,0.0,0.0,-98.65387725830078,33846.53858890991,,1773901677.6695092,0.020352276042103767,0.0,-4.3983582145301625e-06
0.0,0.0,-22.715179443359375,1681.079706909,0.0,0.0,22.715179443359375,981.482421875,41711616.0,41711616.0,1.0,981.482421875,0.0,0.0,-98.69173431396484,33719.920284432716,"{'size': 911337, '_type': 'html-file', 'sha256': 'b8f66e06c5e0e09a9068f2bb1c6e64bcf3ab0d61eb30a615615a2247d25081da', 'path': 'media/html/render_41711616_b8f66e06c5e0e09a9068.html'}",1773901703.5678413,0.01850634254515171,0.0,1.3022068742429838e-05
0.0,0.0,-24.539812088012695,1689.519477296,0.0,0.0,24.539812088012695,981.7861328125,41965568.0,41965568.0,1.0,981.7861328125,0.0,0.0,-98.68984985351562,33743.16475723956,,1773901703.737114,0.021419929340481758,0.0,7.108948807399429e-07
0.0,0.0,-24.55158233642578,1697.793495042,0.0,0.0,24.55158233642578,980.6279296875,42219520.0,42219520.0,1.0,980.6279296875,0.0,0.0,-98.6367416381836,33663.179850532775,,1773901712.0068235,0.025178272277116776,0.0,-2.324434262845898e-06
0.0,0.0,-25.908071517944336,1706.054658763,0.0,0.0,25.908071517944336,980.9443359375,42473472.0,42473472.0,1.0,980.9443359375,0.0,0.0,-98.65072631835938,33622.9892581503,,1773901720.2809417,0.02539505809545517,0.0,-1.6751755538280122e-05
0.0,0.0,-25.735437393188477,1714.297528852,0.0,0.0,25.735437393188477,980.3486328125,42727424.0,42727424.0,1.0,980.3486328125,0.0,0.0,-98.68549346923828,33682.879811640574,,1773901728.5421755,0.02080594375729561,0.0,1.2978393897356e-05
0.0,0.0,-24.534048080444336,1732.208985637,0.0,0.0,24.534048080444336,979.775390625,42981376.0,42981376.0,1.0,979.775390625,0.0,0.0,-98.6720962524414,33772.806215998964,"{'size': 912881, '_type': 'html-file', 'sha256': 'a2b03d3dc813f35a18e5fa46e911dc5902be6536051901195435ed5bf0a71a2f', 'path': 'media/html/render_42981376_a2b03d3dc813f35a18e5.html'}",1773901754.697148,0.024372372776269913,0.0,1.5729450751678087e-05
0.0,0.0,-25.965274810791016,1740.625548094,0.0,0.0,25.965274810791016,979.779296875,43235328.0,43235328.0,1.0,979.779296875,0.0,0.0,-98.67875671386719,33557.93008438285,,1773901754.8568006,0.0252095814794302,0.0,-1.9667704691528343e-05
0.0,0.0,-23.612781524658203,1748.855880342,0.0,0.0,23.612781524658203,981.2646484375,43489280.0,43489280.0,1.0,981.2646484375,0.0,0.0,-98.69764709472656,33716.64449307812,,1773901763.1132102,0.0229177288711071,0.0,9.882437552732881e-06
0.0,0.0,-25.14915657043457,1757.091049935,0.0,0.0,25.14915657043457,980.734375,43743232.0,43743232.0,1.0,980.734375,0.0,0.0,-98.64613342285156,33810.92059556761,,1773901771.343535,0.021639488637447357,0.0,-1.3895152733311988e-05
0.0,0.0,-23.00628662109375,1765.356720438,0.0,0.0,23.00628662109375,977.580078125,43997184.0,43997184.0,1.0,977.580078125,0.0,0.0,-98.68283081054688,33800.27405124102,,1773901779.5787277,0.020810596644878387,0.0,1.9962479200330563e-05
0.0,0.0,-27.6611328125,1782.467631123,0.0,0.0,27.6611328125,977.4853515625,44251136.0,44251136.0,1.0,977.4853515625,0.0,0.0,-98.6904296875,33658.12923535843,"{'sha256': 'f91c425aff2ce4f2e5885ffe57bd62a67f46942a1bcd07da9ccc393e053a152d', 'path': 'media/html/render_44251136_f91c425aff2ce4f2e588.html', 'size': 910257, '_type': 'html-file'}",1773901804.9557815,0.017377100884914398,0.0,3.0562548545276513e-06
0.0,0.0,-24.930267333984375,1790.907196075,0.0,0.0,24.930267333984375,978.4658203125,44505088.0,44505088.0,1.0,978.4658203125,0.0,0.0,-98.71756744384766,33703.03260333482,,1773901805.1237316,0.018270619213581085,0.0,5.808829428133322e-06
0.0,0.0,-25.213104248046875,1799.124059943,0.0,0.0,25.213104248046875,980.0419921875,44759040.0,44759040.0,1.0,980.0419921875,0.0,0.0,-98.74151611328125,33653.57881022907,,1773901813.3949506,0.019393132999539375,0.0,5.161807166587096e-06
0.0,0.0,-24.31998634338379,1807.378625739,0.0,0.0,24.31998634338379,979.201171875,45012992.0,45012992.0,1.0,979.201171875,0.0,0.0,-98.71009826660156,33883.88403095445,,1773901821.611646,0.018961934372782707,0.0,3.51511607732391e-06
0.0,0.0,-24.574045181274414,1815.627972054,0.0,0.0,24.574045181274414,981.2294921875,45266944.0,45266944.0,1.0,981.2294921875,0.0,0.0,-98.74232482910156,33723.29707571108,,1773901829.8659778,0.016807613894343376,0.0,-5.073312649983563e-07
0.0,0.0,-25.11568832397461,1833.326767518,0.0,0.0,25.11568832397461,979.962890625,45520896.0,45520896.0,1.0,979.962890625,0.0,0.0,-98.74152374267578,33737.61885297177,"{'size': 912673, '_type': 'html-file', 'sha256': '4978199bdf8267d2c7ed7416d8c058b2b3d841de5257a8901732faa3125133ac', 'path': 'media/html/render_45520896_4978199bdf8267d2c7ed.html'}",1773901855.8148973,0.015912998467683792,0.0,3.222237864974886e-06
0.0,0.0,-23.76003646850586,1841.72958222,0.0,0.0,23.76003646850586,980.814453125,45774848.0,45774848.0,1.0,980.814453125,0.0,0.0,-98.74039459228516,33739.41848024232,,1773901855.9862182,0.01872980035841465,0.0,-2.1659816411556676e-06
0.0,0.0,-25.792835235595703,1849.969083428,0.0,0.0,25.792835235595703,974.95703125,46028800.0,46028800.0,0.9990234375,974.95703125,0.0,0.0,-98.72783660888672,33853.83861636939,,1773901864.2172623,0.01770837791264057,0.0,2.3771433461661218e-06
0.0,0.0,-23.929492950439453,1858.205923003,0.0,0.0,23.929492950439453,981.296875,46282752.0,46282752.0,1.0,981.296875,0.0,0.0,-98.75299835205078,33783.321881141084,,1773901872.4564872,0.015815086662769318,0.0,1.7541540273668943e-06
0.0,0.0,-25.754188537597656,1866.457965088,0.0,0.0,25.754188537597656,980.5302734375,46536704.0,46536704.0,1.0,980.5302734375,0.0,0.0,-98.71358489990234,33797.262520449185,,1773901880.693352,0.01824471727013588,0.0,-4.9647542255115695e-06
0.0,0.0,-24.840362548828125,1885.005226062,0.0,0.0,24.840362548828125,977.341796875,46790656.0,46790656.0,0.9990234375,977.341796875,0.0,0.0,-98.71051025390625,33732.41447963738,"{'size': 911285, '_type': 'html-file', 'sha256': '7483933f969cb700ca504164ba34c59cb2441feda2fa46a164451dc29b1a5e46', 'path': 'media/html/render_46790656_7483933f969cb700ca50.html'}",1773901907.4933703,0.020823974162340164,0.0,-4.781067673320649e-06
0.0,0.0,-24.488922119140625,1893.448581373,0.0,0.0,24.488922119140625,980.2861328125,47044608.0,47044608.0,1.0,980.2861328125,0.0,0.0,-98.78463745117188,33755.07713798651,,1773901907.6829941,0.01739135943353176,0.0,1.542914287711028e-05
0.0,0.0,-24.828655242919922,1901.681418694,0.0,0.0,24.828655242919922,980.8857421875,47298560.0,47298560.0,1.0,980.8857421875,0.0,0.0,-98.79080200195312,33748.45050665359,,1773901915.9362826,0.017714619636535645,0.0,-5.009239885112038e-06
0.0,0.0,-24.82876968383789,1909.922022527,0.0,0.0,24.82876968383789,981.54296875,47552512.0,47552512.0,1.0,981.54296875,0.0,0.0,-98.76876831054688,33812.18493586426,,1773901924.1689901,0.01898566633462906,0.0,-4.100970727449749e-06
0.0,0.0,-25.814411163330078,1918.167478872,0.0,0.0,25.814411163330078,980.8212890625,47806464.0,47806464.0,1.0,980.8212890625,0.0,0.0,-98.76448822021484,33768.32750518048,,1773901932.409721,0.018269244581460953,0.0,8.854524821799714e-06
0.0,0.0,-26.054096221923828,1935.915725793,0.0,0.0,26.054096221923828,978.099609375,48060416.0,48060416.0,0.9990234375,978.099609375,0.0,0.0,-98.76809692382812,33751.49612380527,"{'size': 912385, '_type': 'html-file', 'sha256': 'edb872ddf556c6add8a89294d780d31fd9235e299a24c70229a4af1aa944c814', 'path': 'media/html/render_48060416_edb872ddf556c6add8a8.html'}",1773901958.403843,0.01932554692029953,0.0,-7.657362743884732e-07
0.0,0.0,-23.319562911987305,1944.348798072,0.0,0.0,23.319562911987305,981.4541015625,48314368.0,48314368.0,1.0,981.4541015625,0.0,0.0,-98.79852294921875,33877.584929506025,,1773901958.5704064,0.01870991475880146,0.0,-9.961664545699023e-06
0.0,0.0,-24.72766876220703,1952.598831192,0.0,0.0,24.72766876220703,974.2021484375,48568320.0,48568320.0,1.0,974.2021484375,0.0,0.0,-98.8479232788086,33681.48134025844,,1773901966.8359623,0.01928907074034214,0.0,1.649336081754882e-05
0.0,0.0,-24.297712326049805,1960.838615083,0.0,0.0,24.297712326049805,981.154296875,48822272.0,48822272.0,1.0,981.154296875,0.0,0.0,-98.839599609375,33726.27301321289,,1773901975.0865538,0.017892731353640556,0.0,3.521462303979206e-06
0.0,0.0,-25.16758918762207,1969.122301502,0.0,0.0,25.16758918762207,980.0947265625,49076224.0,49076224.0,1.0,980.0947265625,0.0,0.0,-98.83216094970703,33769.18717991217,,1773901983.3264158,0.018976692110300064,0.0,-3.0718422294739867e-06
0.0,0.0,-24.516315460205078,1986.298622402,0.0,0.0,24.516315460205078,981.23046875,49330176.0,49330176.0,1.0,981.23046875,0.0,0.0,-98.82020568847656,33593.03902020965,"{'size': 911945, '_type': 'html-file', 'sha256': '4875add89bff0e8b5c6ba8faa7a0fbdabe51db6fe53b742dd7c6370b0ae898e8', 'path': 'media/html/render_49330176_4875add89bff0e8b5c6b.html'}",1773902008.7866714,0.019064204767346382,0.0,-7.256015578605002e-06
0.0,0.0,-22.279396057128906,1994.721544339,0.0,0.0,22.279396057128906,979.0224609375,49584128.0,49584128.0,1.0,979.0224609375,0.0,0.0,-98.85867309570312,33813.40214055614,,1773902008.9535933,0.018028777092695236,0.0,1.1443086805229541e-05
0.0,0.0,-24.893463134765625,2002.976353317,0.0,0.0,24.893463134765625,978.8896484375,49838080.0,49838080.0,1.0,978.8896484375,0.0,0.0,-98.83704376220703,33733.75094537628,,1773902017.208978,0.020494267344474792,0.0,-9.339083590020891e-06
0.0,0.0,-24.20185089111328,2011.258329852,0.0,0.0,24.20185089111328,975.9384765625,50092032.0,50092032.0,0.998046875,975.9384765625,0.0,0.0,-98.87864685058594,33703.958277348705,,1773902025.4638927,0.02009773813188076,0.0,-7.39329308885317e-08
0.0,0.0,-22.900131225585938,2019.476728137,0.0,0.0,22.900131225585938,981.9580078125,50345984.0,50345984.0,1.0,981.9580078125,0.0,0.0,-98.90097045898438,33601.7988502694,,1773902033.7460175,0.01627695932984352,0.0,3.896656153301592e-07
0.0,0.0,-26.282512664794922,2037.165492499,0.0,0.0,26.282512664794922,981.1298828125,50599936.0,50599936.0,1.0,981.1298828125,0.0,0.0,-98.89117431640625,33877.51273781405,"{'size': 912773, '_type': 'html-file', 'sha256': 'fbade850e5ccb0f721018eecac927770c2ddef46617511186b5ca8dc04edf377', 'path': 'media/html/render_50599936_fbade850e5ccb0f72101.html'}",1773902059.6536121,0.018042927607893944,0.0,9.098999726120383e-06
0.0,0.0,-25.201251983642578,2045.576580086,0.0,0.0,25.201251983642578,977.5693359375,50853888.0,50853888.0,1.0,977.5693359375,0.0,0.0,-98.91354370117188,33773.944552486275,,1773902059.8120174,0.01699955016374588,0.0,5.554815288633108e-06
0.0,0.0,-24.12078857421875,2053.817522074,0.0,0.0,24.12078857421875,980.5498046875,51107840.0,51107840.0,1.0,980.5498046875,0.0,0.0,-98.8917465209961,33749.58078567199,,1773902068.0638702,0.018240921199321747,0.0,-1.2367522685963195e-06
0.0,0.0,-25.377086639404297,2062.07132446,0.0,0.0,25.377086639404297,980.3740234375,51361792.0,51361792.0,1.0,980.3740234375,0.0,0.0,-98.90287780761719,33785.922617734286,,1773902076.3049242,0.015532120130956173,0.0,-8.663663493280183e-07
0.0,0.0,-24.19969940185547,2062.731419651,0.0,0.0,24.19969940185547,981.0009765625,51615744.0,51615744.0,1.0,981.0009765625,0.0,0.0,-98.89119720458984,33713.846325018436,,1773902084.5589323,0.015584269538521767,0.0,9.032582966028713e-06
