eval/episode_dist,_step,eval/episode_success_easy,eval/episode_success_hard,training/sps,training/critic_loss,render,eval/episode_reward_survive,training/alpha_loss,eval/episode_reward_ctrl,training/entropy,eval/episode_success_any,_timestamp,step,_runtime,training/log_alpha,eval/episode_success,training/actor_loss,eval/episode_reward_near,eval/episode_reward_dist,eval/episode_reward
,0.0,,,,,"{'_type': 'html-file', 'sha256': 'bea7fc23d5b065a5b9ca30fc15fe11c09ca8adafe9cf5f573d38b1ceb60b9c1a', 'path': 'media/html/render_0_bea7fc23d5b065a5b9ca.html', 'size': 4778909.0}",,,,,,1774009285.6514206,,58.827748578,,,,,,
,1.0,,,,,"{'path': 'media/html/render_1_ed32f63caa000bba23de.html', 'size': 4704065.0, '_type': 'html-file', 'sha256': 'ed32f63caa000bba23deaff58c22bb2ea081296e889374123acbcfe1877b9c5c'}",,,,,,1774009361.2717936,,134.448041225,,,,,,
239.29226684570312,793600.0,21.400390625,0.0,8012.557877740131,33.48490905761719,,0.0,5.004469871520996,0.0,0.0,0.005859375,1774009361.46084,793600.0,150.011013984,0.0,0.03515625,-52.03752899169922,0.0,0.0,0.03515625
190.881103515625,1047552.0,17.208984375,0.0,22272.136301259514,4.0336833000183105,,0.0,0.01018590945750475,0.0,0.0,0.0,1774009376.8342943,1047552.0,165.310185706,0.0,0.0,-50.6934928894043,0.0,0.0,0.0
99.75301361083984,1301504.0,7.02734375,0.0,22413.525785135906,0.8143113255500793,,0.0,0.0013975887559354305,0.0,0.0,0.0,1774009392.133394,1301504.0,180.6641446,0.0,0.0,-29.216106414794922,0.0,0.0,0.0
182.91854858398438,1555456.0,15.880859375,0.0,22295.11465240541,0.39672166109085083,,0.0,0.0006190082058310509,0.0,0.0,0.0,1774009407.4874387,1555456.0,195.980177496,0.0,0.0,-16.882789611816406,0.0,0.0,0.0
231.5026092529297,1809408.0,16.78515625,0.0,22385.304586042304,0.14809854328632355,"{'path': 'media/html/render_1809408_5405daee0f3e222c89fa.html', 'size': 4742693.0, '_type': 'html-file', 'sha256': '5405daee0f3e222c89fae6e3bf78cc6b483409aea579a00ba49e1c7dafbc92a1'}",0.0,0.0006681563099846244,0.0,0.0,0.0,1774009464.0485592,1809408.0,237.224822231,0.0,0.0,-10.288994789123535,0.0,0.0,0.0
300.3599853515625,2063360.0,25.140625,0.0,22276.16259514042,0.056744400411844254,,0.0,0.00036143194301985204,0.0,0.0,0.0,1774009464.2400172,2063360.0,252.77776372,0.0,0.0,-5.064834117889404,0.0,0.0,0.0
306.0279541015625,2317312.0,24.12109375,0.0,22311.910070981136,0.020012803375720978,,0.0,0.00016576603229623288,0.0,0.0,0.0,1774009479.600987,2317312.0,268.11913234,0.0,0.0,-2.515554904937744,0.0,0.0,0.0
301.95001220703125,2571264.0,23.58203125,0.0,22325.99524333374,0.0053312149830162525,,0.0,7.916821778053418e-05,0.0,0.0,0.0,1774009494.9417872,2571264.0,283.464718816,0.0,0.0,-1.0698158740997314,0.0,0.0,0.0
297.9778137207031,2825216.0,18.42578125,0.0,22322.42573592673,0.0014262042241171002,,0.0,5.996303298161365e-05,0.0,0.0,0.0,1774009510.2877767,2825216.0,298.81706546,0.0,0.0,-0.4194088280200958,0.0,0.0,0.0
294.28515625,3079168.0,21.201171875,0.0,22308.88612175275,0.0010469998233020306,"{'size': 4743313.0, '_type': 'html-file', 'sha256': '2d3f78f116eb4a2a76b67922e3821f5b396add072f907a0afbaf13240f5fbbb1', 'path': 'media/html/render_3079168_2d3f78f116eb4a2a76b6.html'}",0.0,-5.0459297199267894e-05,0.0,0.0,0.0,1774009567.2623446,3079168.0,340.438570987,0.0,0.0,-0.3195951282978058,0.0,0.0,0.0
506.4188537597656,3333120.0,42.96484375,0.0,22330.58501706044,0.0012577853631228209,,0.0,3.401460708118975e-05,0.0,0.0,0.001953125,1774009567.4651384,3333120.0,356.023721728,0.0,0.001953125,-0.5408957600593567,0.0,0.0,0.001953125
248.5914306640625,3587072.0,20.318359375,0.0,22256.33073916546,0.0007883874350227416,,0.0,8.552635335945524e-06,0.0,0.0,0.0,1774009582.846926,3587072.0,371.354915574,0.0,0.0,-0.3235078454017639,0.0,0.0,0.0
230.19839477539062,3841024.0,15.263671875,0.0,22346.621902478688,0.0004731716471724212,,0.0,2.212149411207065e-05,0.0,0.0,0.0,1774009598.1780775,3841024.0,386.715555853,0.0,0.0,-0.17287582159042358,0.0,0.0,0.0
238.26466369628906,4094976.0,21.380859375,0.0,22295.15711926024,0.00047016420285217464,,0.0,-8.921204425860196e-06,0.0,0.0,0.0,1774009613.5386944,4094976.0,402.048882071,0.0,0.0,-0.10420104116201401,0.0,0.0,0.0
334.86785888671875,4348928.0,36.9765625,0.0,22346.007287745615,0.0024941449519246817,"{'path': 'media/html/render_4348928_870ffeb5d1ea3bb81363.html', 'size': 4726093.0, '_type': 'html-file', 'sha256': '870ffeb5d1ea3bb81363ac9c593b890069533e325c2e838b4200209c77e16ce9'}",0.0,-5.0364265916869044e-05,0.0,0.0,0.001953125,1774009670.7170439,4348928.0,443.893339407,0.0,0.013671875,-0.47577589750289917,0.0,0.0,0.013671875
301.21929931640625,4602880.0,36.740234375,0.0,22284.09507378331,0.0016657441155984998,,0.0,3.034821929759346e-05,0.0,0.0,0.00390625,1774009670.9177659,4602880.0,459.466131395,0.0,0.013671875,-0.4441879391670227,0.0,0.0,0.013671875
228.52859497070312,4856832.0,35.572265625,0.0,22284.303936319746,0.0014429412549361587,,0.0,1.7225225747097284e-05,0.0,0.0,0.0,1774009686.2886896,4856832.0,474.821118537,0.0,0.0,-0.16759751737117767,0.0,0.0,0.0
190.44842529296875,5110784.0,18.48828125,0.0,22298.87569626161,0.00038481465890072286,,0.0,7.854326213418972e-06,0.0,0.0,0.00390625,1774009701.6443996,5110784.0,490.383829492,0.0,0.025390625,-0.038477614521980286,0.0,0.0,0.025390625
193.36508178710938,5364736.0,4.126953125,0.0,21909.977016482077,0.00020118357497267425,,0.0,1.6541358490940183e-05,0.0,0.0,0.0,1774009717.2071946,5364736.0,505.953849524,0.0,0.0,0.0037332240026444197,0.0,0.0,0.0
191.82994079589844,5618688.0,14.224609375,0.0,21886.743222385354,0.0003849564236588776,"{'path': 'media/html/render_5618688_3ad6d0daf587fd6db56d.html', 'size': 4745057.0, '_type': 'html-file', 'sha256': '3ad6d0daf587fd6db56d029aba88a2e4e1533a7612f34f8b231b2307042e6e13'}",0.0,-6.418982957256958e-05,0.0,0.0,0.0,1774009773.9935122,5618688.0,547.169860562,0.0,0.0,-0.07544929534196854,0.0,0.0,0.0
147.08099365234375,5872640.0,16.2890625,0.0,21899.891743772932,0.000506513868458569,,0.0,-4.2460425220269826e-07,0.0,0.0,0.001953125,1774009774.1966672,5872640.0,562.976403082,0.0,0.001953125,-0.1941366046667099,0.0,0.0,0.001953125
186.2978515625,6126592.0,14.625,0.0,21828.536222907373,0.0005821582744829357,,0.0,-8.62533943291055e-06,0.0,0.0,0.001953125,1774009789.7996237,6126592.0,578.527144842,0.0,0.005859375,-0.1977030485868454,0.0,0.0,0.005859375
196.708984375,6380544.0,20.072265625,0.0,21931.62220534975,0.0008012952166609466,,0.0,3.857719093502965e-06,0.0,0.0,0.0,1774009805.3502343,6380544.0,594.086150971,0.0,0.0,-0.2623957097530365,0.0,0.0,0.0
175.2556610107422,6634496.0,11.900390625,0.0,21901.015223455757,0.0008380585350096226,,0.0,-1.5432463840170385e-07,0.0,0.0,0.0,1774009820.9092336,6634496.0,609.636944067,0.0,0.0,-0.2720176577568054,0.0,0.0,0.0
190.75872802734375,6888448.0,13.9140625,0.0,21923.44000913367,0.0009489791700616479,"{'size': 4752241.0, '_type': 'html-file', 'sha256': 'a531ebf4c6cb998e51f0bb62f5d8af741f7687a9316054e69dbf9506fb80fa98', 'path': 'media/html/render_6888448_a531ebf4c6cb998e51f0.html'}",0.0,2.3353779852186562e-06,0.0,0.0,0.0,1774009878.2141323,6888448.0,651.390398106,0.0,0.0,-0.26275795698165894,0.0,0.0,0.0
188.9701690673828,7142400.0,15.111328125,0.0,21917.65666143825,0.001444548717699945,,0.0,-5.528371275431709e-06,0.0,0.0,0.0,1774009878.406208,7142400.0,667.142743022,0.0,0.0,-0.2917322516441345,0.0,0.0,0.0
196.13861083984375,7396352.0,17.986328125,0.0,21915.124588090413,0.0014777595642954111,,0.0,-2.361030965403188e-06,0.0,0.0,0.0,1774009893.9658444,7396352.0,682.691477996,0.0,0.0,-0.321726530790329,0.0,0.0,0.0
260.75946044921875,7650304.0,28.19140625,0.0,21933.826564867588,0.0014910479076206684,,0.0,-1.4802150616333165e-08,0.0,0.0,0.0,1774009909.5145829,7650304.0,698.226379392,0.0,0.0,-0.33359700441360474,0.0,0.0,0.0
291.03076171875,7904256.0,27.48828125,0.0,21963.396289280314,0.0016630575992166996,,0.0,-1.7424588349967962e-06,0.0,0.0,0.017578125,1774009925.0489643,7904256.0,713.779720567,0.0,0.14453125,-0.31552523374557495,0.0,0.0,0.14453125
299.281494140625,8158208.0,34.806640625,0.0,21917.788354276516,0.002421504119411111,"{'path': 'media/html/render_8158208_6f6d8b5479dcfbebf662.html', 'size': 4745137.0, '_type': 'html-file', 'sha256': '6f6d8b5479dcfbebf662d6cd454138f1b846f9daa0701aada309d2504e1f423b'}",0.0,-1.7751267478161026e-06,0.0,0.0,0.001953125,1774009982.1203256,8158208.0,755.296601802,0.0,0.005859375,-0.3693283796310425,0.0,0.0,0.005859375
350.0172119140625,8412160.0,37.169921875,0.0,21905.611658194586,0.002290664240717888,,0.0,2.6192544737568824e-06,0.0,0.0,0.0,1774009982.3139925,8412160.0,771.077891105,0.0,0.0,-0.37829017639160156,0.0,0.0,0.0
186.1767120361328,8666112.0,17.634765625,0.0,21868.533124635305,0.0013545214897021651,,0.0,7.389931397483451e-06,0.0,0.0,0.0,1774009997.901161,8666112.0,786.63631758,0.0,0.0,-0.2847975194454193,0.0,0.0,0.0
218.66795349121094,8920064.0,17.12890625,0.0,21915.16561969977,0.0013336094561964273,,0.0,7.408189617308381e-07,0.0,0.0,0.0,1774010013.4593847,8920064.0,802.188746891,0.0,0.0,-0.24556612968444824,0.0,0.0,0.0
225.7684326171875,9174016.0,24.41796875,0.0,21919.708453228017,0.0014508268795907497,,0.0,2.3072821022651624e-06,0.0,0.0,0.009765625,1774010029.0118601,9174016.0,817.744027227,0.0,0.138671875,-0.25011900067329407,0.0,0.0,0.138671875
220.92471313476562,9427968.0,21.986328125,0.0,21920.224957270402,0.0019659949466586113,"{'path': 'media/html/render_9427968_0caaf82352a6c5902d9d.html', 'size': 4746049.0, '_type': 'html-file', 'sha256': '0caaf82352a6c5902d9dcc23e2cf00bdc8b06e39bfe4847e68fe920554eae2b5'}",0.0,-1.1292055205558427e-05,0.0,0.0,0.0,1774010086.7088776,9427968.0,859.88512851,0.0,0.0,-0.2658270299434662,0.0,0.0,0.0
254.33328247070312,9681920.0,19.935546875,0.0,21918.501417297193,0.0024464624002575874,,0.0,4.178122708253795e-06,0.0,0.0,0.0,1774010086.9004052,9681920.0,875.666089345,0.0,0.0,-0.34551534056663513,0.0,0.0,0.0
202.80923461914062,9935872.0,17.2890625,0.0,21868.406512784448,0.00193567865062505,,0.0,5.88805460211006e-06,0.0,0.0,0.0,1774010102.489269,9935872.0,891.230506273,0.0,0.0,-0.301612913608551,0.0,0.0,0.0
193.6478271484375,10189824.0,17.486328125,0.0,21899.996657036154,0.0018746675923466682,,0.0,2.856825176422717e-06,0.0,0.0,0.0,1774010118.0537539,10189824.0,906.790695465,0.0,0.0,-0.25810736417770386,0.0,0.0,0.0
263.22705078125,10443776.0,22.359375,0.0,21911.852924587914,0.0015995872672647238,,0.0,5.316941042110557e-06,0.0,0.0,0.001953125,1774010133.6137145,10443776.0,922.337554485,0.0,0.001953125,-0.21661312878131866,0.0,0.0,0.001953125
195.67269897460938,10697728.0,20.19140625,0.0,21932.77784687734,0.0015535353450104594,"{'path': 'media/html/render_10697728_cd92f9a995969b9d4943.html', 'size': 4747205.0, '_type': 'html-file', 'sha256': 'cd92f9a995969b9d49431da697250716e89ca6818891962e663d0fbd02adef76'}",0.0,5.515612883755239e-06,0.0,0.0,0.0,1774010190.7331555,10697728.0,963.909415748,0.0,0.0,-0.1766752004623413,0.0,0.0,0.0
226.04360961914062,10951680.0,9.060546875,0.0,21960.730934628824,0.0014794128946959972,,0.0,3.7230363432172453e-06,0.0,0.0,0.0,1774010190.9254017,10951680.0,979.673784345,0.0,0.0,-0.1724177896976471,0.0,0.0,0.0
186.37088012695312,11205632.0,16.2265625,0.0,21895.211293769018,0.0012215565657243133,,0.0,3.296855311418767e-06,0.0,0.0,0.001953125,1774010206.4969707,11205632.0,995.205851674,0.0,0.03515625,-0.16096924245357513,0.0,0.0,0.03515625
228.7097625732422,11459584.0,15.986328125,0.0,21962.10383298909,0.001258842763490975,,0.0,1.0165365438297158e-06,0.0,0.0,0.0,1774010222.0290086,11459584.0,1010.732553089,0.0,0.0,-0.1429838240146637,0.0,0.0,0.0
198.80865478515625,11713536.0,13.955078125,0.0,21962.749589262363,0.0015664853854104877,,0.0,-1.193449293168669e-06,0.0,0.0,0.0,1774010237.555697,11713536.0,1026.26564132,0.0,0.0,-0.15380622446537018,0.0,0.0,0.0
198.14691162109375,11967488.0,23.357421875,0.0,21966.00068392166,0.0019410868408158422,"{'_type': 'html-file', 'sha256': '6f002d0dd7876ebddf253d6c883a31665e2338a66c3e34d605e85055811fae23', 'path': 'media/html/render_11967488_6f002d0dd7876ebddf25.html', 'size': 4742853.0}",0.0,-1.4919862678652862e-06,0.0,0.0,0.005859375,1774010295.5901885,11967488.0,1068.766443505,0.0,0.0390625,-0.18228045105934143,0.0,0.0,0.0390625
217.30477905273438,12221440.0,27.611328125,0.0,21943.708947846397,0.0020791024435311556,,0.0,6.890643362567062e-07,0.0,0.0,0.0078125,1774010295.7878335,12221440.0,1084.515303008,0.0,0.048828125,-0.19783377647399902,0.0,0.0,0.048828125
241.01803588867188,12475392.0,17.833984375,0.0,21948.772881202258,0.002410059329122305,,0.0,-2.1401638150564395e-06,0.0,0.0,0.001953125,1774010311.3384483,12475392.0,1100.05361677,0.0,0.01171875,-0.1933477818965912,0.0,0.0,0.01171875
250.49644470214844,12729344.0,20.20703125,0.0,21940.269663861,0.002176688052713871,,0.0,-4.439880285644904e-06,0.0,0.0,0.0,1774010326.876825,12729344.0,1115.591008108,0.0,0.0,-0.21455435454845428,0.0,0.0,0.0
230.55899047851562,12983296.0,17.732421875,0.0,21952.962713294404,0.0024194642901420593,,0.0,8.04468072601594e-06,0.0,0.0,0.00390625,1774010342.4141061,12983296.0,1131.125145913,0.0,0.02734375,-0.19982145726680756,0.0,0.0,0.02734375
237.98570251464844,13237248.0,17.64453125,0.0,21953.815170330407,0.0020478935912251472,"{'path': 'media/html/render_13237248_79c8fff2a8e1d0d8fc4b.html', 'size': 4754837.0, '_type': 'html-file', 'sha256': '79c8fff2a8e1d0d8fc4bc8571f2b2a7d2a6a1ce6a0eaef638eaa59c42ebcba3b'}",0.0,2.9596444619528484e-06,0.0,0.0,0.0,1774010399.6026597,13237248.0,1172.778914514,0.0,0.0,-0.16686475276947021,0.0,0.0,0.0
200.328369140625,13491200.0,16.388671875,0.0,21945.52236231679,0.0018306944984942675,,0.0,2.216693019363447e-06,0.0,0.0,0.00390625,1774010399.7952166,13491200.0,1188.548981688,0.0,0.021484375,-0.15116281807422638,0.0,0.0,0.021484375
227.76217651367188,13745152.0,19.533203125,0.0,21892.360427750664,0.001748336828313768,,0.0,-1.1601057394727832e-06,0.0,0.0,0.00390625,1774010415.372232,13745152.0,1204.099558805,0.0,0.0234375,-0.1416701227426529,0.0,0.0,0.0234375
235.553955078125,13999104.0,11.51953125,0.0,21926.39466378188,0.002253142651170492,,0.0,-2.384726030868478e-06,0.0,0.0,0.0,1774010430.9227254,13999104.0,1219.629724948,0.0,0.0,-0.16388820111751556,0.0,0.0,0.0
217.1310272216797,14253056.0,17.087890625,0.0,21957.598634114656,0.0032450889702886343,,0.0,-1.8581449694465846e-06,0.0,0.0,0.0,1774010446.45276,14253056.0,1235.173343461,0.0,0.0,-0.21111609041690826,0.0,0.0,0.0
193.85708618164062,14507008.0,17.80859375,0.0,21944.888921706526,0.0033639417961239815,"{'_type': 'html-file', 'sha256': '1e3438f45a4b6901692732675f459511964168f88f8b2c1beb331c4afee2fec0', 'path': 'media/html/render_14507008_1e3438f45a4b69016927.html', 'size': 4727925.0}",0.0,1.11481995190843e-06,0.0,0.0,0.0,1774010503.5769758,14507008.0,1276.753263954,0.0,0.0,-0.21333695948123932,0.0,0.0,0.0
225.07806396484375,14760960.0,14.822265625,0.0,21927.751083997682,0.0032641442958265543,,0.0,-1.4070428733248264e-06,0.0,0.0,0.00390625,1774010503.7725585,14760960.0,1292.517305381,0.0,0.029296875,-0.2014658898115158,0.0,0.0,0.029296875
204.42770385742188,15014912.0,17.7109375,0.0,21911.895296236307,0.0022928633261471987,,0.0,5.643957138090627e-06,0.0,0.0,0.0,1774010519.3404903,15014912.0,1308.060299822,0.0,0.0,-0.1645556390285492,0.0,0.0,0.0
193.35885620117188,15268864.0,20.4921875,0.0,21935.047485653693,0.0024387899320572615,,0.0,1.4536841490553343e-06,0.0,0.0,0.0,1774010534.8835695,15268864.0,1323.602966807,0.0,0.0,-0.15566277503967285,0.0,0.0,0.0
194.72471618652344,15522816.0,16.4375,0.0,21947.67615305713,0.002735456684604287,,0.0,-4.383250598039012e-06,0.0,0.0,0.00390625,1774010550.4261947,15522816.0,1339.109166339,0.0,0.015625,-0.14953185617923737,0.0,0.0,0.015625
209.37103271484375,15776768.0,20.154296875,0.0,22000.18174738945,0.003620747709646821,"{'path': 'media/html/render_15776768_1b7a51c30404e082db89.html', 'size': 4750789.0, '_type': 'html-file', 'sha256': '1b7a51c30404e082db89d08e46d7402d7045eb0ec01027cc2cbcc73d17610782'}",0.0,1.0719694500949117e-06,0.0,0.0,0.0,1774010607.4688213,15776768.0,1380.645069914,0.0,0.0,-0.19595006108283997,0.0,0.0,0.0
213.65481567382812,16030720.0,21.6640625,0.0,21935.924753496474,0.002868812531232834,,0.0,8.297786735056434e-06,0.0,0.0,0.0,1774010607.671062,16030720.0,1396.389518147,0.0,0.0,-0.15004144608974457,0.0,0.0,0.0
232.84768676757812,16284672.0,18.951171875,0.0,21947.943880289866,0.0034538719337433577,,0.0,-6.635318641201593e-06,0.0,0.0,0.0,1774010623.2128181,16284672.0,1411.923575813,0.0,0.0,-0.14218540489673615,0.0,0.0,0.0
241.5425567626953,16538624.0,23.986328125,0.0,21962.977831978846,0.004099893383681774,,0.0,-6.997258424235042e-06,0.0,0.0,0.005859375,1774010638.7469008,16538624.0,1427.454310157,0.0,0.072265625,-0.1866418570280075,0.0,0.0,0.072265625
188.63986206054688,16792576.0,19.541015625,0.0,21954.47265720232,0.003646077821031213,,0.0,7.2151947279053275e-06,0.0,0.0,0.0,1774010654.2775097,16792576.0,1442.98914183,0.0,0.0,-0.20127281546592712,0.0,0.0,0.0
142.31991577148438,17046528.0,17.896484375,0.0,21954.361338692815,0.002972866641357541,"{'size': 4742501.0, '_type': 'html-file', 'sha256': '609b61d4f4242a1d857b0e6c147d69518dce56326511ae6e57423591c3a4c99b', 'path': 'media/html/render_17046528_609b61d4f4242a1d857b.html'}",0.0,2.5679364625830203e-06,0.0,0.0,0.001953125,1774010712.2373407,17046528.0,1485.413587143,0.0,0.001953125,-0.16646750271320343,0.0,0.0,0.001953125
218.43173217773438,17300480.0,23.65234375,0.0,21968.22056858682,0.0023187599144876003,,0.0,3.5853017834597267e-06,0.0,0.0,0.0078125,1774010712.4364247,17300480.0,1501.1843307,0.0,0.1328125,-0.1345309168100357,0.0,0.0,0.1328125
155.08139038085938,17554432.0,18.69140625,0.0,21899.225815641144,0.0019216645741835237,,0.0,4.866601102548884e-06,0.0,0.0,0.001953125,1774010728.0077102,17554432.0,1516.735967956,0.0,0.009765625,-0.10169955343008041,0.0,0.0,0.009765625
135.0628662109375,17808384.0,17.6875,0.0,21923.256356724534,0.0017527344170957804,,0.0,1.4990426961958292e-06,0.0,0.0,0.0,1774010743.5593097,17808384.0,1532.299557565,0.0,0.0,-0.08552106469869614,0.0,0.0,0.0
96.49552917480469,18062336.0,15.486328125,0.0,21906.67174680897,0.001635878812521696,,0.0,-1.9807732769550057e-06,0.0,0.0,0.0,1774010759.122839,18062336.0,1547.824730924,0.0,0.0,-0.05455588176846504,0.0,0.0,0.0
135.11802673339844,18316288.0,11.244140625,0.0,21965.893325364323,0.002035365905612707,"{'sha256': '68d9f78fbff9045c88ebf03b12229dbb9382c757568ec43a3606803f7092f9ca', 'path': 'media/html/render_18316288_68d9f78fbff9045c88eb.html', 'size': 4732469.0, '_type': 'html-file'}",0.0,-2.2380706923286198e-06,0.0,0.0,0.0,1774010816.7104015,18316288.0,1589.88665259,0.0,0.0,-0.061831604689359665,0.0,0.0,0.0
116.28794860839844,18570240.0,14.1640625,0.0,21966.231712224253,0.002417858224362135,,0.0,1.038256641550106e-06,0.0,0.0,0.005859375,1774010816.918587,18570240.0,1605.670492,0.0,0.0546875,-0.0830000564455986,0.0,0.0,0.0546875
196.47210693359375,18824192.0,16.328125,0.0,21885.609514695097,0.0018300083465874195,,0.0,-4.10118173022056e-06,0.0,0.0,0.00390625,1774010832.493662,18824192.0,1621.233729956,0.0,0.033203125,-0.09333661198616028,0.0,0.0,0.033203125
175.1805419921875,19078144.0,15.62890625,0.0,21911.96381244001,0.0017391105648130178,,0.0,1.8420502101434977e-06,0.0,0.0,0.001953125,1774010848.0568879,19078144.0,1636.788263336,0.0,0.00390625,-0.09064482152462006,0.0,0.0,0.00390625
194.3042449951172,19332096.0,20.740234375,0.0,21912.90505208469,0.0015108726220205426,,0.0,1.673318706707505e-06,0.0,0.0,0.013671875,1774010863.6116333,19332096.0,1652.359585954,0.0,0.232421875,-0.06845750659704208,0.0,0.0,0.232421875
169.2881317138672,19586048.0,17.171875,0.0,21941.091305655864,0.0016257601091638207,"{'path': 'media/html/render_19586048_c365cfcaf1a448891efc.html', 'size': 4750853.0, '_type': 'html-file', 'sha256': 'c365cfcaf1a448891efc29f3f1fbb8ea77ff4657b0709982b2592e540a91cf21'}",0.0,1.9974913811893202e-06,0.0,0.0,0.001953125,1774010920.961835,19586048.0,1694.13811617,0.0,0.001953125,-0.07885817438364029,0.0,0.0,0.001953125
200.8988494873047,19840000.0,17.146484375,0.0,21875.136931829933,0.0012684178072959185,,0.0,-1.3614857152788318e-06,0.0,0.0,0.0,1774010921.16609,19840000.0,1709.915815407,0.0,0.0,-0.061834994703531265,0.0,0.0,0.0
148.50205993652344,20093952.0,17.6875,0.0,21882.38352010349,0.0012697489000856876,,0.0,6.241505161597161e-07,0.0,0.0,0.009765625,1774010936.7390978,20093952.0,1725.476012252,0.0,0.025390625,-0.057467471808195114,0.0,0.0,0.025390625
242.47068786621094,20347904.0,17.41015625,0.0,21907.461135700185,0.0018182722851634026,,0.0,-3.021980774065014e-06,0.0,0.0,0.0,1774010952.299295,20347904.0,1741.025311454,0.0,0.0,-0.09116670489311218,0.0,0.0,0.0
203.27090454101562,20601856.0,17.021484375,0.0,21924.66609189007,0.0016818034928292036,,0.0,-5.193588094698498e-06,0.0,0.0,0.0,1774010967.8486753,20601856.0,1756.600856566,0.0,0.0,-0.10118326544761658,0.0,0.0,0.0
162.3117218017578,20855808.0,15.46484375,0.0,21872.89314826754,0.00271676410920918,"{'path': 'media/html/render_20855808_cf4b8edf4a7f45ec21a6.html', 'size': 4756161.0, '_type': 'html-file', 'sha256': 'cf4b8edf4a7f45ec21a65959ee6bbe7e6ab8bb6223ca3c31bb4dbc63d1688faa'}",0.0,-9.779246283869725e-06,0.0,0.0,0.001953125,1774011025.9105275,20855808.0,1799.086780706,0.0,0.021484375,-0.15323133766651154,0.0,0.0,0.021484375
211.40667724609375,21109760.0,20.01953125,0.0,21939.71109104755,0.00234161876142025,,0.0,5.51435141460388e-06,0.0,0.0,0.001953125,1774011026.1266396,21109760.0,1814.876647567,0.0,0.0078125,-0.1555125117301941,0.0,0.0,0.0078125
155.52243041992188,21363712.0,17.482421875,0.0,21888.507201072858,0.0019092959119006991,,0.0,-1.297605467698304e-05,0.0,0.0,0.0078125,1774011041.6997657,21363712.0,1830.419591128,0.0,0.064453125,-0.1420098841190338,0.0,0.0,0.064453125
144.3904266357422,21617664.0,12.568359375,0.0,21943.251459553765,0.00227877008728683,,0.0,5.948261332378024e-06,0.0,0.0,0.0,1774011057.2426724,21617664.0,1845.981021531,0.0,0.0,-0.14042319357395172,0.0,0.0,0.0
194.99557495117188,21871616.0,21.728515625,0.0,21898.58739113174,0.00281935790553689,,0.0,-6.66903986257239e-07,0.0,0.0,0.005859375,1774011072.8042073,21871616.0,1861.519050335,0.0,0.0390625,-0.15690338611602783,0.0,0.0,0.0390625
211.30197143554688,22125568.0,21.9375,0.0,21943.734263961094,0.002781666349619627,"{'_type': 'html-file', 'sha256': '0b84cd6594526b645826787b116112803f5104830d0928492771be694eed9502', 'path': 'media/html/render_22125568_0b84cd6594526b645826.html', 'size': 4737609.0}",0.0,8.03064995125169e-06,0.0,0.0,0.009765625,1774011129.5933738,22125568.0,1902.769636211,0.0,0.11328125,-0.15229657292366028,0.0,0.0,0.11328125
193.6276092529297,22379520.0,14.17578125,0.0,21921.888761970447,0.002570649841800332,,0.0,5.043662554271577e-07,0.0,0.0,0.0,1774011129.800358,22379520.0,1918.551424513,0.0,0.0,-0.1406823843717575,0.0,0.0,0.0
193.59727478027344,22633472.0,19.4375,0.0,21897.574452607867,0.0029123560525476933,,0.0,3.1424337976204697e-06,0.0,0.0,0.015625,1774011145.3745074,22633472.0,1934.130642241,0.0,0.37890625,-0.15185318887233734,0.0,0.0,0.37890625
175.05963134765625,22887424.0,17.162109375,0.0,21872.20550616781,0.0030344377737492323,,0.0,5.965312084299512e-06,0.0,0.0,0.001953125,1774011160.9538226,22887424.0,1949.673540556,0.0,0.037109375,-0.14285679161548615,0.0,0.0,0.037109375
181.49110412597656,23141376.0,12.978515625,0.0,21932.435522233805,0.00251185055822134,,0.0,1.7742083855409874e-06,0.0,0.0,0.00390625,1774011176.4966178,23141376.0,1965.209346067,0.0,0.0234375,-0.12249254435300827,0.0,0.0,0.0234375
189.49093627929688,23395328.0,16.998046875,0.0,21946.325405974363,0.0023502428084611893,"{'_type': 'html-file', 'sha256': 'aa66ce8f9d4baa60d49f1647a949412dea1dd8e7c327b5c95399b360cf07cf1c', 'path': 'media/html/render_23395328_aa66ce8f9d4baa60d49f.html', 'size': 4741901.0}",0.0,6.815907909185626e-07,0.0,0.0,0.013671875,1774011234.255462,23395328.0,2007.431765717,0.0,0.115234375,-0.11736135929822922,0.0,0.0,0.115234375
182.01129150390625,23649280.0,14.1640625,0.0,21928.432291424982,0.004029917065054178,,0.0,-6.809365459048422e-06,0.0,0.0,0.009765625,1774011234.459434,23649280.0,2023.228845879,0.0,0.091796875,-0.15495182573795319,0.0,0.0,0.091796875
176.00245666503906,23903232.0,12.416015625,0.0,21855.030288147747,0.006917071528732777,,0.0,-7.231571089505451e-06,0.0,0.0,0.00390625,1774011250.0521579,23903232.0,2038.781255647,0.0,0.021484375,-0.23287619650363922,0.0,0.0,0.021484375
170.97244262695312,24157184.0,11.876953125,0.0,21930.571892009662,0.0076154074631631374,,0.0,-1.3540852705773432e-06,0.0,0.0,0.005859375,1774011265.604404,24157184.0,2054.334523718,0.0,0.01953125,-0.27969828248023987,0.0,0.0,0.01953125
174.66615295410156,24411136.0,16.90234375,0.0,21913.477588928825,0.008704612031579018,,0.0,8.679728125571273e-06,0.0,0.0,0.001953125,1774011281.1577027,24411136.0,2069.869607166,0.0,0.0078125,-0.24632993340492249,0.0,0.0,0.0078125
183.1300811767578,24665088.0,13.208984375,0.0,21948.05151571411,0.007798583712428808,"{'path': 'media/html/render_24665088_2d90ff9ddbc26132d824.html', 'size': 4730769.0, '_type': 'html-file', 'sha256': '2d90ff9ddbc26132d8247330d7cd80db401134d364a82fce9b5acd1f5c880a8c'}",0.0,4.737264589493861e-06,0.0,0.0,0.0,1774011339.16779,24665088.0,2112.344087212,0.0,0.0,-0.22158056497573853,0.0,0.0,0.0
186.58056640625,24919040.0,15.755859375,0.0,21958.51663743027,0.008168408647179604,,0.0,-3.2988834846037207e-06,0.0,0.0,0.00390625,1774011339.373821,24919040.0,2128.115624659,0.0,0.033203125,-0.21596689522266388,0.0,0.0,0.033203125
180.1787109375,25172992.0,18.873046875,0.0,21903.04633497283,0.007621800992637873,,0.0,5.4852816901984625e-06,0.0,0.0,0.03125,1774011354.938804,25172992.0,2143.653315433,0.0,0.759765625,-0.1980794072151184,0.0,0.0,0.759765625
188.87835693359375,25426944.0,14.228515625,0.0,21951.552051382965,0.006467362865805626,,0.0,-3.952141014451627e-06,0.0,0.0,0.005859375,1774011370.4764442,25426944.0,2159.190878656,0.0,0.05859375,-0.18634580075740814,0.0,0.0,0.05859375
183.29574584960938,25680896.0,16.6484375,0.0,21940.073979371773,0.006650856696069241,,0.0,2.6018615244538523e-06,0.0,0.0,0.01171875,1774011386.01393,25680896.0,2174.749010758,0.0,0.18359375,-0.2118014693260193,0.0,0.0,0.18359375
189.04681396484375,25934848.0,17.806640625,0.0,21903.695379289835,0.0059660798870027065,"{'path': 'media/html/render_25934848_63cdbacb355b98f78637.html', 'size': 4730485.0, '_type': 'html-file', 'sha256': '63cdbacb355b98f78637e96d587c9076742934c901b98352ab5c084522009f09'}",0.0,-2.02336900656519e-06,0.0,0.0,0.00390625,1774011443.747479,25934848.0,2216.923778884,0.0,0.087890625,-0.18692927062511444,0.0,0.0,0.087890625
211.05233764648438,26188800.0,14.84375,0.0,21941.447007961528,0.006407473236322403,,0.0,-1.9571089069359004e-06,0.0,0.0,0.01171875,1774011443.9623997,26188800.0,2232.734900856,0.0,0.1328125,-0.20905949175357819,0.0,0.0,0.1328125
189.65524291992188,26442752.0,16.658203125,0.0,21843.424449970258,0.007441970054060221,,0.0,2.166544618376065e-06,0.0,0.0,0.009765625,1774011459.5581617,26442752.0,2248.287164757,0.0,0.146484375,-0.22561301290988922,0.0,0.0,0.146484375
186.9248046875,26696704.0,14.92578125,0.0,21925.29791424022,0.006628911942243576,,0.0,2.033321209182759e-07,0.0,0.0,0.013671875,1774011475.1102142,26696704.0,2263.858815203,0.0,0.123046875,-0.2251335233449936,0.0,0.0,0.123046875
203.10076904296875,26950656.0,17.1875,0.0,21878.749514407238,0.006708922330290079,,0.0,6.0827669585705735e-06,0.0,0.0,0.00390625,1774011490.6815205,26950656.0,2279.400055344,0.0,0.029296875,-0.213551327586174,0.0,0.0,0.029296875
192.15322875976562,27204608.0,17.837890625,0.0,21932.192107912906,0.006606253329664469,"{'path': 'media/html/render_27204608_6b896f0aa2993e9c4970.html', 'size': 4748277.0, '_type': 'html-file', 'sha256': '6b896f0aa2993e9c4970480749ca20f93c03dfd484d21b7dd7f648080560021d'}",0.0,-6.789252438466065e-06,0.0,0.0,0.013671875,1774011548.440449,27204608.0,2321.616727923,0.0,0.263671875,-0.22003871202468872,0.0,0.0,0.263671875
194.50148010253906,27458560.0,13.84765625,0.0,21910.627823751194,0.010110714472830296,,0.0,-5.47739591638674e-06,0.0,0.0,0.01171875,1774011548.6566083,27458560.0,2337.411792057,0.0,0.181640625,-0.28710731863975525,0.0,0.0,0.181640625
203.11138916015625,27712512.0,14.06640625,0.0,21881.505135257517,0.009915169328451157,,0.0,2.478541546224733e-06,0.0,0.0,0.0,1774011564.234995,27712512.0,2352.967640348,0.0,0.0,-0.2958751320838928,0.0,0.0,0.0
187.34927368164062,27966464.0,18.521484375,0.0,21916.382209093746,0.00807790458202362,,0.0,-1.8386659803582006e-06,0.0,0.0,0.029296875,1774011579.79078,27966464.0,2368.504714277,0.0,1.01171875,-0.2703911364078522,0.0,0.0,1.01171875
196.89190673828125,28220416.0,15.26171875,0.0,21947.70012161413,0.007037207018584013,,0.0,-1.8891248600994004e-06,0.0,0.0,0.0234375,1774011595.3273218,28220416.0,2384.050392986,0.0,0.361328125,-0.241874560713768,0.0,0.0,0.361328125
181.59848022460938,28474368.0,20.9453125,0.0,21926.196067252484,0.007654357235878706,"{'path': 'media/html/render_28474368_f98c92f4bf5f72569b59.html', 'size': 4750677.0, '_type': 'html-file', 'sha256': 'f98c92f4bf5f72569b5916d02ce626825b7e32ca15d9b4399e3e41c78a810323'}",0.0,5.026629878557287e-06,0.0,0.0,0.0078125,1774011653.1501625,28474368.0,2426.326463903,0.0,0.14453125,-0.23792628943920135,0.0,0.0,0.14453125
173.4925537109375,28728320.0,13.41796875,0.0,21957.77018807395,0.008258596062660217,,0.0,-2.8472259145928547e-06,0.0,0.0,0.0,1774011653.3643312,28728320.0,2442.105073929,0.0,0.0,-0.2611556053161621,0.0,0.0,0.0
208.81893920898438,28982272.0,14.654296875,0.0,21903.966538966586,0.007588923908770084,,0.0,1.473696556786308e-06,0.0,0.0,0.00390625,1774011668.9283495,28982272.0,2457.675992724,0.0,0.119140625,-0.24338838458061218,0.0,0.0,0.119140625
176.82791137695312,29236224.0,15.392578125,0.0,21936.42440289896,0.00853023026138544,,0.0,1.8019583194472943e-06,0.0,0.0,0.00390625,1774011684.4990437,29236224.0,2473.216522405,0.0,0.025390625,-0.2491230070590973,0.0,0.0,0.025390625
184.7213592529297,29490176.0,18.62109375,0.0,21940.001219978487,0.00989688653498888,,0.0,-1.142488508776296e-05,0.0,0.0,0.0078125,1774011700.0392938,29490176.0,2488.752129525,0.0,0.3125,-0.2782556414604187,0.0,0.0,0.3125
217.13331604003906,29744128.0,16.865234375,0.0,21948.67021375286,0.011617043055593967,"{'path': 'media/html/render_29744128_1ae659bc5bb38e92bbc5.html', 'size': 4761237.0, '_type': 'html-file', 'sha256': '1ae659bc5bb38e92bbc5ece69a4c71ed302578717b01c63ec6b5e5c989b3a921'}",0.0,7.725538125669118e-06,0.0,0.0,0.0078125,1774011757.9458983,29744128.0,2531.122148697,0.0,0.138671875,-0.3326740264892578,0.0,0.0,0.138671875
203.68408203125,29998080.0,18.044921875,0.0,21938.85295085339,0.013019812293350697,,0.0,-5.023305789109145e-07,0.0,0.0,0.0,1774011758.1556807,29998080.0,2546.897748504,0.0,0.0,-0.3284445106983185,0.0,0.0,0.0
217.7296905517578,30252032.0,15.71484375,0.0,21909.055406126707,0.011458735913038254,,0.0,3.411525540286675e-06,0.0,0.0,0.01171875,1774011773.7210276,30252032.0,2562.442758027,0.0,0.20703125,-0.3128593862056732,0.0,0.0,0.20703125
185.0753936767578,30505984.0,11.51953125,0.0,21936.211168181748,0.012408359907567501,,0.0,-7.314865797525272e-07,0.0,0.0,0.009765625,1774011789.2660322,30505984.0,2577.977396398,0.0,0.150390625,-0.31915298104286194,0.0,0.0,0.150390625
170.31552124023438,30759936.0,16.35546875,0.0,21955.08221393325,0.012158709578216076,,0.0,-1.1515350706758909e-05,0.0,0.0,0.005859375,1774011804.8000135,30759936.0,2593.510924078,0.0,0.060546875,-0.33138778805732727,0.0,0.0,0.060546875
196.85935974121094,31013888.0,15.16796875,0.0,21948.227895372365,0.0145591264590621,"{'size': 4741017.0, '_type': 'html-file', 'sha256': '1e1b105cc59080a6aacb3693165e42d73b2abe1b93978413e1b438e562505de5', 'path': 'media/html/render_31013888_1e1b105cc59080a6aacb.html'}",0.0,2.325239620404318e-06,0.0,0.0,0.001953125,1774011861.535124,31013888.0,2634.711417929,0.0,0.001953125,-0.3740408420562744,0.0,0.0,0.001953125
179.33224487304688,31267840.0,13.4296875,0.0,21943.386624563896,0.01696193777024746,,0.0,3.334655957587529e-06,0.0,0.0,0.021484375,1774011861.7498164,31267840.0,2650.484697968,0.0,0.458984375,-0.3922789990901947,0.0,0.0,0.458984375
174.99411010742188,31521792.0,17.798828125,0.0,21917.014005053075,0.013648277148604393,,0.0,-3.254797036333912e-07,0.0,0.0,0.01171875,1774011877.307945,31521792.0,2666.026460391,0.0,0.12109375,-0.34283655881881714,0.0,0.0,0.12109375
174.64141845703125,31775744.0,11.39453125,0.0,21937.708868346588,0.01179660763591528,,0.0,3.724525868165074e-06,0.0,0.0,0.0,1774011892.8496377,31775744.0,2681.542009426,0.0,0.0,-0.29000067710876465,0.0,0.0,0.0
202.37774658203125,32029696.0,14.916015625,0.0,21986.00715700388,0.011321558617055416,,0.0,-2.1694145289075095e-06,0.0,0.0,0.0234375,1774011908.365224,32029696.0,2697.075692529,0.0,0.40625,-0.29644575715065,0.0,0.0,0.40625
207.6639404296875,32283648.0,16.451171875,0.0,21953.221520215488,0.01325937733054161,"{'path': 'media/html/render_32283648_3e454e58c6bcd28b6ea6.html', 'size': 4739593.0, '_type': 'html-file', 'sha256': '3e454e58c6bcd28b6ea6108b816799e931b09c9141defcb8ef708a0db431bc85'}",0.0,1.4006459423399065e-06,0.0,0.0,0.001953125,1774011966.4699743,32283648.0,2739.646242034,0.0,0.02734375,-0.329677939414978,0.0,0.0,0.02734375
197.11383056640625,32537600.0,19.28515625,0.0,21953.506124381503,0.016756344586610794,,0.0,-3.3661071938695386e-06,0.0,0.0,0.013671875,1774011966.6754155,32537600.0,2755.425172274,0.0,0.27734375,-0.3618885576725006,0.0,0.0,0.27734375
198.61669921875,32791552.0,17.740234375,0.0,21894.59785611948,0.021590474992990494,,0.0,-6.2017006712267175e-06,0.0,0.0,0.009765625,1774011982.2484336,32791552.0,2770.936637466,0.0,0.40234375,-0.4247768223285675,0.0,0.0,0.40234375
194.55747985839844,33045504.0,18.857421875,0.0,21993.655733235053,0.017783809453248978,,0.0,2.1275770905049285e-06,0.0,0.0,0.025390625,1774011997.7598917,33045504.0,2786.471193601,0.0,0.59375,-0.4175013303756714,0.0,0.0,0.59375
165.75680541992188,33299456.0,16.08203125,0.0,21955.493129477443,0.017373157665133476,,0.0,-3.257865500927437e-06,0.0,0.0,0.001953125,1774012013.2938273,33299456.0,2802.011684152,0.0,0.001953125,-0.395486444234848,0.0,0.0,0.001953125
192.5651092529297,33553408.0,17.7734375,0.0,21933.939933585265,0.018444733694195747,"{'path': 'media/html/render_33553408_9ac5738bf52ced1b2637.html', 'size': 4750297.0, '_type': 'html-file', 'sha256': '9ac5738bf52ced1b26370fa8e74678e6dc2f4e43de0a3d98add8f056215cd9fc'}",0.0,4.9321470214636065e-06,0.0,0.0,0.015625,1774012071.3452532,33553408.0,2844.521522489,0.0,0.337890625,-0.4065481126308441,0.0,0.0,0.337890625
160.85104370117188,33807360.0,17.435546875,0.0,21957.169534630248,0.013276497833430767,,0.0,7.776608072163071e-06,0.0,0.0,0.005859375,1774012071.5511959,33807360.0,2860.296180468,0.0,0.099609375,-0.34074145555496216,0.0,0.0,0.099609375
156.6639404296875,34061312.0,14.10546875,0.0,21896.647583420447,0.014529116451740265,,0.0,-6.234957936612773e-07,0.0,0.0,0.015625,1774012087.119388,34061312.0,2875.847342595,0.0,0.146484375,-0.3276944160461426,0.0,0.0,0.146484375
195.25241088867188,34315264.0,17.35546875,0.0,21925.57141435051,0.011987061239778996,,0.0,3.2418013233836973e-06,0.0,0.0,0.00390625,1774012102.6705317,34315264.0,2891.378048274,0.0,0.04296875,-0.2801457345485687,0.0,0.0,0.04296875
216.8799591064453,34569216.0,16.765625,0.0,21954.03281991719,0.01396535150706768,,0.0,-3.618249820647179e-06,0.0,0.0,0.01953125,1774012118.2013896,34569216.0,2906.917364865,0.0,0.283203125,-0.3176342248916626,0.0,0.0,0.283203125
199.09115600585938,34823168.0,18.44921875,0.0,21940.17430678009,0.01779794692993164,"{'path': 'media/html/render_34823168_8659abd6b0326362aa41.html', 'size': 4729441.0, '_type': 'html-file', 'sha256': '8659abd6b0326362aa413853352ddb62acdea89005b831b83e76a318cbbe8c43'}",0.0,-8.254784006567206e-06,0.0,0.0,0.01953125,1774012174.9975832,34823168.0,2948.173867416,0.0,0.37109375,-0.38654690980911255,0.0,0.0,0.37109375
195.04672241210938,35077120.0,16.9296875,0.0,21949.533645269006,0.013549021445214748,,0.0,1.6884907836356433e-06,0.0,0.0,0.009765625,1774012175.2140284,35077120.0,2963.9659775,0.0,0.263671875,-0.3443237543106079,0.0,0.0,0.263671875
213.17218017578125,35331072.0,18.810546875,0.0,21889.93901239322,0.01730111800134182,,0.0,3.406665882721427e-06,0.0,0.0,0.0,1774012190.7892904,35331072.0,2979.499052277,0.0,0.0,-0.3573138415813446,0.0,0.0,0.0
219.48153686523438,35585024.0,18.818359375,0.0,21956.939602145452,0.02004852332174778,,0.0,-1.4966419712436618e-06,0.0,0.0,0.00390625,1774012206.3222694,35585024.0,2995.047255254,0.0,0.04296875,-0.4180210828781128,0.0,0.0,0.04296875
203.06704711914062,35838976.0,15.759765625,0.0,21924.228801887428,0.02281280606985092,,0.0,-1.1387841368559748e-05,0.0,0.0,0.0,1774012221.8704941,35838976.0,3010.576138775,0.0,0.0,-0.4507567882537842,0.0,0.0,0.0
211.05508422851562,36092928.0,19.298828125,0.0,21957.180397701417,0.018502354621887207,"{'path': 'media/html/render_36092928_3a3dd8dd677abe923853.html', 'size': 4730401.0, '_type': 'html-file', 'sha256': '3a3dd8dd677abe923853de9e59d12ed94582c23d9591f7b8c1d8ae3982474098'}",0.0,8.689144124218728e-06,0.0,0.0,0.025390625,1774012279.8503103,36092928.0,3053.026581103,0.0,0.55078125,-0.43713241815567017,0.0,0.0,0.55078125
223.24546813964844,36346880.0,21.130859375,0.0,21940.8793360685,0.019834477454423904,,0.0,4.656470082409214e-06,0.0,0.0,0.021484375,1774012280.0644937,36346880.0,3068.820626499,0.0,0.47265625,-0.44230401515960693,0.0,0.0,0.47265625
181.1285400390625,36600832.0,18.33203125,0.0,21873.676061895112,0.020621392875909805,,0.0,-1.3847301261193934e-06,0.0,0.0,0.00390625,1774012295.6437879,36600832.0,3084.342744466,0.0,0.060546875,-0.42573127150535583,0.0,0.0,0.060546875
191.38949584960938,36854784.0,17.25,0.0,21973.26862508934,0.0207354873418808,,0.0,-4.982936729902576e-08,0.0,0.0,0.0078125,1774012311.1659503,36854784.0,3099.878323829,0.0,0.091796875,-0.43711939454078674,0.0,0.0,0.091796875
190.2572784423828,37108736.0,17.572265625,0.0,21943.93589081694,0.019811592996120453,,0.0,-4.701232114712184e-08,0.0,0.0,0.013671875,1774012326.7015083,37108736.0,3115.417031106,0.0,0.3671875,-0.4047662615776062,0.0,0.0,0.3671875
169.9562530517578,37362688.0,15.638671875,0.0,21940.138604579173,0.01985170878469944,"{'size': 4733685.0, '_type': 'html-file', 'sha256': '3f7e30443a4cce3f1bac2666855240da7c85cdb4be726cb7f6a27b0f857300b9', 'path': 'media/html/render_37362688_3f7e30443a4cce3f1bac.html'}",0.0,-2.6906729999609524e-06,0.0,0.0,0.00390625,1774012384.8193772,37362688.0,3157.995629816,0.0,0.080078125,-0.42548897862434387,0.0,0.0,0.080078125
176.76161193847656,37616640.0,19.62890625,0.0,21943.76003220926,0.018388748168945312,,0.0,-4.2372444113425445e-06,0.0,0.0,0.021484375,1774012385.0251656,37616640.0,3173.776643871,0.0,0.2109375,-0.43087923526763916,0.0,0.0,0.2109375
210.10382080078125,37870592.0,19.978515625,0.0,21889.60881999548,0.015620539896190166,,0.0,-2.5944944354705513e-05,0.0,0.0,0.005859375,1774012400.5997784,37870592.0,3189.318130788,0.0,0.119140625,-0.43317165970802307,0.0,0.0,0.119140625
210.3802947998047,38124544.0,19.865234375,0.0,21941.43209263954,0.017554715275764465,,0.0,-5.05601519762422e-06,0.0,0.0,0.00390625,1774012416.141292,38124544.0,3204.840260698,0.0,0.123046875,-0.5376349687576294,0.0,0.0,0.123046875
201.73326110839844,38378496.0,16.337890625,0.0,21970.62398623123,0.015799060463905334,,0.0,9.501071872364264e-06,0.0,0.0,0.001953125,1774012431.6633306,38378496.0,3220.373701568,0.0,0.126953125,-0.5082988142967224,0.0,0.0,0.126953125
197.0242919921875,38632448.0,22.2890625,0.0,21953.453184733153,0.02013239450752735,"{'path': 'media/html/render_38632448_e3366bde9c6e93df801d.html', 'size': 4746913.0, '_type': 'html-file', 'sha256': 'e3366bde9c6e93df801d18e01dfef4ba1d7cde6d0ac8dcf45390a8d12d470ce2'}",0.0,8.235352652263828e-06,0.0,0.0,0.0078125,1774012488.511216,38632448.0,3261.687564919,0.0,0.1875,-0.4978644549846649,0.0,0.0,0.1875
214.34188842773438,38886400.0,18.61328125,0.0,21975.888510283537,0.021811816841363907,,0.0,-7.759437039567274e-07,0.0,0.0,0.01171875,1774012488.734958,38886400.0,3277.474988382,0.0,0.5703125,-0.49215200543403625,0.0,0.0,0.5703125
233.14166259765625,39140352.0,19.138671875,0.0,21906.988937334707,0.02185266651213169,,0.0,-2.7608389245870057e-06,0.0,0.0,0.021484375,1774012504.2980783,39140352.0,3293.01407348,0.0,0.58984375,-0.5209606885910034,0.0,0.0,0.58984375
232.49267578125,39394304.0,18.728515625,0.0,21942.43010798895,0.026212578639388084,,0.0,-1.5595475133522996e-07,0.0,0.0,0.01953125,1774012519.8373127,39394304.0,3308.548583732,0.0,0.466796875,-0.5515380501747131,0.0,0.0,0.466796875
207.1127471923828,39648256.0,20.76171875,0.0,21947.74805888518,0.026917120441794395,,0.0,-8.290916412079241e-06,0.0,0.0,0.03515625,1774012535.3716953,39648256.0,3324.076449864,0.0,1.18359375,-0.5503090023994446,0.0,0.0,1.18359375
202.89088439941406,39902208.0,24.853515625,0.0,21957.216608016275,0.026882728561758995,"{'size': 4730149.0, '_type': 'html-file', 'sha256': 'b827c1cd41495fa0dc272be6e6bce1218fe55c2ed6c4dba0ba7dd4d279a468f6', 'path': 'media/html/render_39902208_b827c1cd41495fa0dc27.html'}",0.0,-3.7580589378194418e-06,0.0,0.0,0.015625,1774012593.842627,39902208.0,3367.0189118,0.0,0.328125,-0.6011394262313843,0.0,0.0,0.328125
217.93055725097656,40156160.0,15.3359375,0.0,21970.81432457837,0.02705943025648594,,0.0,3.1461390790354926e-06,0.0,0.0,0.013671875,1774012594.0604808,40156160.0,3382.812937716,0.0,0.248046875,-0.6197732090950012,0.0,0.0,0.248046875
214.65634155273438,40410112.0,24.16796875,0.0,21888.68307481005,0.02591591700911522,,0.0,2.3742411485727644e-06,0.0,0.0,0.01953125,1774012609.6361616,40410112.0,3398.353107605,0.0,0.251953125,-0.5958840250968933,0.0,0.0,0.251953125
209.15109252929688,40664064.0,21.404296875,0.0,21945.714526761898,0.02510589361190796,,0.0,-2.177158421545755e-06,0.0,0.0,0.03515625,1774012625.176367,40664064.0,3413.901257947,0.0,0.4375,-0.5805619359016418,0.0,0.0,0.4375
215.8836669921875,40918016.0,19.951171875,0.0,21928.500911086783,0.023868802934885025,,0.0,1.478961348766461e-05,0.0,0.0,0.01171875,1774012640.7245355,40918016.0,3429.443069986,0.0,0.1171875,-0.5789650082588196,0.0,0.0,0.1171875
211.80796813964844,41171968.0,16.412109375,0.0,21937.59817159202,0.022255703806877136,"{'size': 4764305.0, '_type': 'html-file', 'sha256': '7c4e06fb615a9a21d6a73da39f9704ee3027e9d4f1399b8565a03f30d0d312de', 'path': 'media/html/render_41171968_7c4e06fb615a9a21d6a7.html'}",0.0,1.353136667603394e-06,0.0,0.0,0.01171875,1774012699.31348,41171968.0,3472.489731482,0.0,0.103515625,-0.5293006300926208,0.0,0.0,0.103515625
215.855224609375,41425920.0,23.037109375,0.0,21919.286246170795,0.019657684490084648,,0.0,1.8998341033693578e-07,0.0,0.0,0.0234375,1774012699.5327368,41425920.0,3488.280796998,0.0,0.3984375,-0.4978399872779846,0.0,0.0,0.3984375
197.07742309570312,41679872.0,15.478515625,0.0,21894.678865724654,0.02065022848546505,,0.0,-7.455518016286078e-07,0.0,0.0,0.01171875,1774012715.1038966,41679872.0,3503.819434204,0.0,0.15625,-0.506760835647583,0.0,0.0,0.15625
197.37722778320312,41933824.0,19.228515625,0.0,21948.59875415676,0.021125609055161476,,0.0,-6.565287094417727e-06,0.0,0.0,0.017578125,1774012730.642597,41933824.0,3519.333841867,0.0,0.39453125,-0.5235454440116882,0.0,0.0,0.39453125
214.122314453125,42187776.0,19.654296875,0.0,21989.154831575324,0.023244816809892654,,0.0,4.648809408536181e-06,0.0,0.0,0.025390625,1774012746.1569505,42187776.0,3534.869176849,0.0,0.486328125,-0.5599885582923889,0.0,0.0,0.486328125
202.95301818847656,42441728.0,13.953125,0.0,21951.67057982005,0.02416749857366085,"{'path': 'media/html/render_42441728_aea865694118c2072f7f.html', 'size': 4745221.0, '_type': 'html-file', 'sha256': 'aea865694118c2072f7fe9b0b11d348c1ba2be08192d5b1ef5fe900ee2390e7e'}",0.0,7.068047580105485e-06,0.0,0.0,0.009765625,1774012803.0495305,42441728.0,3576.225875587,0.0,0.193359375,-0.572674572467804,0.0,0.0,0.193359375
238.62681579589844,42695680.0,19.255859375,0.0,21962.33840205431,0.024729479104280472,,0.0,1.813683525142551e-06,0.0,0.0,0.025390625,1774012803.2772326,42695680.0,3592.030765562,0.0,0.515625,-0.5994489789009094,0.0,0.0,0.515625
208.51524353027344,42949632.0,21.650390625,0.0,21890.3564906102,0.022095486521720886,,0.0,-4.4098814555582067e-07,0.0,0.0,0.041015625,1774012818.853973,42949632.0,3607.571502325,0.0,1.1171875,-0.5404735207557678,0.0,0.0,1.1171875
208.68197631835938,43203584.0,20.01171875,0.0,21942.834673584974,0.025208814069628716,,0.0,-6.757178425687016e-07,0.0,0.0,0.00390625,1774012834.3946283,43203584.0,3623.10164496,0.0,0.056640625,-0.5949896574020386,0.0,0.0,0.056640625
234.9970245361328,43457536.0,20.150390625,0.0,21960.132835693534,0.02764173224568367,,0.0,-1.4200538316799793e-05,0.0,0.0,0.033203125,1774012849.92489,43457536.0,3638.636761321,0.0,0.484375,-0.6539320945739746,0.0,0.0,0.484375
173.38433837890625,43711488.0,14.736328125,0.0,21946.60576163158,0.02730708010494709,"{'path': 'media/html/render_43711488_c71ff97d07040cb30313.html', 'size': 4758661.0, '_type': 'html-file', 'sha256': 'c71ff97d07040cb303137dbc5600df987fefd5558dc17546cdcbf1a81969d1f4'}",0.0,-5.5194494052557275e-05,0.0,0.0,0.017578125,1774012908.365786,43711488.0,3681.542021772,0.0,0.251953125,-0.7847570180892944,0.0,0.0,0.251953125
157.49365234375,43965440.0,18.779296875,0.0,21944.189511921835,0.023985741659998894,,0.0,2.035849138337653e-05,0.0,0.0,0.0078125,1774012908.5838547,43965440.0,3697.34995994,0.0,0.080078125,-0.7979748249053955,0.0,0.0,0.080078125
200.5219268798828,44219392.0,12.978515625,0.0,21859.28444155902,0.020396674051880836,,0.0,1.3525715985451825e-05,0.0,0.0,0.009765625,1774012924.1730833,44219392.0,3712.887789995,0.0,0.166015625,-0.6877443790435791,0.0,0.0,0.166015625
181.9076385498047,44473344.0,19.701171875,0.0,21954.490305362375,0.01956612803041935,,0.0,1.4779851881030481e-05,0.0,0.0,0.005859375,1774012939.7110832,44473344.0,3728.436172489,0.0,0.060546875,-0.5856673717498779,0.0,0.0,0.060546875
219.369384765625,44727296.0,18.83984375,0.0,21922.296179976434,0.02148653008043766,,0.0,2.9407003694359446e-06,0.0,0.0,0.01171875,1774012955.2593417,44727296.0,3743.96581834,0.0,0.17578125,-0.5677935481071472,0.0,0.0,0.17578125
219.83358764648438,44981248.0,19.060546875,0.0,21961.247109786247,0.018709976226091385,"{'path': 'media/html/render_44981248_17ad8401d8a299530ed6.html', 'size': 4739237.0, '_type': 'html-file', 'sha256': '17ad8401d8a299530ed6bbdf063a594bcc0ba5c4c9af67247e55cd679fbffa3f'}",0.0,-4.473188255360583e-06,0.0,0.0,0.013671875,1774013013.8511157,44981248.0,3787.027356509,0.0,0.23828125,-0.5336721539497375,0.0,0.0,0.23828125
218.06988525390625,45235200.0,25.642578125,0.0,21932.034049558875,0.018352357670664787,,0.0,5.3129620027903e-06,0.0,0.0,0.033203125,1774013014.0630133,45235200.0,3802.828653484,0.0,0.423828125,-0.5421081781387329,0.0,0.0,0.423828125
175.4883270263672,45489152.0,16.3125,0.0,21868.29247357799,0.015943845734000206,,0.0,-1.1145764347020304e-06,0.0,0.0,0.0234375,1774013029.6518774,45489152.0,3818.366726156,0.0,0.494140625,-0.5163557529449463,0.0,0.0,0.494140625
198.71632385253906,45743104.0,16.166015625,0.0,21950.483091285285,0.016490520909428596,,0.0,9.606113962945528e-06,0.0,0.0,0.021484375,1774013045.1899142,45743104.0,3833.900725696,0.0,0.638671875,-0.5017497539520264,0.0,0.0,0.638671875
220.5063018798828,45997056.0,16.53125,0.0,21954.354551015334,0.01713525876402855,,0.0,2.13656803680351e-05,0.0,0.0,0.0078125,1774013060.7240207,45997056.0,3849.433082656,0.0,0.076171875,-0.46576666831970215,0.0,0.0,0.076171875
226.2191162109375,46251008.0,19.53515625,0.0,21954.817932768186,0.017181705683469772,"{'_type': 'html-file', 'sha256': '28f5f3c958167091beda5f458a60eb75180cf5faa9f8aacbfbb08c4e6ed5faf7', 'path': 'media/html/render_46251008_28f5f3c958167091beda.html', 'size': 4741261.0}",0.0,-3.619539938881644e-06,0.0,0.0,0.013671875,1774013117.545171,46251008.0,3890.721416281,0.0,0.125,-0.46103882789611816,0.0,0.0,0.125
223.67034912109375,46504960.0,14.26953125,0.0,21961.27654155713,0.01654154621064663,,0.0,-3.458340415818384e-06,0.0,0.0,0.005859375,1774013117.7601006,46504960.0,3906.493462417,0.0,0.099609375,-0.45350465178489685,0.0,0.0,0.099609375
205.82632446289062,46758912.0,18.265625,0.0,21919.79145310951,0.01604408770799637,,0.0,6.009973731124774e-06,0.0,0.0,0.017578125,1774013133.3166645,46758912.0,3922.033809912,0.0,0.498046875,-0.4288519024848938,0.0,0.0,0.498046875
184.03787231445312,47012864.0,19.015625,0.0,21945.884990745206,0.016151508316397667,,0.0,-5.293592039379291e-06,0.0,0.0,0.00390625,1774013148.8571782,47012864.0,3937.569525745,0.0,0.04296875,-0.44227179884910583,0.0,0.0,0.04296875
211.47789001464844,47266816.0,20.234375,0.0,21944.97663364264,0.015383402816951275,,0.0,9.128407327807508e-06,0.0,0.0,0.017578125,1774013164.392789,47266816.0,3953.086049655,0.0,0.251953125,-0.4541267156600952,0.0,0.0,0.251953125
221.13519287109375,47520768.0,19.05859375,0.0,21982.9420475241,0.014609509147703648,"{'path': 'media/html/render_47520768_989dd93a5e3a90c3c151.html', 'size': 4740369.0, '_type': 'html-file', 'sha256': '989dd93a5e3a90c3c1511bfe1a31081f1617b430f6395645672270d95dfbefff'}",0.0,-8.148020356202323e-07,0.0,0.0,0.021484375,1774013223.0208538,47520768.0,3996.197143108,0.0,0.515625,-0.4308502972126007,0.0,0.0,0.515625
242.11737060546875,47774720.0,16.556640625,0.0,21964.73600333371,0.014566225931048393,,0.0,-5.850039997312706e-06,0.0,0.0,0.013671875,1774013223.2411237,47774720.0,4011.978258124,0.0,0.201171875,-0.42925912141799927,0.0,0.0,0.201171875
213.131591796875,48028672.0,20.044921875,0.0,21915.253995995616,0.014143205247819424,,0.0,1.0107503840117715e-05,0.0,0.0,0.013671875,1774013238.8015983,48028672.0,4027.491130816,0.0,0.27734375,-0.41241809725761414,0.0,0.0,0.27734375
191.34054565429688,48282624.0,18.17578125,0.0,21990.247083270333,0.014029436744749546,,0.0,6.806446322116244e-07,0.0,0.0,0.0078125,1774013254.3143737,48282624.0,4043.029132759,0.0,0.142578125,-0.4029219150543213,0.0,0.0,0.142578125
230.23841857910156,48536576.0,22.7109375,0.0,21944.208047740492,0.014040928333997726,,0.0,2.9973909931868548e-06,0.0,0.0,0.01171875,1774013269.852458,48536576.0,4058.563908504,0.0,0.134765625,-0.3944421708583832,0.0,0.0,0.134765625
177.66168212890625,48790528.0,19.607421875,0.0,22002.27401682399,0.014728974550962448,"{'sha256': 'd226515c5d70b6c7145dfa6abcf77c15c91750087cbb9e766f041941735ddf26', 'path': 'media/html/render_48790528_d226515c5d70b6c7145d.html', 'size': 4750649.0, '_type': 'html-file'}",0.0,-4.2180386117252056e-06,0.0,0.0,0.0078125,1774013326.7713058,48790528.0,4099.947565884,0.0,0.201171875,-0.39636269211769104,0.0,0.0,0.201171875
200.45155334472656,49044480.0,16.390625,0.0,21942.405698921804,0.014464209787547588,,0.0,9.141467671724968e-07,0.0,0.0,0.0078125,1774013327.0029929,49044480.0,4115.729570475,0.0,0.064453125,-0.3937044143676758,0.0,0.0,0.064453125
197.56053161621094,49298432.0,19.130859375,0.0,21934.001812622777,0.01537831500172615,,0.0,-1.4953917570892372e-06,0.0,0.0,0.0078125,1774013342.5528443,49298432.0,4131.262739796,0.0,0.158203125,-0.3882823586463928,0.0,0.0,0.158203125
224.89324951171875,49552384.0,18.87109375,0.0,21959.554689265275,0.015854280441999435,,0.0,1.0197491064900532e-05,0.0,0.0,0.025390625,1774013358.0859907,49552384.0,4146.7962885,0.0,0.259765625,-0.37275588512420654,0.0,0.0,0.259765625
190.81002807617188,49806336.0,19.04296875,0.0,21951.2181880858,0.01522347703576088,,0.0,1.5302534848160576e-06,0.0,0.0,0.009765625,1774013373.6195357,49806336.0,4162.306550339,0.0,0.197265625,-0.3490266799926758,0.0,0.0,0.197265625
213.17196655273438,50060288.0,20.228515625,0.0,21995.014129688476,0.016668522730469704,"{'path': 'media/html/render_50060288_92a651d5300c469d490f.html', 'size': 4728645.0, '_type': 'html-file', 'sha256': '92a651d5300c469d490fa46f088586ff02d63d85ef10c9868e5233edda7f1feb'}",0.0,-6.47532579023391e-06,0.0,0.0,0.01171875,1774013432.23038,50060288.0,4205.406699254,0.0,0.33203125,-0.394164502620697,0.0,0.0,0.33203125
141.44766235351562,50314240.0,18.916015625,0.0,21957.20936594375,0.017561595886945724,,0.0,1.0781531045722659e-06,0.0,0.0,0.013671875,1774013432.442819,50314240.0,4221.204702682,0.0,0.15234375,-0.4065549075603485,0.0,0.0,0.15234375
181.89337158203125,50568192.0,20.310546875,0.0,21867.631608366944,0.018562261015176773,,0.0,-1.5926501646390534e-06,0.0,0.0,0.021484375,1774013448.0279326,50568192.0,4236.746143537,0.0,0.498046875,-0.40477436780929565,0.0,0.0,0.498046875
150.7971649169922,50822144.0,17.09375,0.0,21944.02947225336,0.015751853585243225,,0.0,3.6795047435589368e-06,0.0,0.0,0.037109375,1774013463.5692177,50822144.0,4252.273599986,0.0,1.01953125,-0.3821262717247009,0.0,0.0,1.01953125
208.4989013671875,51076096.0,20.76953125,0.0,21960.526282424216,0.015288816764950752,,0.0,6.788571226934437e-06,0.0,0.0,0.021484375,1774013479.0967917,51076096.0,4253.097970528,0.0,0.869140625,-0.3706810176372528,0.0,0.0,0.869140625
