training/actor_loss,eval/episode_reward_survive,training/sps,render,_runtime,eval/episode_success,training/entropy,training/log_alpha,eval/episode_reward_dist,eval/episode_dist,_timestamp,eval/episode_reward_ctrl,eval/episode_success_any,eval/episode_reward,eval/episode_reward_near,training/critic_loss,eval/episode_success_easy,step,eval/episode_success_hard,training/alpha_loss,_step
,,,"{'path': 'media/html/render_0_35d9c480ecedf009459f.html', 'size': 3698665.0, '_type': 'html-file', 'sha256': '35d9c480ecedf009459f2fb621fceb6b71e003b0f5ce2616d569f2e8c5b7776f'}",70.235974089,,,,,,1774534112.4349933,,,,,,,,,,0.0
,,,"{'sha256': '1d0dce01bc8e3af0466f5d4916704a6d8a3e9e375fc9ed43a109b5453680ab13', 'path': 'media/html/render_1_1d0dce01bc8e3af0466f.html', 'size': 3834597.0, '_type': 'html-file'}",160.626389566,,,,,,1774534202.8255765,,,,,,,,,,1.0
0.18952754139900208,560.16015625,10514.702115883234,,183.567121904,0.171875,0.0,0.0,0.0,4140.94384765625,1774534203.015416,-2033.04150390625,0.0078125,0.171875,0.0,0.0012874220265075564,10.6767578125,1333248.0,0.0,0.0,1333248.0
0.1145835742354393,607.4345703125,29877.70818673839,,206.437047708,0.0,0.0,0.0,0.0,5092.2431640625,1774534225.7655923,-2152.12109375,0.0,0.0,0.0,0.00010605048009892926,6.025390625,1587200.0,0.0,0.0,1587200.0
0.0697389543056488,334.119140625,29866.638800944413,,229.250522191,0.35546875,0.0,0.0,0.0,2494.235107421875,1774534248.635501,-1227.2265625,0.0185546875,0.35546875,0.0,5.4632426326861605e-05,6.9140625,1841152.0,0.0,0.0,1841152.0
0.04437974840402603,520.3115234375,29790.127835346564,,252.097217647,0.0,0.0,0.0,0.0,4786.7783203125,1774534271.4489093,-1974.695556640625,0.0,0.0,0.0,9.306501306127757e-05,0.9228515625,2095104.0,0.0,0.0,2095104.0
0.023925675079226494,610.4287109375,29887.92446397829,"{'path': 'media/html/render_2349056_ef1ac0fc992f99a9f8f4.html', 'size': 3750281.0, '_type': 'html-file', 'sha256': 'ef1ac0fc992f99a9f8f4685024d115e3b6a17b468fc2ebac78b345232cd83ce4'}",301.030124057,2.6591796875,0.0,0.0,0.0,5342.6982421875,1774534343.2293203,-2373.1474609375,0.0078125,2.6591796875,0.0,0.00038106110878288746,10.65234375,2349056.0,0.0,0.0,2349056.0
0.004628409631550312,902.75390625,29808.775829308113,,323.958507159,4.421875,0.0,0.0,0.0,7534.611328125,1774534343.4157534,-3512.04248046875,0.0107421875,4.421875,0.0,0.001037591602653265,19.9189453125,2603008.0,0.0,0.0,2603008.0
-0.013123765587806702,934.990234375,29718.347056499413,,346.794432637,0.3896484375,0.0,0.0,0.0,7892.7548828125,1774534366.1570048,-3683.395751953125,0.0087890625,0.3896484375,0.0,0.001791720394976437,18.9677734375,2856960.0,0.0,0.0,2856960.0
-0.032305557280778885,935.1611328125,29727.048309249392,,369.523315797,0.0419921875,0.0,0.0,0.0,7815.12109375,1774534388.9928384,-3714.282958984375,0.0029296875,0.0419921875,0.0,0.003130166092887521,2.5888671875,3110912.0,0.0,0.0,3110912.0
-0.046196866780519485,617.537109375,29770.727635875817,,392.325083995,0.0,0.0,0.0,0.0,4725.0546875,1774534411.7217293,-2449.4833984375,0.0,0.0,0.0,0.003683440387248993,0.0498046875,3364864.0,0.0,0.0,3364864.0
-0.052806030958890915,756.826171875,29746.27613415104,"{'sha256': '34640d163e3801a956c6437efdafec63f522957545e23f6c8f01f06326045253', 'path': 'media/html/render_3618816_34640d163e3801a956c6.html', 'size': 3651897.0, '_type': 'html-file'}",441.244771796,0.0,0.0,0.0,0.0,6144.79736328125,1774534483.4439607,-3008.163330078125,0.0,0.0,0.0,0.0046973079442977905,0.0,3618816.0,0.0,0.0,3618816.0
-0.029003117233514786,750.98828125,29867.99051348429,,464.349720846,0.0146484375,0.0,0.0,0.0,6165.34228515625,1774534483.6637573,-2989.62548828125,0.0009765625,0.0146484375,0.0,0.004466122016310692,0.9775390625,3872768.0,0.0,0.0,3872768.0
-0.02775498479604721,964.1494140625,29699.98093639079,,487.038635845,0.0,0.0,0.0,0.0,7953.5634765625,1774534506.5480986,-3806.87158203125,0.0,0.0,0.0,0.0067735170014202595,0.0,4126720.0,0.0,0.0,4126720.0
-0.015323754400014877,875.9150390625,29888.735459078125,,509.902582589,0.0,0.0,0.0,0.0,7423.798828125,1774534529.2370193,-3491.32373046875,0.0,0.0,0.0,0.008409498259425163,2.958984375,4380672.0,0.0,0.0,4380672.0
0.0025548578705638647,527.51171875,29778.40809125845,,532.598429373,0.0,0.0,0.0,0.0,4649.6689453125,1774534552.1008518,-2076.869140625,0.0,0.0,0.0,0.008596546947956085,1.65625,4634624.0,0.0,0.0,4634624.0
-0.0015411068452522159,727.576171875,29867.628704827905,"{'size': 3756049.0, '_type': 'html-file', 'sha256': '828e1ab0c68fd6f26c384306066e614263b528056cef5f2855c8feef74363efd', 'path': 'media/html/render_4888576_828e1ab0c68fd6f26c38.html'}",581.36179725,0.033203125,0.0,0.0,0.0,5976.62353515625,1774534623.560964,-2879.1142578125,0.001953125,0.033203125,0.0,0.011574997566640377,4.625,4888576.0,0.0,0.0,4888576.0
0.011938396841287613,754.8828125,29731.339020150703,,604.271596661,0.0,0.0,0.0,0.0,5816.9736328125,1774534623.7607074,-2988.121337890625,0.0,0.0,0.0,0.011000326834619045,0.0,5142528.0,0.0,0.0,5142528.0
0.006689561065286398,809.3095703125,29815.088818464403,,627.129540231,0.0,0.0,0.0,0.0,6778.59765625,1774534646.4699905,-3221.560302734375,0.0,0.0,0.0,0.010795391164720058,0.078125,5396480.0,0.0,0.0,5396480.0
-0.002529729623347521,713.822265625,29810.191555308127,,649.822544903,1.5283203125,0.0,0.0,0.0,6109.7001953125,1774534669.3274324,-2826.73681640625,0.0068359375,1.5283203125,0.0,0.011419975198805332,13.505859375,5650432.0,0.0,0.0,5650432.0
0.007704177871346474,813.9140625,29881.685383203778,,672.684457592,0.228515625,0.0,0.0,0.0,6938.87158203125,1774534692.0209136,-3244.37890625,0.005859375,0.228515625,0.0,0.009660046547651291,2.259765625,5904384.0,0.0,0.0,5904384.0
0.018569335341453552,703.0087890625,29800.88376559623,"{'size': 3595709.0, '_type': 'html-file', 'sha256': '81a1086656c70ef74281700de37985e03d7a2cc8e4bd0ca52246b66c0f825252', 'path': 'media/html/render_6158336_81a1086656c70ef74281.html'}",721.850666756,0.0,0.0,0.0,0.0,5618.1787109375,1774534764.0498528,-2778.81640625,0.0,0.0,0.0,0.00882573053240776,1.076171875,6158336.0,0.0,0.0,6158336.0
0.03263137862086296,840.484375,29896.982095889387,,744.941111106,0.0,0.0,0.0,0.0,7249.18310546875,1774534764.2449841,-3329.910888671875,0.0,0.0,0.0,0.009515316225588322,2.6416015625,6412288.0,0.0,0.0,6412288.0
0.04423290491104126,564.283203125,29704.817200256435,,767.637810881,0.0,0.0,0.0,0.0,4272.94287109375,1774534787.1394162,-2221.00634765625,0.0,0.0,0.0,0.011584370397031307,0.0,6666240.0,0.0,0.0,6666240.0
0.07678569108247757,744.904296875,29863.553100395697,,790.498069064,0.0,0.0,0.0,0.0,6195.97314453125,1774534809.8362293,-2960.44384765625,0.0,0.0,0.0,0.01198756042867899,0.0,6920192.0,0.0,0.0,6920192.0
0.09442686289548874,825.1025390625,29797.623244292547,,813.192366963,0.0,0.0,0.0,0.0,6727.04052734375,1774534832.6964598,-3285.01806640625,0.0,0.0,0.0,0.011233648285269737,0.0,7174144.0,0.0,0.0,7174144.0
0.11317085474729538,876.8828125,29874.97547328185,"{'path': 'media/html/render_7428096_f3b3b24b27ab00f51788.html', 'size': 3647297.0, '_type': 'html-file', 'sha256': 'f3b3b24b27ab00f51788439df452263b65cbe2a8a20c6c7497062964e6ee8c66'}",861.898467558,0.0,0.0,0.0,0.0,7194.0537109375,1774534904.0975823,-3498.2880859375,0.0,0.0,0.0,0.009843708947300911,0.0263671875,7428096.0,0.0,0.0,7428096.0
0.1121521145105362,930.572265625,29815.048759351597,,884.862199501,0.0,0.0,0.0,0.0,7921.8095703125,1774534904.319081,-3689.15625,0.0,0.0,0.0,0.00955934263765812,0.1650390625,7682048.0,0.0,0.0,7682048.0
0.11013896018266678,853.7861328125,29743.903792499477,,907.728678676,0.0,0.0,0.0,0.0,7185.64697265625,1774534927.059976,-3374.10400390625,0.0,0.0,0.0,0.011103390716016293,0.1884765625,7936000.0,0.0,0.0,7936000.0
0.10193362832069397,925.8544921875,29779.56616291299,,930.433934228,0.0205078125,0.0,0.0,0.0,8154.9052734375,1774534949.9270875,-3677.86328125,0.0009765625,0.0205078125,0.0,0.013112906366586685,1.0390625,8189952.0,0.0,0.0,8189952.0
0.08697665482759476,838.244140625,29831.21550912383,,953.290710779,0.0,0.0,0.0,0.0,7031.8154296875,1774534972.6323724,-3346.72265625,0.0,0.0,0.0,0.012365303933620453,0.5859375,8443904.0,0.0,0.0,8443904.0
0.08176663517951965,880.115234375,29796.838858175634,"{'size': 3802065.0, '_type': 'html-file', 'sha256': 'c8e2298dc96fa198319d2b6bf1f37533a6f80440bcf2dde7cec04c9c93fbfad9', 'path': 'media/html/render_8697856_c8e2298dc96fa198319d.html'}",1002.478381076,0.0,0.0,0.0,0.0,7577.150390625,1774535044.6775565,-3516.60009765625,0.0,0.0,0.0,0.012054366059601307,0.0,8697856.0,0.0,0.0,8697856.0
0.07372912764549255,634.142578125,29834.885340522113,,1025.60103755,0.85546875,0.0,0.0,0.0,5098.05078125,1774535044.893946,-2523.59619140625,0.0029296875,0.85546875,0.0,0.012061276473104954,6.37109375,8951808.0,0.0,0.0,8951808.0
0.08373045921325684,683.3662109375,29662.615379696956,,1048.308496323,0.0,0.0,0.0,0.0,5301.1142578125,1774535067.7994795,-2716.85986328125,0.0,0.0,0.0,0.011568509042263031,1.8828125,9205760.0,0.0,0.0,9205760.0
0.09349074214696884,798.5400390625,29823.50862794268,,1071.220764525,0.0,0.0,0.0,0.0,5988.974609375,1774535090.5069425,-3171.7607421875,0.0,0.0,0.0,0.010342830792069435,0.0,9459712.0,0.0,0.0,9459712.0
0.09928544610738754,791.3046875,29629.989212549975,,1093.929396431,0.0625,0.0,0.0,0.0,6366.0908203125,1774535113.419257,-3153.0927734375,0.0029296875,0.0625,0.0,0.009338480420410633,5.5859375,9713664.0,0.0,0.0,9713664.0
0.10719877481460571,893.7177734375,29836.937898549942,"{'path': 'media/html/render_9967616_eb423f7fd845bc298e7a.html', 'size': 3765101.0, '_type': 'html-file', 'sha256': 'eb423f7fd845bc298e7a976cce8ac5a0b956a44bf26e7abe91d6ef1cc1747acb'}",1142.78623115,0.0,0.0,0.0,0.0,7198.22705078125,1774535184.9853356,-3569.955078125,0.0,0.0,0.0,0.009347757324576378,0.0078125,9967616.0,0.0,0.0,9967616.0
0.09993942081928253,794.076171875,29778.221609347383,,1165.751673438,0.0,0.0,0.0,0.0,6816.869140625,1774535185.1801155,-3158.14208984375,0.0,0.0,0.0,0.009019612334668636,0.8486328125,10221568.0,0.0,0.0,10221568.0
0.09803256392478943,928.712890625,29639.7101401494,,1188.651617693,0.0,0.0,0.0,0.0,7711.9033203125,1774535207.950216,-3701.23583984375,0.0,0.0,0.0,0.006991916336119175,1.1943359375,10475520.0,0.0,0.0,10475520.0
0.08416470140218735,989.9775390625,29650.539288892167,,1211.373476168,0.0,0.0,0.0,0.0,8241.9990234375,1774535230.8500373,-3950.305908203125,0.0,0.0,0.0,0.011124178767204285,0.8828125,10729472.0,0.0,0.0,10729472.0
0.08815594762563705,922.107421875,29739.810399531023,,1234.264268141,0.0,0.0,0.0,0.0,7759.5888671875,1774535253.571902,-3685.984375,0.0,0.0,0.0,0.01220828015357256,0.025390625,10983424.0,0.0,0.0,10983424.0
0.08572398871183395,857.744140625,29699.619046089465,"{'path': 'media/html/render_11237376_ae6346982f6c0f171a6d.html', 'size': 3652741.0, '_type': 'html-file', 'sha256': 'ae6346982f6c0f171a6d31e0af7ac6d831e70042d26b570f3e838bf3745c81ef'}",1283.84306092,0.0,0.0,0.0,0.0,7412.9169921875,1774535326.042204,-3405.83056640625,0.0,0.0,0.0,0.012043178081512451,1.896484375,11237376.0,0.0,0.0,11237376.0
0.09664615243673325,755.7138671875,29762.074810068898,,1306.94648795,0.0,0.0,0.0,0.0,6251.41650390625,1774535326.24415,-3014.3095703125,0.0,0.0,0.0,0.008791000582277775,1.0322265625,11491328.0,0.0,0.0,11491328.0
0.07862623780965805,880.7470703125,29664.393149944965,,1329.668052282,0.0,0.0,0.0,0.0,7422.509765625,1774535349.145108,-3513.343017578125,0.0,0.0,0.0,0.009260990656912327,0.044921875,11745280.0,0.0,0.0,11745280.0
0.07837089896202087,881.98828125,29762.362546705925,,1352.540589069,0.0,0.0,0.0,0.0,7304.8779296875,1774535371.8657577,-3523.03857421875,0.0,0.0,0.0,0.010412584990262985,1.025390625,11999232.0,0.0,0.0,11999232.0
0.08186350017786026,734.7431640625,29742.83320620667,,1375.257088793,0.0,0.0,0.0,0.0,6283.771484375,1774535394.739097,-2935.38916015625,0.0,0.0,0.0,0.01044794637709856,0.572265625,12253184.0,0.0,0.0,12253184.0
0.09126751124858856,702.9560546875,29796.206211256642,"{'path': 'media/html/render_12507136_09f5a0c160e7ed80e10c.html', 'size': 3728029.0, '_type': 'html-file', 'sha256': '09f5a0c160e7ed80e10c4969e40d458ed7d93583f3a9bf4777d4d4ee1c2d3a63'}",1424.357842659,0.0,0.0,0.0,0.0,5736.39501953125,1774535466.556987,-2803.84814453125,0.0,0.0,0.0,0.010912695899605751,0.0478515625,12507136.0,0.0,0.0,12507136.0
0.10496209561824799,699.369140625,29752.82280248496,,1447.293529064,0.0703125,0.0,0.0,0.0,5480.0732421875,1774535466.7413414,-2786.7265625,0.0048828125,0.0703125,0.0,0.010452719405293465,7.9833984375,12761088.0,0.0,0.0,12761088.0
0.11623400449752808,631.033203125,29701.686991147064,,1470.158258543,0.0,0.0,0.0,0.0,5348.8369140625,1774535489.4918773,-2518.63134765625,0.0,0.0,0.0,0.01117462944239378,0.7431640625,13015040.0,0.0,0.0,13015040.0
0.1327960044145584,543.5703125,29708.788271783877,,1492.871881356,0.0,0.0,0.0,0.0,4528.2568359375,1774535512.3560193,-2167.94677734375,0.0,0.0,0.0,0.00801174808293581,1.0322265625,13268992.0,0.0,0.0,13268992.0
0.14136143028736115,696.7890625,29790.133667531903,,1515.748366657,0.0,0.0,0.0,0.0,5614.8232421875,1774535535.0704489,-2781.93798828125,0.0,0.0,0.0,0.007760167587548494,0.01953125,13522944.0,0.0,0.0,13522944.0
0.15396647155284882,739.7392578125,29703.73120222024,"{'path': 'media/html/render_13776896_64ef2e61a69dcf22459f.html', 'size': 3773873.0, '_type': 'html-file', 'sha256': '64ef2e61a69dcf22459f61202916844d1c8a48e494afa04d4a317460e7b5574f'}",1564.728079733,0.005859375,0.0,0.0,0.0,6004.8857421875,1774535606.927231,-2950.48095703125,0.0009765625,0.005859375,0.0,0.006364991422742605,1.2021484375,13776896.0,0.0,0.0,13776896.0
0.15908518433570862,870.19921875,29778.267397100284,,1587.822381816,0.0,0.0,0.0,0.0,6962.87109375,1774535607.113438,-3456.26171875,0.0,0.0,0.0,0.0048765260726213455,0.0,14030848.0,0.0,0.0,14030848.0
0.15666285157203674,490.9130859375,29634.284103237245,,1610.548850108,0.0,0.0,0.0,0.0,3547.63330078125,1774535630.0208216,-1957.117431640625,0.0,0.0,0.0,0.004904477391391993,0.005859375,14284800.0,0.0,0.0,14284800.0
0.1396247297525406,644.4599609375,29752.71891737446,,1633.43438733,0.0,0.0,0.0,0.0,5537.953125,1774535652.7472441,-2565.8994140625,0.0,0.0,0.0,0.007370627485215664,1.7333984375,14538752.0,0.0,0.0,14538752.0
0.1278706043958664,800.7861328125,29716.642403619167,,1656.175059687,0.0,0.0,0.0,0.0,6701.609375,1774535675.6328964,-3188.150146484375,0.0,0.0,0.0,0.006670525297522545,0.033203125,14792704.0,0.0,0.0,14792704.0
0.10575691610574722,952.93359375,29738.637151383395,"{'path': 'media/html/render_15046656_cfac135cd2ea5191a5cf.html', 'size': 3751061.0, '_type': 'html-file', 'sha256': 'cfac135cd2ea5191a5cfcf53b2686131303c01bcd1a4506e5ea0fbca08e3b396'}",1705.326043032,0.0,0.0,0.0,0.0,7772.5771484375,1774535747.5252008,-3805.940185546875,0.0,0.0,0.0,0.007316151168197393,0.0,15046656.0,0.0,0.0,15046656.0
0.09084460139274597,820.771484375,29691.461050553193,,1728.263351871,0.30078125,0.0,0.0,0.0,6887.9677734375,1774535747.7154112,-3268.265625,0.00390625,0.30078125,0.0,0.0073564681224524975,6.7060546875,15300608.0,0.0,0.0,15300608.0
0.07990998774766922,718.669921875,29701.84021439384,,1751.169255313,0.0,0.0,0.0,0.0,6192.1826171875,1774535770.4618475,-2855.944091796875,0.0,0.0,0.0,0.007352348882704973,12.6005859375,15554560.0,0.0,0.0,15554560.0
0.07474254071712494,858.7041015625,29644.90219378845,,1773.895649411,0.0,0.0,0.0,0.0,7425.76611328125,1774535793.3677225,-3416.36328125,0.0,0.0,0.0,0.007331022527068853,1.65625,15808512.0,0.0,0.0,15808512.0
0.08174731582403183,901.8720703125,29736.4993045164,,1796.794345887,0.0,0.0,0.0,0.0,7378.2099609375,1774535816.0941448,-3599.821533203125,0.0,0.0,0.0,0.007680611219257116,0.0,16062464.0,0.0,0.0,16062464.0
0.09691891074180603,926.818359375,29652.4930907851,"{'sha256': 'b5af7a0567e66fa261d63539658e68cdcbc232462b2b08c809f5d2c34257351e', 'path': 'media/html/render_16316416_b5af7a0567e66fa261d6.html', 'size': 3656469.0, '_type': 'html-file'}",1845.858876504,0.0,0.0,0.0,0.0,7448.0048828125,1774535888.0580485,-3705.814697265625,0.0,0.0,0.0,0.006907348055392504,0.0,16316416.0,0.0,0.0,16316416.0
0.09126473218202591,862.244140625,29739.547178693192,,1868.969516897,0.0,0.0,0.0,0.0,7251.9091796875,1774535888.259204,-3438.81494140625,0.0,0.0,0.0,0.007048455998301506,1.79296875,16570368.0,0.0,0.0,16570368.0
0.0928879901766777,683.5478515625,29618.416519035974,,1891.680406911,0.029296875,0.0,0.0,0.0,6057.76318359375,1774535911.1679237,-2729.162353515625,0.001953125,0.029296875,0.0,0.005979402456432581,2.6796875,16824320.0,0.0,0.0,16824320.0
0.09603334218263626,558.58203125,29781.165632112123,,1914.554912671,0.400390625,0.0,0.0,0.0,4407.857421875,1774535933.8788235,-2229.053466796875,0.0009765625,0.400390625,0.0,0.0035823185462504625,1.2744140625,17078272.0,0.0,0.0,17078272.0
0.09993720799684525,403.5341796875,29734.45805143015,,1937.270045572,0.0,0.0,0.0,0.0,2943.095703125,1774535956.7533913,-1607.582275390625,0.0,0.0,0.0,0.005011185072362423,1.8115234375,17332224.0,0.0,0.0,17332224.0
0.10234781354665756,429.1416015625,29760.070787240555,"{'sha256': '8ee3192df7db610441dacbae8e99cec679b12761bad9174fa1d9686c52778dbb', 'path': 'media/html/render_17586176_8ee3192df7db610441da.html', 'size': 3727589.0, '_type': 'html-file'}",1986.599858878,0.0009765625,0.0,0.0,0.0,3371.638916015625,1774536028.7989233,-1712.09912109375,0.0009765625,0.0009765625,0.0,0.005321871023625135,1.7529296875,17586176.0,0.0,0.0,17586176.0
0.09413740783929825,780.9541015625,29688.950144616134,,2009.550859269,0.3115234375,0.0,0.0,0.0,6820.1904296875,1774536028.998477,-3119.2275390625,0.00390625,0.3115234375,0.0,0.005189663264900446,5.1240234375,17840128.0,0.0,0.0,17840128.0
0.09603489190340042,494.21875,29621.188989274488,,2032.431288642,0.017578125,0.0,0.0,0.0,4055.32958984375,1774536051.7492359,-1974.173583984375,0.001953125,0.017578125,0.0,0.004735890310257673,6.5576171875,18094080.0,0.0,0.0,18094080.0
0.08158902078866959,888.9638671875,29665.564678224655,,2055.155035825,0.9560546875,0.0,0.0,0.0,7566.6064453125,1774536074.629696,-3553.009765625,0.00390625,0.9560546875,0.0,0.006406186148524284,4.0546875,18348032.0,0.0,0.0,18348032.0
0.07642964273691177,779.94921875,29728.86036327562,,2078.211511387,0.0263671875,0.0,0.0,0.0,6886.076171875,1774536097.3535593,-3116.273193359375,0.0009765625,0.0263671875,0.0,0.006895493716001511,3.4609375,18601984.0,0.0,0.0,18601984.0
0.07307851314544678,903.1904296875,29652.27186159035,"{'path': 'media/html/render_18855936_e3037da0362f514c5280.html', 'size': 3766461.0, '_type': 'html-file', 'sha256': 'e3037da0362f514c528099f53c2d41c14c6494d19bd2c2779edcab72e7c0d426'}",2127.371789748,0.91015625,0.0,0.0,0.0,7752.36865234375,1774536169.5709457,-3599.91015625,0.0029296875,0.91015625,0.0,0.009250137954950333,1.5419921875,18855936.0,0.0,0.0,18855936.0
0.0816829726099968,915.2578125,29933.712587857673,,2150.559005421,0.0,0.0,0.0,0.0,7554.802734375,1774536169.7765424,-3657.41064453125,0.0,0.0,0.0,0.007143076974898577,0.912109375,19109888.0,0.0,0.0,19109888.0
0.08129330724477768,729.30078125,29544.31355998514,,2173.224855122,0.0185546875,0.0,0.0,0.0,6352.87158203125,1774536192.7573445,-2913.657958984375,0.001953125,0.0185546875,0.0,0.008989355526864529,2.978515625,19363840.0,0.0,0.0,19363840.0
0.09556670486927032,753.2138671875,29952.326054400008,,2196.168748351,0.0,0.0,0.0,0.0,6526.1748046875,1774536215.4232967,-3003.72607421875,0.0,0.0,0.0,0.00909250695258379,1.0712890625,19617792.0,0.0,0.0,19617792.0
0.1264236718416214,745.3466796875,29622.814329735338,,2218.81511127,0.0,0.0,0.0,0.0,6731.43896484375,1774536238.3671165,-2970.99169921875,0.0,0.0,0.0,0.006850623060017824,1.70703125,19871744.0,0.0,0.0,19871744.0
0.1210024505853653,846.8251953125,29996.77938002823,"{'sha256': '12e805b3cbf87ddb96db067d45048219ed5ef31874d72c50c5ba285192f9bf6f', 'path': 'media/html/render_20125696_12e805b3cbf87ddb96db.html', 'size': 3703085.0, '_type': 'html-file'}",2268.27573302,0.03515625,0.0,0.0,0.0,7459.74560546875,1774536310.4748583,-3382.81494140625,0.0009765625,0.03515625,0.0,0.005265507847070694,1.48046875,20125696.0,0.0,0.0,20125696.0
0.10867471992969513,971.2392578125,29631.801817831245,,2291.112032579,0.0,0.0,0.0,0.0,8159.07373046875,1774536310.6696491,-3879.72607421875,0.0,0.0,0.0,0.007105471100658178,0.0,20379648.0,0.0,0.0,20379648.0
0.11143631488084793,930.0380859375,30024.75545809566,,2314.019606828,0.0,0.0,0.0,0.0,7719.171875,1774536333.3105862,-3714.3251953125,0.0,0.0,0.0,0.008033128455281258,0.0087890625,20633600.0,0.0,0.0,20633600.0
0.11503150314092636,562.8134765625,29781.198938866855,,2336.680408168,0.0341796875,0.0,0.0,0.0,4666.32470703125,1774536356.217977,-2247.62060546875,0.0009765625,0.0341796875,0.0,0.007475515827536583,5.7373046875,20887552.0,0.0,0.0,20887552.0
0.10937657952308655,847.966796875,30003.97092852344,,2359.59755547,0.244140625,0.0,0.0,0.0,6873.763671875,1774536378.8787746,-3385.93310546875,0.001953125,0.244140625,0.0,0.008059605024755001,2.1103515625,21141504.0,0.0,0.0,21141504.0
0.10537473857402802,733.6474609375,29747.66682124869,"{'path': 'media/html/render_21395456_aba122d664dda4cbd2d4.html', 'size': 3640481.0, '_type': 'html-file', 'sha256': 'aba122d664dda4cbd2d4030b8317907ec060d768171c0de3f0f594299b3fd8c6'}",2408.743108616,0.0,0.0,0.0,0.0,6017.28466796875,1774536450.9422479,-2926.536865234375,0.0,0.0,0.0,0.009009210392832756,0.0,21395456.0,0.0,0.0,21395456.0
0.1019115075469017,890.044921875,30014.751609470044,,2431.898262914,0.0,0.0,0.0,0.0,7450.0947265625,1774536451.1419642,-3557.3193359375,0.0,0.0,0.0,0.009730752557516098,0.0,21649408.0,0.0,0.0,21649408.0
0.1007060557603836,853.396484375,29662.203185522543,,2454.559073083,0.798828125,0.0,0.0,0.0,7685.103515625,1774536474.096805,-3410.526123046875,0.0009765625,0.798828125,0.0,0.009327324107289314,1.7333984375,21903360.0,0.0,0.0,21903360.0
0.10018770396709442,947.669921875,29985.0602628687,,2477.476424004,0.0,0.0,0.0,0.0,7772.5830078125,1774536496.7574537,-3786.785400390625,0.0,0.0,0.0,0.008718079887330532,0.0,22157312.0,0.0,0.0,22157312.0
0.0957830399274826,975.744140625,29744.76015089976,,2500.119985881,0.0,0.0,0.0,0.0,8459.2734375,1774536519.6749315,-3898.6015625,0.0,0.0,0.0,0.007217929232865572,0.017578125,22411264.0,0.0,0.0,22411264.0
0.09695291519165039,639.51171875,29987.23737693402,"{'path': 'media/html/render_22665216_16e8c0b655e7b2bd73b3.html', 'size': 3735745.0, '_type': 'html-file', 'sha256': '16e8c0b655e7b2bd73b3d069222ca96e15c50b2e5f3fe3dd7adef4813c603de9'}",2549.715799303,0.0,0.0,0.0,0.0,5091.67431640625,1774536591.9149692,-2550.543212890625,0.0,0.0,0.0,0.005652101710438728,1.5390625,22665216.0,0.0,0.0,22665216.0
0.08886274695396423,698.2802734375,29751.50559300219,,2572.608501825,0.0,0.0,0.0,0.0,5889.19970703125,1774536592.1474829,-2785.438720703125,0.0,0.0,0.0,0.008003265596926212,0.1298828125,22919168.0,0.0,0.0,22919168.0
0.07715922594070435,715.1142578125,29921.341672884173,,2595.516357484,0.0,0.0,0.0,0.0,5662.50244140625,1774536614.8067503,-2852.142578125,0.0,0.0,0.0,0.009158735163509846,0.0,23173120.0,0.0,0.0,23173120.0
0.07724322378635406,591.5185546875,29754.564856092806,,2618.183289588,0.0,0.0,0.0,0.0,4599.5537109375,1774536637.7149343,-2358.98828125,0.0,0.0,0.0,0.010186935774981976,0.0185546875,23427072.0,0.0,0.0,23427072.0
0.09352464973926544,929.7109375,29968.809855265663,,2641.094956054,0.0,0.0,0.0,0.0,7726.5634765625,1774536660.3812249,-3716.632568359375,0.0,0.0,0.0,0.007678218651562929,2.697265625,23681024.0,0.0,0.0,23681024.0
0.08770213276147842,992.8046875,29744.825771084685,"{'path': 'media/html/render_23934976_e3aec50133f1af9e7f12.html', 'size': 3715177.0, '_type': 'html-file', 'sha256': 'e3aec50133f1af9e7f125d5100a31de15b261b31a902cd5b91bb672e259942b4'}",2690.743715107,0.0,0.0,0.0,0.0,8236.259765625,1774536732.942795,-3970.90478515625,0.0,0.0,0.0,0.0075699626468122005,0.0,23934976.0,0.0,0.0,23934976.0
0.08637238293886185,837.7421875,30001.918142271228,,2713.925656735,0.0,0.0,0.0,0.0,6617.04833984375,1774536733.197763,-3346.635009765625,0.0,0.0,0.0,0.005572529975324869,0.0,24188928.0,0.0,0.0,24188928.0
0.08979722112417221,824.7275390625,29673.500128148953,,2736.544142899,0.0,0.0,0.0,0.0,6490.2783203125,1774536756.1240482,-3295.053466796875,0.0,0.0,0.0,0.00668032793328166,0.0224609375,24442880.0,0.0,0.0,24442880.0
0.08048577606678009,981.47265625,30039.67377245713,,2759.453347016,0.0,0.0,0.0,0.0,8236.330078125,1774536778.742725,-3925.2021484375,0.0,0.0,0.0,0.00832709763199091,0.3701171875,24696832.0,0.0,0.0,24696832.0
0.09040514379739761,958.177734375,29755.080197306434,,2782.091415873,0.0,0.0,0.0,0.0,7595.87744140625,1774536801.6518219,-3828.2392578125,0.0,0.0,0.0,0.007741841953247786,1.103515625,24950784.0,0.0,0.0,24950784.0
0.09421611577272415,960.609375,30025.401233194305,"{'path': 'media/html/render_25204736_8368d50cc7d94c2ebfa1.html', 'size': 3645877.0, '_type': 'html-file', 'sha256': '8368d50cc7d94c2ebfa13bf43672710998af4c999efc7841b0e30d7330f398cb'}",2832.048735388,0.0,0.0,0.0,0.0,7562.716796875,1774536874.2478907,-3838.83642578125,0.0,0.0,0.0,0.008583955466747284,3.4921875,25204736.0,0.0,0.0,25204736.0
0.10153767466545105,955.29296875,29773.189977129066,,2854.89887462,0.0,0.0,0.0,0.0,7795.13232421875,1774536874.473744,-3818.83056640625,0.0,0.0,0.0,0.008362432941794395,0.0,25458688.0,0.0,0.0,25458688.0
0.11016059666872025,661.5791015625,30071.324923258475,,2877.805920091,0.14453125,0.0,0.0,0.0,5759.4287109375,1774536897.0973563,-2641.57080078125,0.00390625,0.14453125,0.0,0.008859449997544289,6.9580078125,25712640.0,0.0,0.0,25712640.0
0.1290600746870041,802.9140625,29755.760142543568,,2900.446197335,0.0,0.0,0.0,0.0,6630.7412109375,1774536920.004289,-3205.21630859375,0.0,0.0,0.0,0.006870718207210302,2.09765625,25966592.0,0.0,0.0,25966592.0
0.15078085660934448,678.15625,30034.81001681907,,2923.367060313,0.0,0.0,0.0,0.0,6099.36865234375,1774536942.6446438,-2710.33203125,0.0,0.0,0.0,0.005648226942867041,0.0,26220544.0,0.0,0.0,26220544.0
0.14710742235183716,886.81640625,29747.761532267712,"{'path': 'media/html/render_26474496_69ce14d8ba12103069bc.html', 'size': 3756409.0, '_type': 'html-file', 'sha256': '69ce14d8ba12103069bc687f2fe374f3d68b3a7e047150a0f3effe814646d1bf'}",2971.681935057,0.0,0.0,0.0,0.0,8211.6328125,1774537013.8810947,-3546.26513671875,0.0,0.0,0.0,0.0057573080994188786,1.517578125,26474496.0,0.0,0.0,26474496.0
0.1375897228717804,475.884765625,30089.5183662405,,2994.840525297,0.013671875,0.0,0.0,0.0,4206.0771484375,1774537014.093608,-1899.448974609375,0.0009765625,0.013671875,0.0,0.007344379555433989,1.8818359375,26728448.0,0.0,0.0,26728448.0
0.11475580185651779,789.099609375,29679.6112176499,,3017.476949362,0.0,0.0,0.0,0.0,6830.7080078125,1774537037.039062,-3153.251708984375,0.0,0.0,0.0,0.007954112254083157,3.0654296875,26982400.0,0.0,0.0,26982400.0
0.11224906146526337,960.05078125,30030.67257529639,,3040.388580331,0.0,0.0,0.0,0.0,8035.048828125,1774537059.6754484,-3836.89599609375,0.0,0.0,0.0,0.009614067152142525,4.8173828125,27236352.0,0.0,0.0,27236352.0
0.11890425533056259,928.8427734375,29777.412438110605,,3063.04150758,1.4716796875,0.0,0.0,0.0,7712.68310546875,1774537082.5870116,-3712.213134765625,0.0029296875,1.4716796875,0.0,0.008828308433294296,3.62109375,27490304.0,0.0,0.0,27490304.0
0.11278163641691208,936.2451171875,30034.15536818795,"{'path': 'media/html/render_27744256_15097a3221657b339140.html', 'size': 3645917.0, '_type': 'html-file', 'sha256': '15097a3221657b339140e2841202ddc3f1ee70c0670f0f5165b72b1fab6c2dd3'}",3112.756632736,0.0,0.0,0.0,0.0,7884.2080078125,1774537154.955782,-3743.1591796875,0.0,0.0,0.0,0.008326343260705471,1.052734375,27744256.0,0.0,0.0,27744256.0
0.10975343734025955,943.498046875,29806.518620974894,,3135.645160178,0.0,0.0,0.0,0.0,7530.6865234375,1774537155.1572275,-3770.793701171875,0.0,0.0,0.0,0.007519184611737728,0.0,27998208.0,0.0,0.0,27998208.0
0.12453821301460266,896.759765625,29968.41102986375,,3158.549531652,0.0859375,0.0,0.0,0.0,7880.7109375,1774537177.8435075,-3584.1025390625,0.0029296875,0.0859375,0.0,0.005967450328171253,4.1015625,28252160.0,0.0,0.0,28252160.0
0.11871327459812164,899.0087890625,29755.201554447074,,3181.176146219,0.0,0.0,0.0,0.0,7553.12548828125,1774537200.7478325,-3591.7021484375,0.0,0.0,0.0,0.006358851213008165,3.70703125,28506112.0,0.0,0.0,28506112.0
0.11613033711910248,862.8515625,30017.26378952157,,3204.083365797,0.0,0.0,0.0,0.0,7528.205078125,1774537223.3747907,-3449.388671875,0.0,0.0,0.0,0.006854846142232418,1.9375,28760064.0,0.0,0.0,28760064.0
0.11367309838533401,722.1064453125,29741.20961689654,"{'path': 'media/html/render_29014016_d74f0e1f851c1f80d25e.html', 'size': 3717989.0, '_type': 'html-file', 'sha256': 'd74f0e1f851c1f80d25e38e3b47343691ccc742a67a174d93275d880a601eca2'}",3253.612151429,0.0,0.0,0.0,0.0,6200.2099609375,1774537295.8112988,-2886.341796875,0.0,0.0,0.0,0.005509705748409033,0.064453125,29014016.0,0.0,0.0,29014016.0
0.1132933720946312,974.576171875,30019.7298566744,,3276.766010024,0.0,0.0,0.0,0.0,8157.31005859375,1774537296.021445,-3897.642578125,0.0,0.0,0.0,0.004600096959620714,0.8359375,29267968.0,0.0,0.0,29267968.0
0.11022159457206726,991.6806640625,29669.188078698207,,3299.423717712,0.0,0.0,0.0,0.0,8210.919921875,1774537318.9645197,-3966.41650390625,0.0,0.0,0.0,0.0035552631597965956,0.0,29521920.0,0.0,0.0,29521920.0
0.11170857399702072,891.8056640625,29975.281079019278,,3322.329247561,0.0400390625,0.0,0.0,0.0,7367.06201171875,1774537341.621415,-3566.338623046875,0.0009765625,0.0400390625,0.0,0.004441477824002504,2.1044921875,29775872.0,0.0,0.0,29775872.0
0.1106630265712738,958.1943359375,29764.1389862528,,3344.991324672,0.0,0.0,0.0,0.0,8148.33740234375,1774537364.5278022,-3831.57421875,0.0,0.0,0.0,0.005206303671002388,0.0,30029824.0,0.0,0.0,30029824.0
0.10723050683736801,905.0390625,30006.975821629487,"{'size': 3716861.0, '_type': 'html-file', 'sha256': 'c4d69339721dce3800b2fe301a7bbd5ca080fe79740ccc37a3ffd08f0cfb37a3', 'path': 'media/html/render_30283776_c4d69339721dce3800b2.html'}",3394.810072818,0.8828125,0.0,0.0,0.0,7804.4443359375,1774537437.009248,-3618.23583984375,0.0009765625,0.8828125,0.0,0.004088421817868948,3.6171875,30283776.0,0.0,0.0,30283776.0
0.10317321866750717,999.076171875,29751.98010739464,,3417.675499006,0.0,0.0,0.0,0.0,8350.642578125,1774537437.2164683,-3995.86474609375,0.0,0.0,0.0,0.0032907172571867704,0.0,30537728.0,0.0,0.0,30537728.0
0.09448637813329697,1000.0,29970.804141515182,,3440.590395236,0.0,0.0,0.0,0.0,8207.875,1774537459.8739128,-3999.677001953125,0.0,0.0,0.0,0.0036274821031838655,0.955078125,30791680.0,0.0,0.0,30791680.0
0.09538301825523376,976.375,29755.56064438728,,3463.229892174,0.0,0.0,0.0,0.0,8279.765625,1774537482.7887127,-3905.072265625,0.0,0.0,0.0,0.0030120594892650843,0.0126953125,31045632.0,0.0,0.0,31045632.0
0.09458412975072861,975.0595703125,30024.076704776962,,3486.141483205,0.0,0.0,0.0,0.0,8352.533203125,1774537505.4284232,-3899.620361328125,0.0,0.0,0.0,0.002946064807474613,0.92578125,31299584.0,0.0,0.0,31299584.0
0.09651980549097061,943.888671875,29756.204035539206,"{'path': 'media/html/render_31553536_2b82fd2c8cbf80f6659c.html', 'size': 3666693.0, '_type': 'html-file', 'sha256': '2b82fd2c8cbf80f6659c6d29316baeb5db6d71050f78994b7f7b1f59c6b5ee69'}",3534.426092697,0.0,0.0,0.0,0.0,8121.0048828125,1774537576.62524,-3773.12451171875,0.0,0.0,0.0,0.0025149036664515734,0.9482421875,31553536.0,0.0,0.0,31553536.0
0.0911065861582756,812.6787109375,30034.772752741606,,3557.558203975,0.515625,0.0,0.0,0.0,6564.24560546875,1774537576.82571,-3249.625244140625,0.00390625,0.515625,0.0,0.002805850701406598,6.7001953125,31807488.0,0.0,0.0,31807488.0
0.08706203103065491,896.431640625,29733.445414987465,,3580.194622222,0.9697265625,0.0,0.0,0.0,7716.037109375,1774537599.756638,-3582.556396484375,0.001953125,0.9697265625,0.0,0.003010532585904002,12.8974609375,32061440.0,0.0,0.0,32061440.0
0.08254361897706985,892.4755859375,30046.712149905226,,3603.084808807,0.0,0.0,0.0,0.0,7489.03515625,1774537622.3925881,-3568.111083984375,0.0,0.0,0.0,0.003468331415206194,0.0,32315392.0,0.0,0.0,32315392.0
0.08696871995925903,953.359375,29825.54041235252,,3625.716941632,0.0,0.0,0.0,0.0,8126.62646484375,1774537645.2833874,-3811.56396484375,0.0,0.0,0.0,0.003217126475647092,0.0,32569344.0,0.0,0.0,32569344.0
0.09544602781534195,809.2353515625,30062.44220248551,"{'path': 'media/html/render_32823296_a37aab6c217a6657880e.html', 'size': 3768165.0, '_type': 'html-file', 'sha256': 'a37aab6c217a6657880e19d86095065b4ee98a7e83381134f7f7187ec08ed491'}",3675.707415223,1.8583984375,0.0,0.0,0.0,6888.5947265625,1774537717.9065135,-3235.685302734375,0.0029296875,1.8583984375,0.0,0.0029899508226662874,6.2158203125,32823296.0,0.0,0.0,32823296.0
0.09103231877088547,948.201171875,29800.769539417703,,3698.583357202,0.0,0.0,0.0,0.0,8045.35986328125,1774537718.121408,-3790.532958984375,0.0,0.0,0.0,0.002329446142539382,0.9443359375,33077248.0,0.0,0.0,33077248.0
0.0795290395617485,171.2578125,30027.551195819768,,3721.516652668,0.0,0.0,0.0,0.0,1280.095458984375,1774537740.7818432,-684.2744140625,0.0,0.0,0.0,0.0030918889679014683,0.0087890625,33331200.0,0.0,0.0,33331200.0
0.0748797357082367,744.259765625,29729.62457865662,,3744.158466051,0.0,0.0,0.0,0.0,5686.18212890625,1774537763.7151377,-2975.675048828125,0.0,0.0,0.0,0.0026098480448126793,0.0,33585152.0,0.0,0.0,33585152.0
0.07695577293634415,792.16796875,30023.63155405215,,3767.077326018,0.0,0.0,0.0,0.0,6942.533203125,1774537786.3569295,-3164.514892578125,0.0,0.0,0.0,0.003310580737888813,1.302734375,33839104.0,0.0,0.0,33839104.0
0.07962808758020401,379.564453125,29770.070303748646,"{'_type': 'html-file', 'sha256': '49925da3db8d4e73fc191851f2c5cba1a9f9f79736db246a6fdd3f6bd43642f8', 'path': 'media/html/render_34093056_49925da3db8d4e73fc19.html', 'size': 3637101.0}",3816.784521675,0.0,0.0,0.0,0.0,3315.31591796875,1774537858.9836311,-1518.00439453125,0.0,0.0,0.0,0.004887200426310301,0.0,34093056.0,0.0,0.0,34093056.0
0.0951879471540451,750.93359375,30035.070021023806,,3839.933770462,0.0,0.0,0.0,0.0,6360.70654296875,1774537859.1907113,-3003.03662109375,0.0,0.0,0.0,0.004390245769172907,0.0,34347008.0,0.0,0.0,34347008.0
0.1010051891207695,356.6826171875,29689.73630878141,,3862.584905412,0.0,0.0,0.0,0.0,3152.3017578125,1774537882.1322498,-1425.5340576171875,0.0,0.0,0.0,0.0053621819242835045,0.0,34600960.0,0.0,0.0,34600960.0
0.11148625612258911,621.7646484375,30049.353451511168,,3885.497261344,0.0,0.0,0.0,0.0,4863.81201171875,1774537904.783446,-2485.69677734375,0.0,0.0,0.0,0.004131803289055824,0.005859375,34854912.0,0.0,0.0,34854912.0
0.10721492767333984,677.8095703125,29774.272737333293,,3908.143017345,0.0,0.0,0.0,0.0,5715.97802734375,1774537927.69562,-2709.91162109375,0.0,0.0,0.0,0.004091708455234766,2.033203125,35108864.0,0.0,0.0,35108864.0
0.09466763585805893,708.171875,30047.986969214176,"{'_type': 'html-file', 'sha256': '9eb34160b03f0694f293375a43859ce41d752d36ae566024e355e68f9702a0ea', 'path': 'media/html/render_35362816_9eb34160b03f0694f293.html', 'size': 3766165.0}",3957.045380612,0.0,0.0,0.0,0.0,5721.5244140625,1774537999.2445123,-2831.097412109375,0.0,0.0,0.0,0.005024652928113937,0.0322265625,35362816.0,0.0,0.0,35362816.0
0.09622848778963089,927.0966796875,29775.32394729049,,3979.96072468,0.0,0.0,0.0,0.0,8014.984375,1774537999.4654274,-3706.336181640625,0.0,0.0,0.0,0.004485242068767548,0.9140625,35616768.0,0.0,0.0,35616768.0
0.10773119330406189,958.67578125,29923.620509438657,,4002.879796471,0.05078125,0.0,0.0,0.0,8029.28125,1774538022.1592133,-3832.669677734375,0.001953125,0.05078125,0.0,0.0037506367079913616,2.2783203125,35870720.0,0.0,0.0,35870720.0
0.10096064954996109,756.1318359375,29766.19097131535,,4025.533101752,0.0,0.0,0.0,0.0,6125.10791015625,1774538045.0783148,-3022.26171875,0.0,0.0,0.0,0.0032404426019638777,0.0,36124672.0,0.0,0.0,36124672.0
0.11389954388141632,886.109375,30019.935451066944,,4048.447430246,0.0,0.0,0.0,0.0,7542.1396484375,1774538067.7315059,-3542.422607421875,0.0,0.0,0.0,0.0029045920819044113,0.0,36378624.0,0.0,0.0,36378624.0
0.1177096739411354,970.69140625,29786.534810124635,"{'_type': 'html-file', 'sha256': 'da2de1d1c7df7c735948912b382e28600e1f7fce7f2b683eb80c04844ef58a32', 'path': 'media/html/render_36632576_da2de1d1c7df7c735948.html', 'size': 3626509.0}",4098.299053628,0.001953125,0.0,0.0,0.0,7717.728515625,1774538140.4982266,-3881.803466796875,0.0009765625,0.001953125,0.0,0.002793325576931238,1.541015625,36632576.0,0.0,0.0,36632576.0
0.12074347585439682,861.2919921875,30060.620645743827,,4121.498845078,0.00390625,0.0,0.0,0.0,7200.9541015625,1774538140.7364738,-3444.28515625,0.0009765625,0.00390625,0.0,0.002729705534875393,0.8935546875,36886528.0,0.0,0.0,36886528.0
0.11102131754159927,730.8193359375,29645.35351156473,,4144.167352284,0.0,0.0,0.0,0.0,6177.541015625,1774538163.6975176,-2922.083740234375,0.0,0.0,0.0,0.0028371268417686224,1.8701171875,37140480.0,0.0,0.0,37140480.0
0.10062338411808014,931.9609375,29992.964046013967,,4167.109975828,0.0,0.0,0.0,0.0,7920.4052734375,1774538186.365963,-3727.23828125,0.0,0.0,0.0,0.0035874550230801105,0.0,37394432.0,0.0,0.0,37394432.0
0.10493451356887817,834.708984375,29683.89320806752,,4189.722713241,0.0009765625,0.0,0.0,0.0,6872.49853515625,1774538209.3084679,-3337.891845703125,0.0009765625,0.0009765625,0.0,0.002311144722625613,3.0712890625,37648384.0,0.0,0.0,37648384.0
0.0992799773812294,848.4794921875,30113.65901887857,"{'path': 'media/html/render_37902336_f57e561a05c2a392390a.html', 'size': 3793257.0, '_type': 'html-file', 'sha256': 'f57e561a05c2a392390a73ea39f567025895b1628ecf601094d49c4dc8f081cb'}",4239.98463113,0.0,0.0,0.0,0.0,7273.9970703125,1774538282.1838014,-3393.20263671875,0.0,0.0,0.0,0.0018571411492303014,0.1240234375,37902336.0,0.0,0.0,37902336.0
0.10030234605073929,633.6640625,29711.358890737734,,4262.899607152,0.0,0.0,0.0,0.0,4808.7978515625,1774538282.452157,-2533.30908203125,0.0,0.0,0.0,0.001353976083919406,0.9853515625,38156288.0,0.0,0.0,38156288.0
0.09647878259420395,542.310546875,30065.054022951976,,4285.83162454,0.0,0.0,0.0,0.0,3833.923828125,1774538305.0982313,-2168.5712890625,0.0,0.0,0.0,0.0008809231803752482,0.0,38410240.0,0.0,0.0,38410240.0
0.08791843056678772,753.966796875,29702.61546543273,,4308.494673625,0.0,0.0,0.0,0.0,6153.88916015625,1774538328.0302503,-3014.61474609375,0.0,0.0,0.0,0.0013923172373324633,0.0048828125,38664192.0,0.0,0.0,38664192.0
0.09281094372272491,794.470703125,29953.946662974842,,4331.430268172,0.0,0.0,0.0,0.0,6725.2978515625,1774538350.6931875,-3176.109375,0.0,0.0,0.0,0.0012382692657411098,1.837890625,38918144.0,0.0,0.0,38918144.0
0.08746539056301117,622.8359375,29688.773056539263,"{'size': 3782685.0, '_type': 'html-file', 'sha256': 'cd6fbc4fdbc324a6e80f4db91dc08710ea2c7acd4f9b7ed39184744293849052', 'path': 'media/html/render_39172096_cd6fbc4fdbc324a6e80f.html'}",4379.949917983,0.0,0.0,0.0,0.0,5043.6201171875,1774538422.1490724,-2489.820068359375,0.0,0.0,0.0,0.0010513497982174158,6.1171875,39172096.0,0.0,0.0,39172096.0
0.07958827912807465,364.2294921875,29932.089962301343,,4403.149150376,0.001953125,0.0,0.0,0.0,3026.87548828125,1774538422.393157,-1456.0677490234375,0.0009765625,0.001953125,0.0,0.0009689179714769125,1.9462890625,39426048.0,0.0,0.0,39426048.0
0.07677220553159714,664.7744140625,29681.96669712373,,4425.763612307,0.0,0.0,0.0,0.0,5623.2421875,1774538445.3476477,-2658.63427734375,0.0,0.0,0.0,0.0010373762343078852,0.0,39680000.0,0.0,0.0,39680000.0
0.07676801085472107,931.857421875,30156.20639214748,,4448.681606273,0.0,0.0,0.0,0.0,7825.09521484375,1774538467.9619994,-3726.664794921875,0.0,0.0,0.0,0.0008694542921148241,1.208984375,39933952.0,0.0,0.0,39933952.0
0.07886952906847,879.6044921875,29766.774096114077,,4471.343551675,0.0,0.0,0.0,0.0,7285.998046875,1774538490.879838,-3517.564697265625,0.0,0.0,0.0,0.0009311388712376356,3.58984375,40187904.0,0.0,0.0,40187904.0
0.08169464021921158,312.8984375,29990.232163882003,"{'path': 'media/html/render_40441856_21cc7e5b608e679763c1.html', 'size': 3793205.0, '_type': 'html-file', 'sha256': '21cc7e5b608e679763c165a63e6c92a2d7405a63040c8cc8310d7236dde3cf88'}",4521.7003067,0.0,0.0,0.0,0.0,2518.58837890625,1774538563.899484,-1251.354248046875,0.0,0.0,0.0,0.0007479225751012564,0.787109375,40441856.0,0.0,0.0,40441856.0
0.08105850964784622,815.04296875,29713.260208445758,,4544.635413466,0.0,0.0,0.0,0.0,6897.9296875,1774538564.1301413,-3259.375,0.0,0.0,0.0,0.0009592284332029521,0.0400390625,40695808.0,0.0,0.0,40695808.0
0.0780813917517662,919.6298828125,29902.810337238476,,4567.563700285,0.0,0.0,0.0,0.0,7819.4765625,1774538586.833698,-3677.76806640625,0.0,0.0,0.0,0.0011696794535964727,0.8466796875,40949760.0,0.0,0.0,40949760.0
0.07644286006689072,451.9775390625,29720.34878086517,,4590.217255046,0.0,0.0,0.0,0.0,3773.96240234375,1774538609.7620692,-1807.233154296875,0.0,0.0,0.0,0.0008673843694850802,0.6318359375,41203712.0,0.0,0.0,41203712.0
0.07777715474367142,682.224609375,29993.507948413342,,4613.138850034,0.0,0.0,0.0,0.0,5740.93408203125,1774538632.4157853,-2727.072998046875,0.0,0.0,0.0,0.0010680662235245109,0.0,41457664.0,0.0,0.0,41457664.0
0.08302582800388336,846.49609375,29737.94553466478,"{'_type': 'html-file', 'sha256': '6e4256f87ba884e9b8da114cd548dd6a92e2f02a81cd6a9f3e714f3f3982e3d0', 'path': 'media/html/render_41711616_6e4256f87ba884e9b8da.html', 'size': 3759669.0}",4661.690712554,0.0,0.0,0.0,0.0,7041.2783203125,1774538703.8898802,-3385.354736328125,0.0,0.0,0.0,0.001225909567438066,0.0654296875,41711616.0,0.0,0.0,41711616.0
0.08329837769269943,688.4599609375,30051.371189821435,,4684.835015508,0.0,0.0,0.0,0.0,5681.64453125,1774538704.0957148,-2753.602294921875,0.0,0.0,0.0,0.0008268853998742998,0.0595703125,41965568.0,0.0,0.0,41965568.0
0.07593844085931778,334.8232421875,29704.03769247877,,4707.4742401,0.0,0.0,0.0,0.0,2456.940673828125,1774538727.0335624,-1338.309326171875,0.0,0.0,0.0,0.0007901393692009151,0.845703125,42219520.0,0.0,0.0,42219520.0
0.06561174243688583,947.1884765625,30025.71862956453,,4730.381791207,0.0,0.0,0.0,0.0,7830.0634765625,1774538749.6726458,-3788.35498046875,0.0,0.0,0.0,0.0006562381749972701,2.5078125,42473472.0,0.0,0.0,42473472.0
0.05400869622826576,694.11328125,29800.67949312048,,4753.029135761,0.0,0.0,0.0,0.0,5202.8681640625,1774538772.5801442,-2775.4150390625,0.0,0.0,0.0,0.0006356273079290986,0.0,42727424.0,0.0,0.0,42727424.0
0.057035837322473526,527.875,30011.109272420315,"{'path': 'media/html/render_42981376_f88ca4cdd1c63b2f48be.html', 'size': 3698057.0, '_type': 'html-file', 'sha256': 'f88ca4cdd1c63b2f48bee599ca755165d7d3f4cf5d175ffcd25dea1a8da51746'}",4803.344902495,0.0107421875,0.0,0.0,0.0,4116.56640625,1774538845.544079,-2109.995361328125,0.0009765625,0.0107421875,0.0,0.0009555227006785572,2.7412109375,42981376.0,0.0,0.0,42981376.0
0.052255332469940186,754.4892578125,29808.73745557837,,4826.212756278,0.0,0.0,0.0,0.0,6157.09375,1774538845.7457192,-3017.171630859375,0.0,0.0,0.0,0.0007824624190106988,0.0009765625,43235328.0,0.0,0.0,43235328.0
0.05003686994314194,971.1455078125,29987.146200246945,,4849.123742478,0.0,0.0,0.0,0.0,8018.5517578125,1774538868.4111338,-3883.26416015625,0.0,0.0,0.0,0.0006289629964157939,0.0,43489280.0,0.0,0.0,43489280.0
0.04480082169175148,996.3056640625,29767.19752059233,,4871.791354434,0.0,0.0,0.0,0.0,8086.521484375,1774538891.3220773,-3985.11669921875,0.0,0.0,0.0,0.0006053894176147878,0.0,43743232.0,0.0,0.0,43743232.0
0.041329238563776016,951.8359375,29987.728727514663,,4894.714849548,0.0,0.0,0.0,0.0,7818.38671875,1774538913.9898314,-3806.992431640625,0.0,0.0,0.0,0.0004928683629259467,0.0,43997184.0,0.0,0.0,43997184.0
0.043029580265283585,840.6865234375,29734.177494426196,"{'size': 3796677.0, '_type': 'html-file', 'sha256': 'efc4ab304519b78f7a70d255a661f0b503734dd3745bd4cef919cc7bf447a8f2', 'path': 'media/html/render_44251136_efc4ab304519b78f7a70.html'}",4943.153369463,0.0,0.0,0.0,0.0,6885.38720703125,1774538985.3524873,-3361.8505859375,0.0,0.0,0.0,0.0005461196415126324,1.716796875,44251136.0,0.0,0.0,44251136.0
0.043146874755620956,842.3779296875,29981.19896345709,,4966.32849397,0.208984375,0.0,0.0,0.0,7412.390625,1774538985.5593767,-3368.2119140625,0.0009765625,0.208984375,0.0,0.0005802969099022448,2.328125,44505088.0,0.0,0.0,44505088.0
0.034507639706134796,924.392578125,29634.32285359925,,4989.001407486,0.0,0.0,0.0,0.0,7678.65625,1774539008.526963,-3696.161865234375,0.0,0.0,0.0,0.0016983295790851116,0.7041015625,44759040.0,0.0,0.0,44759040.0
0.03446533530950546,823.0615234375,29952.607374078987,,5011.925344757,0.0,0.0,0.0,0.0,6715.8251953125,1774539031.1996746,-3292.1337890625,0.0,0.0,0.0,0.0010546310804784298,0.0,45012992.0,0.0,0.0,45012992.0
0.04425482451915741,947.3173828125,29728.51851200202,,5034.578332222,0.0,0.0,0.0,0.0,7881.52001953125,1774539054.1239822,-3788.7197265625,0.0,0.0,0.0,0.0012814687797799706,0.0,45266944.0,0.0,0.0,45266944.0
0.07128854840993881,585.650390625,29979.14338547253,"{'size': 3648149.0, '_type': 'html-file', 'sha256': '8a95d96c10b1879f852232d5879e1303abebd914de7d20e18ce7bebd818f456e', 'path': 'media/html/render_45520896_8a95d96c10b1879f8522.html'}",5085.051696918,0.0,0.0,0.0,0.0,5337.94677734375,1774539127.2508466,-2342.23681640625,0.0,0.0,0.0,0.0008815245237201452,0.0,45520896.0,0.0,0.0,45520896.0
0.09921205043792725,1000.0,29722.54319284928,,5107.945712475,0.0,0.0,0.0,0.0,8180.59619140625,1774539127.4633458,-4000.0,0.0,0.0,0.0,0.000691212946549058,0.0,45774848.0,0.0,0.0,45774848.0
0.09686069190502167,861.4326171875,29901.414340368923,,5130.875954082,0.0,0.0,0.0,0.0,6701.9892578125,1774539150.1441896,-3445.36767578125,0.0,0.0,0.0,0.0006779798422940075,0.0,46028800.0,0.0,0.0,46028800.0
0.09249989688396454,790.2509765625,29705.912390819845,,5153.541551697,0.0,0.0,0.0,0.0,6323.82470703125,1774539173.0738049,-3160.981201171875,0.0,0.0,0.0,0.0007061895448714495,0.0,46282752.0,0.0,0.0,46282752.0
0.08715498447418213,978.1796875,29923.48600557329,,5176.468320718,0.0,0.0,0.0,0.0,7863.9384765625,1774539195.740009,-3912.65869140625,0.0,0.0,0.0,0.0005122431321069598,0.0,46536704.0,0.0,0.0,46536704.0
0.07781494408845901,731.982421875,29724.212854846028,"{'path': 'media/html/render_46790656_9d898ed756892fdba17f.html', 'size': 3749461.0, '_type': 'html-file', 'sha256': '9d898ed756892fdba17f778ea4209fbcb88eba1405d251bb2c1cc04ad731dcc2'}",5225.015789264,0.0,0.0,0.0,0.0,5947.8154296875,1774539267.214846,-2927.87060546875,0.0,0.0,0.0,0.0004842439666390419,0.0,46790656.0,0.0,0.0,46790656.0
0.06837774813175201,741.0107421875,29978.312289673377,,5248.161823297,0.0,0.0,0.0,0.0,6075.5078125,1774539267.4210606,-2963.8310546875,0.0,0.0,0.0,0.0005068577593192458,0.0,47044608.0,0.0,0.0,47044608.0
0.06853941082954407,987.2705078125,29724.18299337159,,5270.815357841,0.0,0.0,0.0,0.0,8314.759765625,1774539290.3603036,-3947.741943359375,0.0,0.0,0.0,0.0005080140545032918,0.0,47298560.0,0.0,0.0,47298560.0
0.06644435971975327,993.701171875,30042.253676041088,,5293.717438744,0.0,0.0,0.0,0.0,7980.2353515625,1774539313.013156,-3974.38134765625,0.0,0.0,0.0,0.0004331645031925291,0.0,47552512.0,0.0,0.0,47552512.0
0.061240844428539276,859.1416015625,29810.20657256866,,5316.369010387,0.0,0.0,0.0,0.0,6988.16064453125,1774539335.9159045,-3436.34814453125,0.0,0.0,0.0,0.00041692639933899045,0.0,47806464.0,0.0,0.0,47806464.0
0.05962049216032028,856.2587890625,30045.23827491698,"{'path': 'media/html/render_48060416_3fdd8cee4f01f8ea6aec.html', 'size': 3675693.0, '_type': 'html-file', 'sha256': '3fdd8cee4f01f8ea6aecc444ea053313c856e90b2032bd40cb7c35780a1e7c90'}",5366.883515098,0.0,0.0,0.0,0.0,7363.328125,1774539409.0826619,-3424.93505859375,0.0,0.0,0.0,0.0002771271101664752,0.0,48060416.0,0.0,0.0,48060416.0
0.061701029539108276,749.03125,29826.77648732904,,5389.759620749,0.0,0.0,0.0,0.0,6742.89990234375,1774539409.3086343,-2996.1142578125,0.0,0.0,0.0,0.00035669354838319123,0.0,48314368.0,0.0,0.0,48314368.0
0.06176145747303963,615.03515625,30066.163208097252,,5412.684696692,0.0,0.0,0.0,0.0,5412.0908203125,1774539431.9581864,-2460.09326171875,0.0,0.0,0.0,0.00031052055419422686,0.0,48568320.0,0.0,0.0,48568320.0
0.057229600846767426,735.1064453125,29731.0087299845,,5435.33086286,0.0,0.0,0.0,0.0,6551.724609375,1774539454.8824348,-2940.363037109375,0.0,0.0,0.0,0.0004837494343519211,0.0,48822272.0,0.0,0.0,48822272.0
0.05998533219099045,847.611328125,30006.007935217902,,5458.24913528,0.0,0.0,0.0,0.0,6965.9296875,1774539477.5292828,-3390.41748046875,0.0,0.0,0.0,0.000359053403371945,0.0,49076224.0,0.0,0.0,49076224.0
0.05950109288096428,204.8359375,29752.02498344459,"{'path': 'media/html/render_49330176_f1cbc9a5194822e5e277.html', 'size': 3695877.0, '_type': 'html-file', 'sha256': 'f1cbc9a5194822e5e277bf8ad0f4f0d28d67203c51fd99eae7c801731e8209a6'}",5506.902767402,0.0,0.0,0.0,0.0,1762.21875,1774539549.1019073,-819.2904052734375,0.0,0.0,0.0,0.00035942086833529174,0.0,49330176.0,0.0,0.0,49330176.0
0.058277279138565063,787.84765625,30044.634866957633,,5530.09431731,0.0,0.0,0.0,0.0,6400.318359375,1774539549.3317335,-3151.33154296875,0.0,0.0,0.0,0.00024270600988529623,0.0,49584128.0,0.0,0.0,49584128.0
0.054094333201646805,388.44140625,29625.19458496404,,5552.728812936,0.0,0.0,0.0,0.0,3159.71484375,1774539572.2928243,-1553.706298828125,0.0,0.0,0.0,0.0002582441666163504,0.0419921875,49838080.0,0.0,0.0,49838080.0
0.052829254418611526,225.6083984375,30055.139490504,,5575.643948132,0.0,0.0,0.0,0.0,1728.175048828125,1774539594.9265854,-902.3748779296875,0.0,0.0,0.0,0.0002128863416146487,0.0,50092032.0,0.0,0.0,50092032.0
0.04830820858478546,377.0029296875,29763.303135051192,,5598.282990757,0.0,0.0,0.0,0.0,3507.301025390625,1774539617.842476,-1507.79833984375,0.0,0.0,0.0,0.000171620340552181,0.0,50345984.0,0.0,0.0,50345984.0
0.04342542588710785,132.6640625,30034.2417496847,"{'path': 'media/html/render_50599936_fe9cd953fdb4a88b2b7d.html', 'size': 3731333.0, '_type': 'html-file', 'sha256': 'fe9cd953fdb4a88b2b7dcf5b8d129a38b0330ec029b17a51ab8c7f377651296e'}",5648.90533377,0.0,0.0,0.0,0.0,1095.77392578125,1774539691.1044755,-530.6319580078125,0.0,0.0,0.0,0.00015453142987098545,0.0,50599936.0,0.0,0.0,50599936.0
0.036100197583436966,790.60546875,29671.36915619361,,5671.8031329,0.0,0.0,0.0,0.0,7012.8896484375,1774539691.315899,-3161.61767578125,0.0,0.0,0.0,0.00016074963787104934,0.0,50853888.0,0.0,0.0,50853888.0
0.0318019799888134,742.904296875,29886.13154105713,,5694.758343524,0.0,0.0,0.0,0.0,6824.63134765625,1774539714.0017815,-2970.8544921875,0.0,0.0,0.0,0.00010194918286288157,0.0,51107840.0,0.0,0.0,51107840.0
0.029443059116601944,636.3310546875,29629.11966935836,,5717.350869864,0.0,0.0,0.0,0.0,5815.15234375,1774539736.95681,-2545.215576171875,0.0,0.0,0.0,6.346343434415758e-05,0.0,51361792.0,0.0,0.0,51361792.0
0.027125313878059387,246.2939453125,30187.821379220062,,5718.223621831,0.0,0.0,0.0,0.0,1947.403564453125,1774539759.5494182,-985.16455078125,0.0,0.0,0.0,5.871573375770822e-05,0.0,51615744.0,0.0,0.0,51615744.0
