training/actor_loss,training/critic_loss,eval/episode_reward_near,eval/episode_success,eval/episode_reward_ctrl,training/log_alpha,training/entropy,_runtime,training/sps,render,_step,eval/episode_success_hard,_timestamp,eval/episode_reward_survive,eval/episode_success_any,eval/episode_reward_dist,eval/episode_success_easy,training/alpha_loss,step,eval/episode_dist,eval/episode_reward
,,,,,,,64.493790621,,"{'size': 3897909.0, '_type': 'html-file', 'sha256': '7395fe248110a962ede0fd45223ec909d455bb827499fb07a21350e1d5aaabc5', 'path': 'media/html/render_0_7395fe248110a962ede0.html'}",0.0,,1773919059.6165953,,,,,,,,
,,,,,,,162.100781662,,"{'size': 3870873.0, '_type': 'html-file', 'sha256': '262f7d8c4cbaf6e25b96e6932e927c081ebcc579671d935b8b485e5a814553e0', 'path': 'media/html/render_1_262f7d8c4cbaf6e25b96.html'}",1.0,,1773919157.223604,,,,,,,,
-45.85750198364258,3.6643459796905518,0.0,0.2451171875,-1194.135986328125,0.0,0.0,188.715698361,7999.695149241009,,1333248.0,0.0,1773919157.4039664,707.85546875,0.0068359375,0.0,4.599609375,2.2556583881378174,1333248.0,5924.0771484375,0.2451171875
-27.88185691833496,1.0758000612258911,0.0,0.4609375,-1511.88623046875,0.0,0.0,215.349486333,20735.479917280933,,1587200.0,0.0,1773919183.837983,711.4501953125,0.01171875,0.0,7.20703125,0.028683938086032867,1587200.0,6095.615234375,0.4609375
-14.009750366210938,0.23421622812747955,0.0,0.046875,-2055.77734375,0.0,0.0,241.759250331,20791.45205139328,,1841152.0,0.0,1773919210.4716635,871.4111328125,0.0009765625,0.0,0.6171875,7.6420656114351e-05,1841152.0,7060.322265625,0.046875
-8.445079803466797,0.09496069699525833,0.0,1.2724609375,-1803.1400146484375,0.0,0.0,268.27287333,20923.647286255004,,2095104.0,0.0,1773919236.8816128,852.45703125,0.0087890625,0.0,12.8134765625,0.00016837725706864148,2095104.0,6826.232421875,1.2724609375
-6.767888069152832,0.07919108867645264,0.0,0.078125,-1540.952880859375,0.0,0.0,320.901783226,21028.0418881247,"{'_type': 'html-file', 'sha256': 'f91b572baa518d037b8d8eab592759b2739ada0476276ab1fe501f903ebb4170', 'path': 'media/html/render_2349056_f91b572baa518d037b8d.html', 'size': 3869977.0}",2349056.0,0.0,1773919316.0246766,812.365234375,0.0087890625,0.0,22.2314453125,4.1786614019656554e-05,2349056.0,6293.36865234375,0.078125
-6.824138164520264,0.1159437820315361,0.0,1.927734375,-1272.2972412109375,0.0,0.0,347.402058675,21301.59098410036,,2603008.0,0.0,1773919316.2130947,687.3662109375,0.0107421875,0.0,21.76171875,-1.8012311556958593e-05,2603008.0,5594.95703125,1.927734375
-7.510779857635498,0.179059237241745,0.0,0.873046875,-1559.568603515625,0.0,0.0,373.525184137,21178.685863391944,,2856960.0,0.0,1773919342.524294,797.1279296875,0.0126953125,0.0,22.234375,-5.4366846597986296e-05,2856960.0,6564.22900390625,0.873046875
-9.69665241241455,0.2633455991744995,0.0,1.91015625,-1566.482421875,0.0,0.0,399.699727343,21460.981599117233,,3110912.0,0.0,1773919368.6472633,806.0673828125,0.021484375,0.0,27.81640625,-0.00010573849431239069,3110912.0,6468.751953125,1.91015625
-11.915173530578613,0.3620872497558594,0.0,8.744140625,-1720.402587890625,0.0,0.0,425.655345569,21440.53421886283,,3364864.0,0.0,1773919394.821948,827.53125,0.0380859375,0.0,95.333984375,-7.106416887836531e-05,3364864.0,6152.251953125,8.744140625
-14.386994361877441,0.4312001168727875,0.0,10.55078125,-1549.91162109375,0.0,0.0,477.890476109,21590.214849326756,"{'sha256': '9d8b520b5a6092867d5f6d0e920a17bfa300c6e78fd24fae90c29502f633a6aa', 'path': 'media/html/render_3618816_9d8b520b5a6092867d5f.html', 'size': 3877973.0, '_type': 'html-file'}",3618816.0,0.0,1773919473.0133421,826.240234375,0.0634765625,0.0,52.0400390625,-4.4276730477577075e-05,3618816.0,6709.43701171875,10.55078125
-14.787904739379883,0.4705235958099365,0.0,6.07421875,-1248.7193603515625,0.0,0.0,503.985209059,21478.260443817122,,3872768.0,0.0,1773919473.2042584,727.7431640625,0.0283203125,0.0,30.9423828125,2.7117383069708012e-05,3872768.0,6086.80859375,6.07421875
-16.09569549560547,0.5179311633110046,0.0,24.9453125,-1388.265869140625,0.0,0.0,530.044776306,21667.030907182114,,4126720.0,0.0,1773919499.1073098,781.630859375,0.0986328125,0.0,90.5693359375,4.1426214011153206e-05,4126720.0,5921.0263671875,24.9453125
-16.57520866394043,0.5717571973800659,0.0,17.6728515625,-1352.39794921875,0.0,0.0,555.914366353,21642.686861568283,,4380672.0,0.0,1773919525.1669822,784.943359375,0.06640625,0.0,52.91796875,-4.659378464566544e-05,4380672.0,6270.7392578125,17.6728515625
-16.03004264831543,0.6088188886642456,0.0,10.953125,-1335.62451171875,0.0,0.0,581.978870703,21721.83121856086,,4634624.0,0.0,1773919551.0366054,806.4267578125,0.05078125,0.0,41.1279296875,5.848966975463554e-05,4634624.0,6775.3447265625,10.953125
-15.679126739501953,0.6300946474075317,0.0,7.1513671875,-1415.5185546875,0.0,0.0,633.513581487,21632.127780730814,"{'size': 3868905.0, '_type': 'html-file', 'sha256': '9e6f921455244f5d622b323a924be455681c69e63bce67a4f9a78128217f43f7', 'path': 'media/html/render_4888576_9e6f921455244f5d622b.html'}",4888576.0,0.0,1773919628.6364563,793.1298828125,0.041015625,0.0,34.43359375,-7.750010991003364e-05,4888576.0,6603.3857421875,7.1513671875
-15.802338600158691,0.6725934147834778,0.0,30.48828125,-1555.666748046875,0.0,0.0,659.744014014,21797.175840983444,,5142528.0,0.0,1773919628.8221164,864.25390625,0.1005859375,0.0,80.0126953125,6.5208564592467155e-06,5142528.0,6849.400390625,30.48828125
-15.131734848022461,0.7212049961090088,0.0,12.931640625,-1458.70556640625,0.0,0.0,685.570653642,21677.90027735818,,5396480.0,0.0,1773919654.8661592,799.6689453125,0.083984375,0.0,56.6279296875,1.71470546774799e-05,5396480.0,6418.7412109375,12.931640625
-15.4140625,0.7606015801429749,0.0,36.03125,-1453.001953125,0.0,0.0,711.550768609,21810.417455297735,,5650432.0,0.0,1773919680.6927028,827.005859375,0.1025390625,0.0,73.095703125,-2.697209311008919e-05,5650432.0,6615.6875,36.03125
-15.96915340423584,0.7840835452079773,0.0,32.1162109375,-1276.8304443359375,0.0,0.0,737.348327341,21790.51291681174,,5904384.0,0.0,1773919706.672984,700.13671875,0.1123046875,0.0,67.953125,1.547206557006575e-05,5904384.0,5340.4228515625,32.1162109375
-16.045238494873047,0.808718204498291,0.0,28.177734375,-1213.498291015625,0.0,0.0,789.616719069,21879.871275305934,"{'_type': 'html-file', 'sha256': 'bb60ae87a9b8316c74d0e00017754e0d8283ec062f420950f790386e9d7aaec4', 'path': 'media/html/render_6158336_bb60ae87a9b8316c74d0.html', 'size': 3867545.0}",6158336.0,0.0,1773919784.7395892,688.4814453125,0.0693359375,0.0,53.498046875,-1.4992917385825422e-05,6158336.0,5390.314453125,28.177734375
-16.110897064208984,0.8399736881256104,0.0,42.017578125,-1496.9239501953125,0.0,0.0,815.584228391,21797.875278474192,,6412288.0,0.0,1773919784.9314513,831.220703125,0.08203125,0.0,67.65625,-2.889907409553416e-05,6412288.0,6794.00048828125,42.017578125
-16.420795440673828,0.8424824476242065,0.0,61.6611328125,-1562.277587890625,0.0,0.0,841.506389608,21900.98910518452,,6666240.0,0.0,1773919810.7064161,837.7470703125,0.1279296875,0.0,95.6630859375,4.175689900876023e-05,6666240.0,6488.63671875,61.6611328125
-16.819271087646484,0.8588013648986816,0.0,67.109375,-1321.3272705078125,0.0,0.0,867.252065813,21904.308876385905,,6920192.0,0.0,1773919836.6286905,726.890625,0.1142578125,0.0,88.1513671875,8.69505493028555e-06,6920192.0,5554.81298828125,67.109375
-17.044906616210938,0.8695171475410461,0.0,105.4423828125,-1710.427978515625,0.0,0.0,893.173884656,21966.538398478344,,7174144.0,0.0,1773919862.3742242,899.095703125,0.189453125,0.0,136.494140625,-5.721764682675712e-05,7174144.0,6630.06103515625,105.4423828125
-17.79542350769043,0.9228492975234985,0.0,63.7373046875,-1574.82177734375,0.0,0.0,945.187154322,21897.160300291634,"{'size': 3866025.0, '_type': 'html-file', 'sha256': '8c3d2a6ee52493308b3eaa4220a2e591062ede546fe1878235101ff3cc692acc', 'path': 'media/html/render_7428096_8c3d2a6ee52493308b3e.html'}",7428096.0,0.0,1773919940.3100257,854.5888671875,0.1494140625,0.0,104.3115234375,5.58244073545211e-06,7428096.0,6539.0087890625,63.7373046875
-18.479598999023438,0.9339014291763306,0.0,126.82421875,-1694.017578125,0.0,0.0,971.309914199,22039.995737638128,,7682048.0,0.0,1773919940.5003273,905.572265625,0.1630859375,0.0,140.763671875,-4.8037240048870444e-05,7682048.0,6745.33740234375,126.82421875
-18.48504066467285,0.9121438264846802,0.0,57.041015625,-1497.480224609375,0.0,0.0,997.003785202,21877.285465894365,,7936000.0,0.0,1773919966.432267,855.9931640625,0.0986328125,0.0,85.2626953125,9.503497858531773e-05,7936000.0,6744.626953125,57.041015625
-18.87095832824707,0.9066416621208191,0.0,72.1787109375,-1561.8270263671875,0.0,0.0,1022.869367183,22055.125051146617,,8189952.0,0.0,1773919992.1258914,862.4443359375,0.1181640625,0.0,87.525390625,-5.43115493201185e-05,8189952.0,6943.8759765625,72.1787109375
-18.982501983642578,0.9315949082374573,0.0,82.037109375,-1630.862060546875,0.0,0.0,1048.581841316,21999.814596057455,,8443904.0,0.0,1773920017.9915984,900.5654296875,0.1328125,0.0,105.310546875,-1.965704359463416e-05,8443904.0,7065.591796875,82.037109375
-18.769800186157227,0.9303480386734009,0.0,91.2958984375,-1540.90869140625,0.0,0.0,1100.299507547,22011.618646567764,"{'size': 3866305.0, '_type': 'html-file', 'sha256': '4562ddea0fb7e2eb987c76e441def967ee3a02f1e5cbfc941ba0417503329d43', 'path': 'media/html/render_8697856_4562ddea0fb7e2eb987c.html'}",8697856.0,0.0,1773920095.4223711,834.1064453125,0.1337890625,0.0,107.896484375,4.519950016401708e-05,8697856.0,6314.1904296875,91.2958984375
-20.62734031677246,0.9619033932685852,0.0,105.912109375,-1666.463134765625,0.0,0.0,1126.200765534,22026.04946982174,,8951808.0,0.0,1773920095.6084118,926.2353515625,0.1728515625,0.0,136.376953125,-7.258832192746922e-05,8951808.0,7140.357421875,105.912109375
-20.39190673828125,0.956867516040802,0.0,139.19921875,-1660.9296875,0.0,0.0,1152.055361377,22043.89290894453,,9205760.0,0.0,1773920121.323091,917.3125,0.203125,0.0,159.13671875,8.907243682187982e-06,9205760.0,6784.25341796875,139.19921875
-21.533777236938477,0.9957149624824524,0.0,157.732421875,-1805.880859375,0.0,0.0,1177.725544406,22025.406362143607,,9459712.0,0.0,1773920147.1774988,948.087890625,0.2294921875,0.0,181.1767578125,-2.402000291112927e-06,9459712.0,6778.0185546875,157.732421875
-22.39664649963379,1.0267423391342163,0.0,122.9150390625,-1771.732177734375,0.0,0.0,1203.600857445,22115.981916980385,,9713664.0,0.0,1773920172.8477626,942.8671875,0.15625,0.0,138.3583984375,-5.285615407046862e-05,9713664.0,7203.4814453125,122.9150390625
-22.233068466186523,1.0285708904266357,0.0,94.2021484375,-1660.2803955078125,0.0,0.0,1255.326643461,21996.331357690506,"{'_type': 'html-file', 'sha256': '8b0626f103c467422e7a24fd7985e7694f74132072edebc2dfee6b0475a2d436', 'path': 'media/html/render_9967616_8b0626f103c467422e7a.html', 'size': 3868109.0}",9967616.0,0.0,1773920250.4495533,861.0234375,0.1259765625,0.0,124.498046875,4.314413672545925e-05,9967616.0,6415.3642578125,94.2021484375
-23.57945442199707,1.0708433389663696,0.0,126.9599609375,-1717.6043701171875,0.0,0.0,1281.448125441,22190.681930289862,,10221568.0,0.0,1773920250.6710665,951.9853515625,0.1650390625,0.0,147.904296875,-8.228496153606102e-05,10221568.0,7159.328125,126.9599609375
-23.559886932373047,1.0557883977890015,0.0,152.7041015625,-1665.173583984375,0.0,0.0,1307.096371106,21962.06851221255,,10475520.0,0.0,1773920276.570599,898.57421875,0.203125,0.0,164.1845703125,3.593992369133048e-05,10475520.0,6531.8642578125,152.7041015625
-24.72840118408203,1.0865516662597656,0.0,145.625,-1517.1700439453125,0.0,0.0,1332.900741752,22140.43325472002,,10729472.0,0.0,1773920302.2187014,769.0126953125,0.185546875,0.0,158.1982421875,-7.990350422915071e-05,10729472.0,5318.9169921875,145.625
-26.02686882019043,1.1043078899383545,0.0,113.07421875,-1629.53271484375,0.0,0.0,1358.498844782,22125.4404081302,,10983424.0,0.0,1773920328.0230267,923.505859375,0.1611328125,0.0,127.421875,4.1266688640462235e-05,10983424.0,7211.8486328125,113.07421875
-27.46003532409668,1.1234067678451538,0.0,150.92578125,-1771.1148681640625,0.0,0.0,1411.17466607,22272.325379664428,"{'path': 'media/html/render_11237376_14e8d2c3422606977f37.html', 'size': 3870749.0, '_type': 'html-file', 'sha256': '14e8d2c3422606977f37d3384cec147b0c94240afabb3c313e8a2532707ee2aa'}",11237376.0,0.0,1773920406.2975736,926.921875,0.1962890625,0.0,163.513671875,-5.1628176152007654e-05,11237376.0,6836.18359375,150.92578125
-27.93720817565918,1.1113766431808472,0.0,154.9072265625,-1750.78466796875,0.0,0.0,1436.960232058,22149.652435378193,,11491328.0,0.0,1773920406.5068483,949.5078125,0.2109375,0.0,173.115234375,-1.636563683860004e-05,11491328.0,7073.568359375,154.9072265625
-28.311128616333008,1.1077845096588135,0.0,170.984375,-1786.695068359375,0.0,0.0,1462.745777839,22293.131023896167,,11745280.0,0.0,1773920432.0825312,916.4140625,0.216796875,0.0,182.9951171875,-3.0603070626966655e-05,11745280.0,6864.39453125,170.984375
-27.89388084411621,1.0741972923278809,0.0,173.0009765625,-1674.601806640625,0.0,0.0,1488.308691552,22147.357051565417,,11999232.0,0.0,1773920457.8681045,924.4365234375,0.2138671875,0.0,183.287109375,3.532335540512577e-05,11999232.0,6725.2373046875,173.0009765625
-29.676029205322266,1.0816000699996948,0.0,147.89453125,-1634.8709716796875,0.0,0.0,1514.058010998,22313.220189415788,,12253184.0,0.0,1773920483.4310925,952.8349609375,0.1787109375,0.0,156.9833984375,-1.727705603116192e-05,12253184.0,7039.5517578125,147.89453125
-29.53084373474121,1.0817840099334717,0.0,199.4990234375,-1763.262939453125,0.0,0.0,1565.864651608,22219.153020030517,"{'size': 3876641.0, '_type': 'html-file', 'sha256': '9fd91d8dfe6ed42bb5093d388b5711daadbc8cab8326d2164394e1de4143cf31', 'path': 'media/html/render_12507136_9fd91d8dfe6ed42bb509.html'}",12507136.0,0.0,1773920560.9875154,949.357421875,0.2763671875,0.0,221.755859375,2.0555069568217732e-05,12507136.0,6523.60498046875,199.4990234375
-30.185667037963867,1.085372805595398,0.0,119.0869140625,-1671.532470703125,0.0,0.0,1591.843999467,22307.163991344045,,12761088.0,0.0,1773920561.2075179,955.5625,0.162109375,0.0,128.9296875,4.402175818540854e-06,12761088.0,7483.4189453125,119.0869140625
-31.330774307250977,1.0972189903259277,0.0,135.94140625,-1751.88525390625,0.0,0.0,1617.375412377,22215.966033816054,,13015040.0,0.0,1773920586.9663198,970.080078125,0.1611328125,0.0,143.6083984375,-1.7830123397288844e-05,13015040.0,7358.40478515625,135.94140625
-32.14447784423828,1.0563337802886963,0.0,146.701171875,-1665.677490234375,0.0,0.0,1643.10785755,22378.362881333855,,13268992.0,0.0,1773920612.4976923,898.35546875,0.1806640625,0.0,155.068359375,-2.3586704628542066e-05,13268992.0,6789.171875,146.701171875
-32.530033111572266,1.0429586172103882,0.0,173.806640625,-1721.23583984375,0.0,0.0,1668.627334684,22258.942742072024,,13522944.0,0.0,1773920638.230173,912.6279296875,0.2294921875,0.0,185.349609375,1.6672578567522578e-05,13522944.0,6419.396484375,173.806640625
-32.958251953125,1.037933111190796,0.0,200.640625,-1582.702880859375,0.0,0.0,1720.460604588,22407.308019799344,"{'size': 3867145.0, '_type': 'html-file', 'sha256': 'b525f28dc979f33c70bb8a31ed47a5de561f5241cdacdc0d5dd70327a49b7d38', 'path': 'media/html/render_13776896_b525f28dc979f33c70bb.html'}",13776896.0,0.0,1773920715.5834432,852.3720703125,0.2705078125,0.0,212.541015625,1.5783925846335478e-05,13776896.0,5600.4423828125,200.640625
-33.44367599487305,1.033996343612671,0.0,211.4765625,-1827.107421875,0.0,0.0,1746.180591032,22279.76671972051,,14030848.0,0.0,1773920715.7769327,942.767578125,0.2763671875,0.0,225.64453125,2.4043065423029475e-05,14030848.0,6385.51025390625,211.4765625
-33.860050201416016,1.017734169960022,0.0,188.392578125,-1666.268798828125,0.0,0.0,1771.914136013,22414.789846340223,,14284800.0,0.0,1773920741.3029902,847.2158203125,0.259765625,0.0,206.26171875,-6.058473445591517e-05,14284800.0,5793.7216796875,188.392578125
-34.496463775634766,1.0294673442840576,0.0,189.1865234375,-1777.8865966796875,0.0,0.0,1797.43255049,22265.828697764577,,14538752.0,0.0,1773920767.036448,928.7451171875,0.25,0.0,206.615234375,-3.378628025529906e-05,14538752.0,6492.89111328125,189.1865234375
-35.53221893310547,0.9752737879753113,0.0,206.291015625,-1741.5869140625,0.0,0.0,1823.155132984,22433.591650889746,,14792704.0,0.0,1773920792.5548065,918.46484375,0.2734375,0.0,227.10546875,0.00010669023322407156,14792704.0,6262.625,206.291015625
-35.086036682128906,0.9416131377220154,0.0,216.263671875,-1738.104248046875,0.0,0.0,1874.927671127,22269.838742902397,"{'size': 3854313.0, '_type': 'html-file', 'sha256': '2ae8bd5a12b87a6ba486fc28dd7676e4fa47da66e3df1021b305aab7061b2a14', 'path': 'media/html/render_15046656_2ae8bd5a12b87a6ba486.html'}",15046656.0,0.0,1773920870.0505874,890.76953125,0.27734375,0.0,229.52734375,-6.711140486004297e-06,15046656.0,5890.12060546875,216.263671875
-36.06163787841797,0.9513285160064697,0.0,177.046875,-1523.2373046875,0.0,0.0,1900.837517853,22423.686170590023,,15300608.0,0.0,1773920870.2618093,784.6904296875,0.21875,0.0,189.5576171875,-2.225136813649442e-05,15300608.0,5384.76806640625,177.046875
-37.070098876953125,0.9158096313476562,0.0,197.9892578125,-1668.1444091796875,0.0,0.0,1926.318147423,22325.686860972495,,15554560.0,0.0,1773920895.9597895,876.9423828125,0.2451171875,0.0,214.7578125,-6.734609632985666e-05,15554560.0,5950.8642578125,197.9892578125
-36.595638275146484,0.9028749465942383,0.0,228.490234375,-1780.18994140625,0.0,0.0,1952.021944746,22498.37605816266,,15808512.0,0.0,1773920921.4403946,918.0341796875,0.263671875,0.0,240.8408203125,0.00010868671961361542,15808512.0,6147.27197265625,228.490234375
-37.4798698425293,0.8834843039512634,0.0,218.1044921875,-1695.939697265625,0.0,0.0,1977.498134821,22329.072514213047,,16062464.0,0.0,1773920947.1443138,884.439453125,0.26171875,0.0,231.1279296875,-2.1071811715955846e-05,16062464.0,5918.509765625,218.1044921875
-37.98542022705078,0.8515504002571106,0.0,241.3037109375,-1747.2255859375,0.0,0.0,2029.504244974,22484.781227846943,"{'size': 3860637.0, '_type': 'html-file', 'sha256': 'deb9e39c5a74c109f0e3bb15dce6036ce732b289b102c02bc1355e397b4ee2e0', 'path': 'media/html/render_16316416_deb9e39c5a74c109f0e3.html'}",16316416.0,0.0,1773921024.6271453,906.7685546875,0.298828125,0.0,268.1484375,-4.203258413326694e-06,16316416.0,5701.4072265625,241.3037109375
-37.6201171875,0.8631274104118347,0.0,218.427734375,-1587.01416015625,0.0,0.0,2055.190577266,22356.004246825214,,16570368.0,0.0,1773921024.829086,857.4443359375,0.271484375,0.0,232.5283203125,5.5114709539338946e-05,16570368.0,5578.34765625,218.427734375
-39.0954704284668,0.8369646668434143,0.0,213.888671875,-1597.57470703125,0.0,0.0,2080.861438116,22476.76928584204,,16824320.0,0.0,1773921050.3124964,860.28125,0.2666015625,0.0,229.2109375,-3.222344093956053e-05,16824320.0,5760.08154296875,213.888671875
-38.71570587158203,0.7969825267791748,0.0,259.85546875,-1892.0496826171875,0.0,0.0,2106.342682236,22364.941304033237,,17078272.0,0.0,1773921075.983757,924.6513671875,0.296875,0.0,271.126953125,6.175381713546813e-05,17078272.0,5976.3564453125,259.85546875
-39.61388397216797,0.8103753328323364,0.0,232.2978515625,-1774.3695068359375,0.0,0.0,2132.007147237,22493.177924216696,,17332224.0,0.0,1773921101.4649198,922.29296875,0.275390625,0.0,245.4130859375,-0.00010039062181022018,17332224.0,6187.97216796875,232.2978515625
-40.08212661743164,0.7849131226539612,0.0,251.9248046875,-1767.871337890625,0.0,0.0,2183.930403067,22377.951029318792,"{'path': 'media/html/render_17586176_4b0875ea39495dcb2e46.html', 'size': 3857397.0, '_type': 'html-file', 'sha256': '4b0875ea39495dcb2e46cdbaa9435c88d21e0837d8a15c1a0403f6b6d6896c23'}",17586176.0,0.0,1773921179.053325,897.513671875,0.302734375,0.0,267.8701171875,6.551827391376719e-05,17586176.0,5637.5517578125,251.9248046875
-40.711761474609375,0.7425796389579773,0.0,195.5888671875,-1544.14453125,0.0,0.0,2209.817825498,22505.846552974188,,17840128.0,0.0,1773921179.2699652,831.3125,0.259765625,0.0,213.267578125,-2.845235258064349e-06,17840128.0,5575.638671875,195.5888671875
-41.443931579589844,0.7421448826789856,0.0,241.9736328125,-1657.661865234375,0.0,0.0,2235.250118291,22392.359811609775,,18094080.0,0.0,1773921204.9401138,824.3837890625,0.2880859375,0.0,260.6630859375,2.884093737520743e-05,18094080.0,5157.08984375,241.9736328125
-42.35834503173828,0.7237708568572998,0.0,264.8193359375,-1691.3394775390625,0.0,0.0,2260.917192738,22602.4959657221,,18348032.0,0.0,1773921230.3724153,905.53125,0.3134765625,0.0,283.8994140625,1.8611890482134186e-05,18348032.0,5646.9609375,264.8193359375
-42.45577621459961,0.7016289830207825,0.0,258.27734375,-1784.715576171875,0.0,0.0,2286.345100628,22448.874592018274,,18601984.0,0.0,1773921256.0394082,923.78515625,0.3056640625,0.0,272.453125,-2.0024926925543696e-06,18601984.0,5918.07373046875,258.27734375
-43.13273620605469,0.6842983365058899,0.0,234.8525390625,-1722.961181640625,0.0,0.0,2338.39359248,22599.20478284593,"{'size': 3861537.0, '_type': 'html-file', 'sha256': 'f4c7d8fc8b361fdcabb5566c066d9578580676cd362e1026f55fb4625342481e', 'path': 'media/html/render_18855936_f4c7d8fc8b361fdcabb5.html'}",18855936.0,0.0,1773921333.5164976,922.462890625,0.28125,0.0,246.5009765625,-4.272496425983263e-06,18855936.0,6294.9267578125,234.8525390625
-43.45643997192383,0.6629191040992737,0.0,204.1435546875,-1482.522216796875,0.0,0.0,2364.078982035,22493.4225498975,,19109888.0,0.0,1773921333.7139058,819.283203125,0.255859375,0.0,223.4345703125,-2.0125396531511797e-06,19109888.0,5390.81982421875,204.1435546875
-43.6806755065918,0.6579002737998962,0.0,256.8759765625,-1645.0877685546875,0.0,0.0,2389.710871129,22494.980204030155,,19363840.0,0.0,1773921359.2013612,936.822265625,0.3046875,0.0,278.767578125,7.68156023696065e-05,19363840.0,6029.66796875,256.8759765625
-43.73472213745117,0.6509530544281006,0.0,196.640625,-1614.34033203125,0.0,0.0,2415.15014811,22430.642800412403,,19617792.0,0.0,1773921384.8332033,871.619140625,0.26171875,0.0,212.2314453125,-4.434044240042567e-05,19617792.0,5929.666015625,196.640625
-43.40161895751953,0.6747813820838928,0.0,252.5380859375,-1715.598876953125,0.0,0.0,2440.755558245,22556.706608678713,,19871744.0,0.0,1773921410.272069,930.24609375,0.328125,0.0,279.939453125,6.405300518963486e-05,19871744.0,5734.6552734375,252.5380859375
-44.405181884765625,0.6677156090736389,0.0,253.7119140625,-1651.424560546875,0.0,0.0,2492.539867987,22487.25105930989,"{'size': 3863729.0, '_type': 'html-file', 'sha256': 'c44674d081a9104106572a3fa85672cc38fee75eaab25147df1dd0ad5e580ae8', 'path': 'media/html/render_20125696_c44674d081a910410657.html'}",20125696.0,0.0,1773921487.6627796,897.5634765625,0.30859375,0.0,273.482421875,-2.7317548301653005e-05,20125696.0,5682.150390625,253.7119140625
-44.88943862915039,0.6795563101768494,0.0,255.1123046875,-1805.828857421875,0.0,0.0,2518.389450179,22570.031323541454,,20379648.0,0.0,1773921487.8719525,966.2109375,0.3037109375,0.0,274.205078125,-4.137170981266536e-05,20379648.0,6238.4150390625,255.1123046875
-44.98936462402344,0.6735581159591675,0.0,231.697265625,-1676.042236328125,0.0,0.0,2543.855882634,22447.28405221029,,20633600.0,0.0,1773921513.5117567,915.6328125,0.27734375,0.0,247.82421875,4.01802099077031e-05,20633600.0,5981.611328125,231.697265625
-45.363338470458984,0.6667072772979736,0.0,263.5595703125,-1720.1849365234375,0.0,0.0,2569.453544545,22541.721144240833,,20887552.0,0.0,1773921538.9781249,938.8544921875,0.3232421875,0.0,281.6494140625,-1.874621375463903e-05,20887552.0,6052.0400390625,263.5595703125
-46.13068389892578,0.6852045059204102,0.0,248.9345703125,-1691.17724609375,0.0,0.0,2594.928807529,22526.180559002732,,21141504.0,0.0,1773921564.5759046,944.373046875,0.2861328125,0.0,265.07421875,-5.485660585691221e-05,21141504.0,6211.2099609375,248.9345703125
-45.777462005615234,0.6788787841796875,0.0,283.0927734375,-1821.2470703125,0.0,0.0,2647.122458147,22518.629910932596,"{'sha256': 'c10438432b3e8295600130f59019a3fc8eff7c84792acf7377a9ddfbbc3a31b6', 'path': 'media/html/render_21395456_c10438432b3e82956001.html', 'size': 3861749.0, '_type': 'html-file'}",21395456.0,0.0,1773921642.2453332,962.6533203125,0.3203125,0.0,295.529296875,9.89575928542763e-05,21395456.0,6114.650390625,283.0927734375
-46.79682922363281,0.6945728063583374,0.0,282.8583984375,-1830.4984130859375,0.0,0.0,2672.813797193,22493.007876878375,,21649408.0,0.0,1773921642.4866128,963.0068359375,0.3291015625,0.0,299.853515625,-5.1257557061035186e-05,21649408.0,5957.8583984375,282.8583984375
-46.0525016784668,0.6866661906242371,0.0,272.29296875,-1803.3787841796875,0.0,0.0,2698.416507242,22562.018739649295,,21903360.0,0.0,1773921667.9361062,957.7509765625,0.333984375,0.0,291.1611328125,8.079059625742957e-05,21903360.0,5903.9609375,272.29296875
-46.94142150878906,0.7216826677322388,0.0,257.9052734375,-1724.31982421875,0.0,0.0,2723.880151857,22517.361727292413,,22157312.0,0.0,1773921693.5388935,942.9033203125,0.3154296875,0.0,273.4462890625,1.881253774627112e-05,22157312.0,6055.1962890625,257.9052734375
-47.12351608276367,0.681013822555542,0.0,278.279296875,-1789.9150390625,0.0,0.0,2749.513908005,22533.205705854933,,22411264.0,0.0,1773921719.0024219,954.8037109375,0.3125,0.0,289.6005859375,-3.381782880751416e-05,22411264.0,6050.5888671875,278.279296875
-47.359352111816406,0.6881915330886841,0.0,262.615234375,-1874.80419921875,0.0,0.0,2801.396775529,22437.95304315528,"{'size': 3860365.0, '_type': 'html-file', 'sha256': '3bb89fdde09e88f96934d7bbeb83a27a75de503a579eae6fef95bc5845479801', 'path': 'media/html/render_22665216_3bb89fdde09e88f96934.html'}",22665216.0,0.0,1773921796.5196416,974.0947265625,0.3017578125,0.0,276.1337890625,7.643334538443014e-05,22665216.0,6346.619140625,262.615234375
-47.272003173828125,0.6741865873336792,0.0,267.0439453125,-1723.0927734375,0.0,0.0,2827.213975892,22561.606312519303,,22919168.0,0.0,1773921796.7176337,956.484375,0.298828125,0.0,278.0068359375,-3.204264066880569e-05,22919168.0,6196.1337890625,267.0439453125
-48.03016662597656,0.6625967025756836,0.0,256.744140625,-1802.91455078125,0.0,0.0,2852.640268471,22447.208835950907,,23173120.0,0.0,1773921822.3363717,965.6298828125,0.28515625,0.0,264.90234375,9.33383489609696e-06,23173120.0,6441.4677734375,256.744140625
-48.74667739868164,0.6931061148643494,0.0,274.83984375,-1681.25,0.0,0.0,2878.205813573,22599.742777510357,,23427072.0,0.0,1773921847.7626016,911.0771484375,0.30859375,0.0,286.365234375,3.206205656169914e-05,23427072.0,5658.7236328125,274.83984375
-48.53997802734375,0.6736323237419128,0.0,261.615234375,-1804.1861572265625,0.0,0.0,2903.622151889,22542.57986438921,,23681024.0,0.0,1773921873.3280857,979.00390625,0.2978515625,0.0,270.8359375,-7.011771958786994e-05,23681024.0,6167.9345703125,261.615234375
-48.55778503417969,0.6625335216522217,0.0,251.1396484375,-1716.74755859375,0.0,0.0,2955.839496511,22610.09433067882,"{'size': 3878761.0, '_type': 'html-file', 'sha256': 'ee4cf2c3250316d17a8e064545f134c21bc9dae48ae39144a2a703733370ad67', 'path': 'media/html/render_23934976_ee4cf2c3250316d17a8e.html'}",23934976.0,0.0,1773921950.9624004,950.9296875,0.298828125,0.0,267.14453125,6.51411319267936e-05,23934976.0,6242.52490234375,251.1396484375
-49.57306671142578,0.6595363616943359,0.0,267.6748046875,-1743.328857421875,0.0,0.0,2981.52570988,22570.609539679048,,24188928.0,0.0,1773921951.1794145,951.4287109375,0.3125,0.0,279.51953125,1.845747283368837e-05,24188928.0,6180.69775390625,267.6748046875
-49.16813278198242,0.6683986186981201,0.0,279.9580078125,-1828.798095703125,0.0,0.0,3007.003184129,22544.574255799136,,24442880.0,0.0,1773921976.6475565,989.1796875,0.310546875,0.0,288.4833984375,-2.493847205187194e-05,24442880.0,6572.03076171875,279.9580078125
-49.7672233581543,0.6654784083366394,0.0,289.68359375,-1819.8045654296875,0.0,0.0,3032.385686854,22517.295084955575,,24696832.0,0.0,1773922002.1255648,964.505859375,0.32421875,0.0,300.8359375,-1.5584677385049872e-05,24696832.0,5922.279296875,289.68359375
-50.146080017089844,0.6688277721405029,0.0,249.8681640625,-1650.6556396484375,0.0,0.0,3058.039450795,22672.12247041002,,24950784.0,0.0,1773922027.5080457,931.6923828125,0.3056640625,0.0,265.365234375,1.3210889846959617e-05,24950784.0,6116.794921875,249.8681640625
-50.319087982177734,0.6466271281242371,0.0,302.423828125,-1729.260009765625,0.0,0.0,3110.177122382,22559.62515205984,"{'sha256': '7150d91010a55eb5b330fea73264692edc76b61d11fbcdd00aed5748368de4c8', 'path': 'media/html/render_25204736_7150d91010a55eb5b330.html', 'size': 3865793.0, '_type': 'html-file'}",25204736.0,0.0,1773922105.3,961.2392578125,0.3466796875,0.0,315.4375,-3.602664946811274e-05,25204736.0,5766.44091796875,302.423828125
-50.19847106933594,0.6225796937942505,0.0,274.640625,-1727.47314453125,0.0,0.0,3135.786882205,22627.6312640975,,25458688.0,0.0,1773922105.5118034,958.544921875,0.3232421875,0.0,289.7138671875,0.0001273408706765622,25458688.0,6294.689453125,274.640625
-51.08366394042969,0.6504166722297668,0.0,274.90234375,-1687.766845703125,0.0,0.0,3161.181383289,22594.64340656744,,25712640.0,0.0,1773922130.9091556,926.2119140625,0.330078125,0.0,290.3623046875,-8.574751700507477e-05,25712640.0,5657.69775390625,274.90234375
-51.54414367675781,0.6505616903305054,0.0,285.7734375,-1743.064697265625,0.0,0.0,3186.706099457,22675.02123980363,,25966592.0,0.0,1773922156.3031552,940.814453125,0.3232421875,0.0,298.54296875,-7.053950685076416e-05,25966592.0,5868.109375,285.7734375
-51.274017333984375,0.634837806224823,0.0,279.171875,-1726.0096435546875,0.0,0.0,3212.142859708,22567.35632365483,,26220544.0,0.0,1773922181.828334,951.2890625,0.3232421875,0.0,289.7236328125,0.00010650666808942333,26220544.0,5979.8193359375,279.171875
-51.355587005615234,0.610417902469635,0.0,276.8994140625,-1801.885498046875,0.0,0.0,3264.469037117,22579.097277103272,"{'size': 3865693.0, '_type': 'html-file', 'sha256': '6d7abaa75d65576a97cd28b4bfeb851948ccff3be5316cd4f39ae367995ea922', 'path': 'media/html/render_26474496_6d7abaa75d65576a97cd.html'}",26474496.0,0.0,1773922259.591891,962.7470703125,0.326171875,0.0,295.09375,-8.898811211111024e-05,26474496.0,6099.01513671875,276.8994140625
-51.868988037109375,0.6100296974182129,0.0,254.92578125,-1714.631103515625,0.0,0.0,3290.148754862,22577.165684159503,,26728448.0,0.0,1773922259.8377872,957.5458984375,0.2998046875,0.0,276.435546875,2.057574783975724e-05,26728448.0,6357.27880859375,254.92578125
-52.14411926269531,0.6217204928398132,0.0,266.0244140625,-1679.720703125,0.0,0.0,3315.697564166,22618.04264504772,,26982400.0,0.0,1773922285.2709696,929.2177734375,0.306640625,0.0,283.109375,8.579217137594242e-06,26982400.0,5826.76953125,266.0244140625
-52.26991653442383,0.6320214867591858,0.0,279.607421875,-1703.171630859375,0.0,0.0,3341.077010998,22592.521783731736,,27236352.0,0.0,1773922310.8199427,950.4423828125,0.314453125,0.0,291.1865234375,3.569854743545875e-05,27236352.0,6101.259765625,279.607421875
-52.31839370727539,0.6301731467247009,0.0,241.583984375,-1703.331787109375,0.0,0.0,3366.671507758,22673.94147500268,,27490304.0,0.0,1773922336.1992047,940.4833984375,0.2900390625,0.0,259.537109375,1.697592597338371e-05,27490304.0,6392.50732421875,241.583984375
-52.50608825683594,0.6199612021446228,0.0,262.091796875,-1788.5849609375,0.0,0.0,3417.64508824,22569.442616125896,"{'size': 3864053.0, '_type': 'html-file', 'sha256': '505fa2600f042545f3ad5bee7f3b79ffba8dbd8df6d2656c2434b78d4cce11a6', 'path': 'media/html/render_27744256_505fa2600f042545f3ad.html'}",27744256.0,0.0,1773922412.7679462,966.5341796875,0.291015625,0.0,270.962890625,-3.474089680821635e-05,27744256.0,6455.26318359375,262.091796875
-52.629180908203125,0.5970621705055237,0.0,297.85546875,-1845.440185546875,0.0,0.0,3443.450192158,22690.80902987574,,27998208.0,0.0,1773922412.980435,944.060546875,0.3466796875,0.0,313.474609375,6.733852933393791e-05,27998208.0,5865.0283203125,297.85546875
-52.26411819458008,0.5975480675697327,0.0,274.2841796875,-1695.7646484375,0.0,0.0,3468.839365371,22513.547088559553,,28252160.0,0.0,1773922438.572547,936.9677734375,0.322265625,0.0,284.0859375,0.0001593072956893593,28252160.0,6047.140625,274.2841796875
-52.85654067993164,0.6162753701210022,0.0,250.1669921875,-1606.819580078125,0.0,0.0,3494.387830027,22655.304841575646,,28506112.0,0.0,1773922463.961544,886.7216796875,0.2861328125,0.0,260.4248046875,-6.788789323763922e-05,28506112.0,5814.73974609375,250.1669921875
-52.602359771728516,0.5723007321357727,0.0,251.3623046875,-1720.25146484375,0.0,0.0,3519.769785754,22591.629067212452,,28760064.0,0.0,1773922489.5102897,943.365234375,0.326171875,0.0,271.494140625,-5.17265907546971e-05,28760064.0,5919.07568359375,251.3623046875
-53.478641510009766,0.5648459792137146,0.0,258.9033203125,-1680.045654296875,0.0,0.0,3572.04526601,22692.919178538876,"{'size': 3861481.0, '_type': 'html-file', 'sha256': 'fa42a7336471dc48e29356661a1393bae14634b451c6de7f21f81a629989b588', 'path': 'media/html/render_29014016_fa42a7336471dc48e293.html'}",29014016.0,0.0,1773922567.168183,931.138671875,0.3154296875,0.0,274.9404296875,6.220286013558507e-05,29014016.0,5958.8046875,258.9033203125
-53.207218170166016,0.5796406269073486,0.0,308.42578125,-1668.54150390625,0.0,0.0,3597.682032161,22584.995562055716,,29267968.0,0.0,1773922567.3672204,950.880859375,0.35546875,0.0,319.9482421875,-4.170839747530408e-05,29267968.0,5799.94189453125,308.42578125
-53.49864196777344,0.5767261981964111,0.0,285.154296875,-1831.06982421875,0.0,0.0,3623.260904413,22597.026693699463,,29521920.0,0.0,1773922592.8044145,944.6923828125,0.3173828125,0.0,295.5595703125,3.174395897076465e-05,29521920.0,6125.306640625,285.154296875
-53.66099548339844,0.5692505240440369,0.0,297.5,-1800.328369140625,0.0,0.0,3648.670200833,22536.83531784012,,29775872.0,0.0,1773922618.3831413,988.1279296875,0.345703125,0.0,313.4580078125,8.733146387385204e-06,29775872.0,6161.0888671875,297.5
-53.6116828918457,0.574701189994812,0.0,263.4072265625,-1719.529541015625,0.0,0.0,3674.230378137,22644.91763629786,,30029824.0,0.0,1773922643.7925935,945.173828125,0.3017578125,0.0,273.625,6.390654016286135e-05,30029824.0,6207.05126953125,263.4072265625
-53.42633819580078,0.5525120496749878,0.0,287.6826171875,-1780.109130859375,0.0,0.0,3726.4313797,22569.24845940759,"{'_type': 'html-file', 'sha256': 'e0b1ace2719b56565139c9b837dc67a4db03a11781f811edf894a4162ce8bc3a', 'path': 'media/html/render_30283776_e0b1ace2719b56565139.html', 'size': 3863593.0}",30283776.0,0.0,1773922721.5543084,983.4453125,0.328125,0.0,300.75,-2.8916472729179077e-05,30283776.0,6391.1328125,287.6826171875
-53.91218948364258,0.566269040107727,0.0,284.43359375,-1742.876953125,0.0,0.0,3752.213211674,22651.942864166846,,30537728.0,0.0,1773922721.770379,950.2529296875,0.3291015625,0.0,299.7919921875,1.3500743079930544e-05,30537728.0,6044.99658203125,284.43359375
-54.08234405517578,0.5493341088294983,0.0,301.7060546875,-1747.4171142578125,0.0,0.0,3777.62215043,22580.72139183067,,30791680.0,0.0,1773922747.3354132,967.6455078125,0.3408203125,0.0,314.25,3.5530683817341924e-05,30791680.0,6096.9091796875,301.7060546875
-54.01344299316406,0.549563467502594,0.0,228.763671875,-1639.946044921875,0.0,0.0,3803.181029251,22608.55188651862,,31045632.0,0.0,1773922772.7444649,931.7431640625,0.28125,0.0,246.18359375,4.158206593274372e-06,31045632.0,6319.578125,228.763671875
-54.098228454589844,0.5810673832893372,0.0,290.673828125,-1760.2091064453125,0.0,0.0,3828.550466187,22573.670896192747,,31299584.0,0.0,1773922798.3032153,959.6953125,0.3271484375,0.0,302.767578125,5.8791934861801565e-05,31299584.0,6122.6015625,290.673828125
-54.413475036621094,0.549479603767395,0.0,246.5517578125,-1660.69677734375,0.0,0.0,3879.857673979,22713.378219116934,"{'size': 3871105.0, '_type': 'html-file', 'sha256': '671811b4782c3965f62fd106a27c1862eda2aea013527689a66be9f15757d049', 'path': 'media/html/render_31553536_671811b4782c3965f62f.html'}",31553536.0,0.0,1773922874.9805202,945.0693359375,0.2783203125,0.0,258.732421875,-4.245751551934518e-05,31553536.0,6413.736328125,246.5517578125
-54.43624496459961,0.5474984645843506,0.0,262.28125,-1754.627197265625,0.0,0.0,3905.525501066,22609.30004643479,,31807488.0,0.0,1773922875.2340055,947.56640625,0.291015625,0.0,270.9609375,-4.054512828588486e-06,31807488.0,6453.76611328125,262.28125
-54.997013092041016,0.5443729162216187,0.0,201.205078125,-1561.2418212890625,0.0,0.0,3931.071176451,22626.690108851784,,32061440.0,0.0,1773922900.6477537,874.1962890625,0.2578125,0.0,220.07421875,-5.935017270530807e-06,32061440.0,6052.69140625,201.205078125
-54.88604736328125,0.5390997529029846,0.0,305.9306640625,-1729.259033203125,0.0,0.0,3956.459081588,22607.329694574593,,32315392.0,0.0,1773922926.1933908,964.5849609375,0.3408203125,0.0,317.6103515625,3.242857928853482e-06,32315392.0,6036.5849609375,305.9306640625
-54.41394805908203,0.5371978282928467,0.0,280.9443359375,-1822.608154296875,0.0,0.0,3982.00455195,22653.7600774227,,32569344.0,0.0,1773922951.5812879,959.7587890625,0.314453125,0.0,291.5927734375,6.39055433566682e-05,32569344.0,6225.646484375,280.9443359375
-55.01766586303711,0.5505721569061279,0.0,272.419921875,-1636.52587890625,0.0,0.0,4034.513394632,22604.64009011705,"{'size': 3858145.0, '_type': 'html-file', 'sha256': 'f14546640f5b9aebb187cf8ab62f223997cc2e0ab1a6122b09faf59645ad7bf7', 'path': 'media/html/render_32823296_f14546640f5b9aebb187.html'}",32823296.0,0.0,1773923029.636213,916.560546875,0.330078125,0.0,287.701171875,-6.562296675838297e-06,32823296.0,5788.9736328125,272.419921875
-55.0921630859375,0.5265164375305176,0.0,269.2939453125,-1864.4476318359375,0.0,0.0,4060.290880513,22669.144836371055,,33077248.0,0.0,1773923029.85244,981.951171875,0.298828125,0.0,279.4384765625,-6.782398850191385e-05,33077248.0,6506.3251953125,269.2939453125
-55.20912170410156,0.5160670876502991,0.0,271.8681640625,-1622.5836181640625,0.0,0.0,4085.661735173,22598.95785091262,,33331200.0,0.0,1773923055.4131992,941.0908203125,0.3037109375,0.0,280.8388671875,1.6466792658320628e-05,33331200.0,5960.580078125,271.8681640625
-55.053802490234375,0.5169130563735962,0.0,265.6171875,-1715.548583984375,0.0,0.0,4111.201013345,22702.777053327358,,33585152.0,0.0,1773923080.7839427,974.796875,0.2919921875,0.0,274.033203125,8.111620263662189e-05,33585152.0,6667.2763671875,265.6171875
-55.18521499633789,0.5138335227966309,0.0,262.3642578125,-1581.574951171875,0.0,0.0,4136.557786906,22628.054280721466,,33839104.0,0.0,1773923106.3231933,948.5048828125,0.2958984375,0.0,272.9755859375,-8.081105079327244e-06,33839104.0,6251.306640625,262.3642578125
-55.72185516357422,0.5335670709609985,0.0,257.3857421875,-1770.172607421875,0.0,0.0,4189.107420905,22721.73231144062,"{'size': 3870037.0, '_type': 'html-file', 'sha256': '3c0ef45b4b3dbd39e19eff020b6667e0cea663dc87427b7fa6acb642800b97e3', 'path': 'media/html/render_34093056_3c0ef45b4b3dbd39e19e.html'}",34093056.0,0.0,1773923184.2302964,973.380859375,0.2822265625,0.0,264.7822265625,-4.821128095500171e-05,34093056.0,6647.8134765625,257.3857421875
-55.537353515625,0.5403487682342529,0.0,257.6708984375,-1668.1741943359375,0.0,0.0,4214.73798779,22623.488940592415,,34347008.0,0.0,1773923184.4375923,928.03125,0.2890625,0.0,268.2216796875,2.4997560103656724e-05,34347008.0,6111.77587890625,257.6708984375
-55.76435470581055,0.5400037169456482,0.0,280.2666015625,-1752.218017578125,0.0,0.0,4240.288582462,22628.73498612706,,34600960.0,0.0,1773923209.860305,954.7919921875,0.314453125,0.0,288.052734375,2.505375596228987e-05,34600960.0,6134.64404296875,280.2666015625
-54.9742431640625,0.5379829406738281,0.0,266.4404296875,-1633.042236328125,0.0,0.0,4265.668892515,22593.674321358412,,34854912.0,0.0,1773923235.4107969,933.142578125,0.298828125,0.0,275.52734375,9.679433787823655e-06,34854912.0,6160.1572265625,266.4404296875
-55.368473052978516,0.5362002849578857,0.0,300.3779296875,-1651.1773681640625,0.0,0.0,4291.205126705,22681.420364985494,,35108864.0,0.0,1773923260.7911413,964.4677734375,0.3291015625,0.0,308.666015625,6.739363470842363e-06,35108864.0,6193.6806640625,300.3779296875
-55.20478057861328,0.5222557783126831,0.0,275.470703125,-1669.47802734375,0.0,0.0,4342.275412552,22620.867550473497,"{'sha256': '9ea61d3a0d7aade29a5b59eba76e704387d57ccc9def4df9126cce146fb8d8ce', 'path': 'media/html/render_35362816_9ea61d3a0d7aade29a5b.html', 'size': 3869493.0, '_type': 'html-file'}",35362816.0,0.0,1773923337.3982837,935.2470703125,0.3125,0.0,284.46875,-2.9898254069848917e-05,35362816.0,6054.12255859375,275.470703125
-55.847713470458984,0.5539379715919495,0.0,292.0859375,-1736.7667236328125,0.0,0.0,4368.122289048,22722.920853400694,,35616768.0,0.0,1773923337.6637604,982.3193359375,0.3232421875,0.0,300.458984375,2.6877956770476885e-05,35616768.0,6404.2724609375,292.0859375
-54.8127555847168,0.5268988013267517,0.0,289.9287109375,-1761.335693359375,0.0,0.0,4393.538357576,22551.76462736533,,35870720.0,0.0,1773923363.2445626,983.0009765625,0.3291015625,0.0,301.58984375,8.918470848584548e-05,35870720.0,6390.091796875,289.9287109375
-55.63227462768555,0.5380824208259583,0.0,265.6728515625,-1646.698486328125,0.0,0.0,4418.919799103,22626.814598336463,,36124672.0,0.0,1773923388.6607273,941.072265625,0.298828125,0.0,275.443359375,-3.607729377108626e-05,36124672.0,6348.810546875,265.6728515625
-55.83643341064453,0.5423479080200195,0.0,313.8974609375,-1821.6292724609375,0.0,0.0,4444.315412834,22676.802569654108,,36378624.0,0.0,1773923414.0420115,976.0986328125,0.3388671875,0.0,321.7265625,-2.9808434192091227e-06,36378624.0,6268.61767578125,313.8974609375
-55.795040130615234,0.5219007134437561,0.0,283.37109375,-1677.99560546875,0.0,0.0,4496.833037028,22734.12164610671,"{'size': 3870521.0, '_type': 'html-file', 'sha256': '5a7563fb4daeacb89a65a529c958716253e1c20269629d7c9af0ab659b8059ca', 'path': 'media/html/render_36632576_5a7563fb4daeacb89a65.html'}",36632576.0,0.0,1773923491.9559212,969.078125,0.3076171875,0.0,291.2763671875,-8.95932383837561e-10,36632576.0,6304.62109375,283.37109375
-55.70271301269531,0.5217525959014893,0.0,256.177734375,-1583.4132080078125,0.0,0.0,4522.432153506,22645.457809661817,,36886528.0,0.0,1773923492.1717315,915.1591796875,0.2998046875,0.0,267.9404296875,5.410847734310664e-05,36886528.0,6127.75732421875,256.177734375
-56.19409942626953,0.5099753737449646,0.0,213.16796875,-1526.341796875,0.0,0.0,4547.834357442,22678.249563053512,,37140480.0,0.0,1773923517.5545588,906.982421875,0.240234375,0.0,221.3193359375,-2.0112649508519098e-05,37140480.0,6340.1787109375,213.16796875
-56.08125305175781,0.5084694027900696,0.0,284.80859375,-1642.7484130859375,0.0,0.0,4573.198117286,22649.65971682819,,37394432.0,0.0,1773923542.9566665,972.9326171875,0.3193359375,0.0,295.7392578125,9.310638415627182e-05,37394432.0,6356.91796875,284.80859375
-55.94651794433594,0.5164428353309631,0.0,246.783203125,-1674.31640625,0.0,0.0,4598.400414813,22723.440516030572,,37648384.0,0.0,1773923568.3203657,889.595703125,0.2802734375,0.0,265.1376953125,-8.908385643735528e-05,37648384.0,5916.37841796875,246.783203125
-56.911033630371094,0.5284894108772278,0.0,229.3056640625,-1531.7041015625,0.0,0.0,4650.983644403,22684.682879663906,"{'path': 'media/html/render_37902336_009579085041f6ef2475.html', 'size': 3872689.0, '_type': 'html-file', 'sha256': '009579085041f6ef24758397f517ab14f81c6e6b5a39daf6f14a45b4384afd23'}",37902336.0,0.0,1773923646.1065233,929.05078125,0.2705078125,0.0,238.1015625,-6.957607547519729e-05,37902336.0,6531.583984375,229.3056640625
-56.14115524291992,0.5188060402870178,0.0,290.5859375,-1702.443359375,0.0,0.0,4676.483203651,22715.01250582749,,38156288.0,0.0,1773923646.3277497,972.9453125,0.3232421875,0.0,302.4501953125,5.196218262426555e-05,38156288.0,6445.9267578125,290.5859375
-56.18195343017578,0.5287113189697266,0.0,279.419921875,-1648.6947021484375,0.0,0.0,4701.844948559,22568.572762684827,,38410240.0,0.0,1773923671.6051717,933.025390625,0.3095703125,0.0,288.0419921875,0.00013377389404922724,38410240.0,6094.98828125,279.419921875
-56.287052154541016,0.5185426473617554,0.0,262.12109375,-1646.5087890625,0.0,0.0,4727.098270496,22724.30780445409,,38664192.0,0.0,1773923696.9673598,944.5556640625,0.2861328125,0.0,270.8203125,-6.9909769990772475e-06,38664192.0,6417.7646484375,262.12109375
-56.19047927856445,0.5209582448005676,0.0,265.6064453125,-1637.8753662109375,0.0,0.0,4752.501111209,22610.551249377477,,38918144.0,0.0,1773923722.2206006,929.173828125,0.3017578125,0.0,275.4892578125,-5.92566721024923e-05,38918144.0,6257.5458984375,265.6064453125
-56.331634521484375,0.5122823715209961,0.0,271.31640625,-1779.2109375,0.0,0.0,4803.518748924,22651.199586560786,"{'size': 3858673.0, '_type': 'html-file', 'sha256': '729c709c9262adeb1ba0e4bc2950b52dbdcd3c94f8a9ea0116aacc978c59bf28', 'path': 'media/html/render_39172096_729c709c9262adeb1ba0.html'}",39172096.0,0.0,1773923798.6416373,972.91796875,0.30078125,0.0,282.2236328125,0.00011686352809192613,39172096.0,6845.2890625,271.31640625
-56.67226791381836,0.5022448897361755,0.0,227.1884765625,-1590.42138671875,0.0,0.0,4829.14921018,22666.704830847928,,39426048.0,0.0,1773923798.871305,927.7958984375,0.2802734375,0.0,238.26171875,-5.0286133046029136e-05,39426048.0,6358.9091796875,227.1884765625
-56.51044464111328,0.5094681978225708,0.0,276.4716796875,-1746.15478515625,0.0,0.0,4854.643539152,22685.421109120143,,39680000.0,0.0,1773923824.271494,978.0185546875,0.302734375,0.0,283.884765625,-7.173137873905944e-06,39680000.0,6743.88671875,276.4716796875
-56.576744079589844,0.5048669576644897,0.0,273.2060546875,-1597.8583984375,0.0,0.0,4880.022502713,22636.786375762465,,39933952.0,0.0,1773923849.7659512,954.73046875,0.3134765625,0.0,284.9072265625,1.8911467122961767e-05,39933952.0,6450.298828125,273.2060546875
-56.543827056884766,0.5024546980857849,0.0,241.6455078125,-1835.6927490234375,0.0,0.0,4905.509942997,22715.26876238632,,40187904.0,0.0,1773923875.1448028,949.4140625,0.291015625,0.0,266.2724609375,3.7754944059997797e-06,40187904.0,6454.28515625,241.6455078125
-56.419193267822266,0.510216236114502,0.0,253.740234375,-1558.177490234375,0.0,0.0,4958.162943864,22642.76682721394,"{'size': 3866941.0, '_type': 'html-file', 'sha256': '3a8017b99aa746e828cdd70cf24376ee3c6d4bea58157fb94ee47196134620fc', 'path': 'media/html/render_40441856_3a8017b99aa746e828cd.html'}",40441856.0,0.0,1773923953.285766,938.6064453125,0.2978515625,0.0,264.0166015625,6.394773663487285e-05,40441856.0,6255.3779296875,253.740234375
-56.595035552978516,0.505847156047821,0.0,257.7578125,-1662.8626708984375,0.0,0.0,4983.981205908,22655.624806587904,,40695808.0,0.0,1773923953.501284,931.9560546875,0.287109375,0.0,267.16015625,9.473400496062823e-06,40695808.0,6330.7041015625,257.7578125
-56.575504302978516,0.5054525136947632,0.0,262.9833984375,-1737.062255859375,0.0,0.0,5009.369578661,22559.756549661906,,40949760.0,0.0,1773923979.1035311,941.2861328125,0.28515625,0.0,269.744140625,-0.00012654870806727558,40949760.0,6469.322265625,262.9833984375
-56.206626892089844,0.497249037027359,0.0,270.1748046875,-1658.459716796875,0.0,0.0,5034.934944071,22681.809170376637,,41203712.0,0.0,1773924004.491839,943.4501953125,0.2939453125,0.0,277.052734375,0.0001344281918136403,41203712.0,6326.4482421875,270.1748046875
-56.978641510009766,0.49495404958724976,0.0,263.322265625,-1596.249755859375,0.0,0.0,5060.326995068,22608.3460192571,,41457664.0,0.0,1773924030.0573802,948.5322265625,0.2939453125,0.0,271.7890625,-4.8793967835081276e-06,41457664.0,6467.6318359375,263.322265625
-57.14057159423828,0.499629944562912,0.0,261.1513671875,-1603.997802734375,0.0,0.0,5111.5020587,22692.570602296164,"{'_type': 'html-file', 'sha256': 'aacab831b900c8d2d4791158fce7f80869003d6955f8103947caeb95b16b9910', 'path': 'media/html/render_41711616_aacab831b900c8d2d479.html', 'size': 3875613.0}",41711616.0,0.0,1773924106.6249325,947.1318359375,0.294921875,0.0,273.6171875,-6.844864401500672e-05,41711616.0,6238.67529296875,261.1513671875
-57.2620735168457,0.5042033791542053,0.0,276.4462890625,-1666.41455078125,0.0,0.0,5137.153779092,22638.63628251021,,41965568.0,0.0,1773924106.860579,922.5615234375,0.310546875,0.0,284.6650390625,3.740682586794719e-05,41965568.0,6195.77734375,276.4462890625
-56.77748107910156,0.4927278161048889,0.0,285.6181640625,-1569.672607421875,0.0,0.0,5162.752064862,22632.998017674596,,42219520.0,0.0,1773924132.2756634,934.958984375,0.3203125,0.0,294.9453125,0.00011137144610984251,42219520.0,6066.00146484375,285.6181640625
-56.88090515136719,0.47533637285232544,0.0,295.5751953125,-1696.733154296875,0.0,0.0,5188.14054208,22560.644359750426,,42473472.0,0.0,1773924157.874487,965.69921875,0.328125,0.0,306.32421875,-3.562209531082772e-05,42473472.0,6207.2275390625,295.5751953125
-57.3395881652832,0.4808947443962097,0.0,273.5048828125,-1640.4342041015625,0.0,0.0,5213.713341757,22678.017799939593,,42727424.0,0.0,1773924183.2627845,953.828125,0.30859375,0.0,283.3759765625,-4.4188003812450916e-05,42727424.0,6226.2939453125,273.5048828125
-57.174293518066406,0.48943030834198,0.0,286.5791015625,-1583.40869140625,0.0,0.0,5266.46911036,22596.28078390149,"{'size': 3862861.0, '_type': 'html-file', 'sha256': '6f6878325fdb9e7624c2899b029ca251c8008927cdc6d5c5c02a551fd1e37d2e', 'path': 'media/html/render_42981376_6f6878325fdb9e7624c2.html'}",42981376.0,0.0,1773924261.5919857,905.9755859375,0.3193359375,0.0,297.33203125,3.825842941296287e-05,42981376.0,5709.33837890625,286.5791015625
-58.19496536254883,0.4978902339935303,0.0,290.931640625,-1733.59912109375,0.0,0.0,5292.272515692,22696.608167870774,,43235328.0,0.0,1773924261.8198907,960.416015625,0.33203125,0.0,306.0341796875,-2.131755172740668e-05,43235328.0,6036.259765625,290.931640625
-57.93710708618164,0.49472588300704956,0.0,280.521484375,-1822.5452880859375,0.0,0.0,5317.664911358,22619.24678218081,,43489280.0,0.0,1773924287.39473,966.107421875,0.3056640625,0.0,287.9013671875,-1.4421120795304887e-06,43489280.0,6411.158203125,280.521484375
-57.502689361572266,0.48093050718307495,0.0,273.5478515625,-1608.3377685546875,0.0,0.0,5343.233403448,22679.735856612624,,43743232.0,0.0,1773924312.7872057,937.265625,0.3046875,0.0,282.6533203125,2.2484027795144357e-05,43743232.0,6093.798828125,273.5478515625
-57.013427734375,0.47476398944854736,0.0,275.9609375,-1694.247314453125,0.0,0.0,5368.589752989,22598.176334923664,,43997184.0,0.0,1773924338.3556314,940.2392578125,0.322265625,0.0,290.048828125,4.463598452275619e-05,43997184.0,5797.2705078125,275.9609375
-57.76055145263672,0.4921495020389557,0.0,310.9501953125,-1839.4501953125,0.0,0.0,5419.932478607,22746.644967283562,"{'size': 3866253.0, '_type': 'html-file', 'sha256': '56c84c74846837bcaeff0307dc2d6bc6adbccbccaa32d0f065588f5d9cc78ca5', 'path': 'media/html/render_44251136_56c84c74846837bcaeff.html'}",44251136.0,0.0,1773924415.05538,984.361328125,0.345703125,0.0,321.541015625,1.1435501619416755e-05,44251136.0,6201.4189453125,310.9501953125
-57.53416061401367,0.4922051727771759,0.0,309.2685546875,-1644.227783203125,0.0,0.0,5445.558775807,22665.81444166994,,44505088.0,0.0,1773924415.274071,966.2216796875,0.3515625,0.0,320.98046875,4.643741704057902e-05,44505088.0,6006.3046875,309.2685546875
-57.379207611083984,0.48656508326530457,0.0,310.2001953125,-1820.0067138671875,0.0,0.0,5471.10136518,22689.781894482978,,44759040.0,0.0,1773924440.6811526,984.921875,0.3427734375,0.0,323.095703125,-0.00010708678019000217,44759040.0,6344.34228515625,310.2001953125
-57.08199691772461,0.4830944240093231,0.0,270.302734375,-1560.8275146484375,0.0,0.0,5496.485127348,22668.39319307976,,45012992.0,0.0,1773924466.2236676,938.4228515625,0.3076171875,0.0,280.283203125,6.064019544282928e-05,45012992.0,6194.1044921875,270.302734375
-57.820987701416016,0.47601211071014404,0.0,317.3291015625,-1668.9781494140625,0.0,0.0,5522.033775548,22704.101052904414,,45266944.0,0.0,1773924491.6075017,975.701171875,0.3515625,0.0,328.1728515625,5.600725125987083e-05,45266944.0,6075.98193359375,317.3291015625
-57.219078063964844,0.46791988611221313,0.0,279.1318359375,-1728.95703125,0.0,0.0,5575.005720542,22639.955698500642,"{'size': 3870889.0, '_type': 'html-file', 'sha256': '895daad8f751c25af0adb116c9f86aa21e6a0d7ee1584deb72674625b442daba', 'path': 'media/html/render_45520896_895daad8f751c25af0ad.html'}",45520896.0,0.0,1773924570.128649,966.998046875,0.3056640625,0.0,289.490234375,1.5081298442964908e-05,45520896.0,6489.814453125,279.1318359375
-57.460670471191406,0.4746304452419281,0.0,285.1904296875,-1747.0567626953125,0.0,0.0,5600.867444244,22699.743469975325,,45774848.0,0.0,1773924570.416888,968.8291015625,0.3115234375,0.0,292.201171875,-2.0581485387083376e-06,45774848.0,6488.84228515625,285.1904296875
-57.854637145996094,0.47049421072006226,0.0,318.59765625,-1729.5650634765625,0.0,0.0,5626.219335815,22610.76627633171,,46028800.0,0.0,1773924595.9894264,976.0615234375,0.34375,0.0,327.3115234375,1.0382422260590829e-05,46028800.0,6179.544921875,318.59765625
-58.56079864501953,0.48254379630088806,0.0,306.2763671875,-1688.076904296875,0.0,0.0,5651.773446513,22739.3696151111,,46282752.0,0.0,1773924621.3417761,969.5048828125,0.337890625,0.0,316.177734375,-8.00248744781129e-05,46282752.0,6103.6337890625,306.2763671875
-57.427860260009766,0.470473051071167,0.0,294.3232421875,-1692.7210693359375,0.0,0.0,5677.14180172,22630.76725076386,,46536704.0,0.0,1773924646.8953114,964.7734375,0.328125,0.0,308.421875,5.1266040827613324e-05,46536704.0,6196.04248046875,294.3232421875
-58.573280334472656,0.47915294766426086,0.0,284.7734375,-1680.3056640625,0.0,0.0,5728.533124691,22740.568256533053,"{'size': 3870673.0, '_type': 'html-file', 'sha256': '59df4ed45d3fc93cdd51f1902a580fbe3f2fb74feb9a3c2ddcd1e08027075ea6', 'path': 'media/html/render_46790656_59df4ed45d3fc93cdd51.html'}",46790656.0,0.0,1773924723.6560144,973.466796875,0.314453125,0.0,295.7890625,6.110254616942257e-05,46790656.0,6372.482421875,284.7734375
-58.58601760864258,0.46118196845054626,0.0,299.01171875,-1736.850830078125,0.0,0.0,5754.170029485,22653.421857115787,,47044608.0,0.0,1773924723.8988314,982.37890625,0.3232421875,0.0,306.701171875,-1.4795915376453195e-05,47044608.0,6423.57958984375,299.01171875
-58.68284225463867,0.4737861454486847,0.0,292.693359375,-1686.352783203125,0.0,0.0,5779.737926486,22664.847440579062,,47298560.0,0.0,1773924749.2923615,958.337890625,0.3251953125,0.0,301.166015625,4.992921276425477e-06,47298560.0,6126.19091796875,292.693359375
-57.961761474609375,0.4850897192955017,0.0,271.8193359375,-1748.04150390625,0.0,0.0,5805.126806604,22603.75265148774,,47552512.0,0.0,1773924774.860283,968.443359375,0.3369140625,0.0,306.259765625,-4.0141341742128134e-05,47552512.0,6196.4443359375,271.8193359375
-58.384883880615234,0.48392626643180847,0.0,304.2265625,-1722.514404296875,0.0,0.0,5830.678227005,22667.075284221617,,47806464.0,0.0,1773924800.2491884,983.4296875,0.3330078125,0.0,314.25390625,2.0031022359034978e-05,47806464.0,6326.9033203125,304.2265625
-58.824432373046875,0.463687539100647,0.0,303.5732421875,-1686.8912353515625,0.0,0.0,5883.479176393,22647.154083019603,"{'size': 3865913.0, '_type': 'html-file', 'sha256': '67bd1e3df6202e6ecb655b5cd34deb970ddc606528257b4ee0e58613108f813a', 'path': 'media/html/render_48060416_67bd1e3df6202e6ecb65.html'}",48060416.0,0.0,1773924878.6020386,965.8134765625,0.337890625,0.0,312.2431640625,-4.836952211917378e-05,48060416.0,6184.185546875,303.5732421875
-58.98185729980469,0.4744095206260681,0.0,301.611328125,-1783.142578125,0.0,0.0,5909.274259512,22685.49986287346,,48314368.0,0.0,1773924878.8178291,982.3271484375,0.330078125,0.0,310.490234375,1.38387813422014e-05,48314368.0,6494.7890625,301.611328125
-58.63663864135742,0.4577248692512512,0.0,291.099609375,-1652.7872314453125,0.0,0.0,5934.657697169,22616.950531021233,,48568320.0,0.0,1773924904.3966172,977.6435546875,0.322265625,0.0,300.4140625,0.00010131385351996869,48568320.0,6326.474609375,291.099609375
-58.53422927856445,0.4541842043399811,0.0,295.7734375,-1768.0113525390625,0.0,0.0,5960.197035704,22674.841191411935,,48822272.0,0.0,1773924929.779941,968.912109375,0.330078125,0.0,307.8505859375,1.8490702132112347e-05,48822272.0,6383.10693359375,295.7734375
-59.040496826171875,0.44625428318977356,0.0,278.9853515625,-1672.22998046875,0.0,0.0,5985.580075454,22674.115234411172,,49076224.0,0.0,1773924955.3192897,961.9404296875,0.3076171875,0.0,289.876953125,-5.0023707444779575e-05,49076224.0,6275.11083984375,278.9853515625
-58.73724365234375,0.44847962260246277,0.0,294.3388671875,-1700.49072265625,0.0,0.0,6038.70647872,22675.54161021031,"{'size': 3872373.0, '_type': 'html-file', 'sha256': 'f4f0ea5a51b208d1cfd1246614b2c4cdd7581177b24df560e79a82a26bb03304', 'path': 'media/html/render_49330176_f4f0ea5a51b208d1cfd1.html'}",49330176.0,0.0,1773925033.8293512,958.2607421875,0.3203125,0.0,302.6689453125,4.440769407665357e-05,49330176.0,6145.2353515625,294.3388671875
-58.88658905029297,0.43620020151138306,0.0,265.3779296875,-1617.8021240234375,0.0,0.0,6064.361310271,22650.053695470437,,49584128.0,0.0,1773925034.0446093,919.822265625,0.30859375,0.0,280.5986328125,4.7689674829598516e-05,49584128.0,6005.50732421875,265.3779296875
-58.418033599853516,0.44621485471725464,0.0,263.484375,-1597.800048828125,0.0,0.0,6089.893777406,22604.190126038695,,49838080.0,0.0,1773925059.4836044,940.0595703125,0.2900390625,0.0,271.6337890625,-8.126959983201232e-06,49838080.0,6286.68115234375,263.484375
-58.911136627197266,0.449097603559494,0.0,273.9189453125,-1607.337158203125,0.0,0.0,6115.281523482,22676.686702292303,,50092032.0,0.0,1773925085.0159636,968.056640625,0.3017578125,0.0,282.6279296875,-1.116236308007501e-05,50092032.0,6459.5341796875,273.9189453125
-58.97471618652344,0.4541420340538025,0.0,289.3662109375,-1758.86083984375,0.0,0.0,6140.82192957,22675.54788569492,,50345984.0,0.0,1773925110.4038439,974.837890625,0.3193359375,0.0,298.716796875,-1.573823510625516e-06,50345984.0,6145.404296875,289.3662109375
-59.485721588134766,0.4462732970714569,0.0,283.0625,-1698.336181640625,0.0,0.0,6191.924850703,22670.225109370367,"{'sha256': 'fec497dfe31d7406aa885dcf9d930127d701eff6c6cb9219df49cf1c70d32f9b', 'path': 'media/html/render_50599936_fec497dfe31d7406aa88.html', 'size': 3871725.0, '_type': 'html-file'}",50599936.0,0.0,1773925187.0477076,966.64453125,0.3203125,0.0,298.5478515625,-2.8346621547825634e-05,50599936.0,6188.7490234375,283.0625
