training/entropy,render,training/sps,eval/episode_reward_dist,training/alpha_loss,eval/episode_success_any,eval/episode_success_easy,eval/episode_reward_ctrl,training/critic_loss,_timestamp,eval/episode_reward,eval/episode_reward_survive,eval/episode_dist,eval/episode_reward_near,_step,eval/episode_success,_runtime,training/actor_loss,step,training/log_alpha,eval/episode_success_hard
,"{'_type': 'html-file', 'sha256': '4a8c373a1fb080c0163d0c265f705cbf01a22f4d4cd777841d48342bafb4d37f', 'path': 'media/html/render_0_4a8c373a1fb080c0163d.html', 'size': 3873905.0}",,,,,,,,1773545719.2169173,,,,,0.0,,64.56394163,,,,
,"{'_type': 'html-file', 'sha256': 'ef74b342ecead0fb10d6ad9b0e181499b2bab1878a4af01a30fcf307fb9e26da', 'path': 'media/html/render_1_ef74b342ecead0fb10d6.html', 'size': 3863465.0}",,,,,,,,1773545812.5462546,,,,,1.0,,157.89320455,,,,
0.0,,9273.58257599355,0.0,2.0380165576934814,0.0224609375,21.04296875,-1273.5435791015625,0.15367324650287628,1773545812.733429,1.2744140625,681.9462890625,5201.5576171875,0.0,1333248.0,1.2744140625,181.025923995,-33.242919921875,1333248.0,0.0,0.0
0.0,,28781.535962264763,0.0,0.031891606748104095,0.00390625,4.3486328125,-1633.663330078125,0.04259634017944336,1773545835.6784139,0.1689453125,777.8583984375,6618.8232421875,0.0,1587200.0,0.1689453125,204.096669142,-21.643051147460938,1587200.0,0.0,0.0
0.0,,28831.4025023388,0.0,0.00019577342027332634,0.0,2.625,-1411.890869140625,0.015459724701941013,1773545858.7490675,0.0,674.5712890625,5584.1650390625,0.0,1841152.0,0.0,227.094255355,-10.077410697937012,1841152.0,0.0,0.0
0.0,,28865.292354582285,0.0,1.3477951142704114e-05,0.0,4.419921875,-1793.858642578125,0.007683911826461554,1773545881.746444,0.0,807.986328125,6666.3291015625,0.0,2095104.0,0.0,250.312588832,-4.837923049926758,2095104.0,0.0,0.0
0.0,"{'_type': 'html-file', 'sha256': '8326e851fbc532edf761f3ff10c533a790d38139e16ce819b0d54e5c667fef86', 'path': 'media/html/render_2349056_8326e851fbc532edf761.html', 'size': 3865869.0}",28870.28782548505,0.0,2.1033019947935827e-05,0.0048828125,3.5869140625,-1350.97412109375,0.010174714028835297,1773545954.8917456,0.0986328125,675.4306640625,5831.0927734375,0.0,2349056.0,0.0986328125,300.238738404,-2.6095361709594727,2349056.0,0.0,0.0
0.0,,29030.642349634607,0.0,1.2232585504534654e-05,0.009765625,21.0458984375,-1685.4345703125,0.013307265006005764,1773545955.0775194,1.9775390625,832.787109375,6702.15771484375,0.0,2603008.0,1.9775390625,323.540588445,-1.8394876718521118,2603008.0,0.0,0.0
0.0,,28744.432758723655,0.0,2.3391608920064755e-05,0.0126953125,13.451171875,-1509.1416015625,0.015543166548013687,1773545978.1929324,1.6025390625,764.51953125,6314.3095703125,0.0,2856960.0,1.6025390625,346.557265174,-1.5507984161376953,2856960.0,0.0,0.0
0.0,,29043.85237389001,0.0,1.2355647413642146e-05,0.060546875,92.330078125,-1776.610595703125,0.017210740596055984,1773546001.2095878,17.5615234375,843.37890625,6604.125,0.0,3110912.0,17.5615234375,369.622828875,-1.3876433372497559,3110912.0,0.0,0.0
0.0,,28870.066376451392,0.0,9.011941074277274e-06,0.0029296875,5.7431640625,-1626.0054931640625,0.02165072038769722,1773546024.2751687,1.5703125,679.099609375,5230.216796875,0.0,3364864.0,1.5703125,392.534352221,-1.331675410270691,3364864.0,0.0,0.0
0.0,"{'_type': 'html-file', 'sha256': '5f4a891741d5910aeec8625010e35d480cbf1f01c95bc268c37187ab6df61f59', 'path': 'media/html/render_3618816_5f4a891741d5910aeec8.html', 'size': 3874173.0}",29032.556456808386,0.0,-1.7091579138650559e-06,0.00390625,9.7158203125,-1072.954833984375,0.029940376058220863,1773546096.5789475,0.130859375,514.5185546875,4039.620361328125,0.0,3618816.0,0.130859375,441.925935968,-1.470835566520691,3618816.0,0.0,0.0
0.0,,28835.625111278812,0.0,1.6155601770151407e-05,0.0361328125,56.66796875,-1793.154296875,0.03974974900484085,1773546096.761243,9.0146484375,822.58984375,6019.7421875,0.0,3872768.0,9.0146484375,465.080693688,-1.5733052492141724,3872768.0,0.0,0.0
0.0,,28863.205487421757,0.0,-1.5747327779536135e-05,0.00390625,2.3447265625,-1226.430419921875,0.04686328023672104,1773546119.73302,0.7412109375,667.435546875,5928.02001953125,0.0,4126720.0,0.7412109375,488.161956212,-1.7231448888778687,4126720.0,0.0,0.0
0.0,,28809.73446806043,0.0,1.1111527783214115e-05,0.0625,84.1484375,-1627.7362060546875,0.0560343861579895,1773546142.8142,21.62890625,824.09765625,6230.126953125,0.0,4380672.0,21.62890625,511.071071547,-1.9151250123977661,4380672.0,0.0,0.0
0.0,,29042.913153432008,0.0,7.809837370587047e-06,0.044921875,107.9853515625,-1838.947998046875,0.06478031724691391,1773546165.7235136,16.9853515625,879.091796875,6460.18505859375,0.0,4634624.0,16.9853515625,534.142965498,-1.9933326244354248,4634624.0,0.0,0.0
0.0,"{'_type': 'html-file', 'sha256': '2ec1a956bc3dc76a98bef9732a7de640223e6dd851d3cc30d514a2040c8c2d3b', 'path': 'media/html/render_4888576_2ec1a956bc3dc76a98be.html', 'size': 3874017.0}",28837.08418916498,0.0,-1.8711711163632572e-05,0.0625,136.435546875,-1780.13134765625,0.07800453901290894,1773546237.609263,38.8095703125,863.298828125,5969.4755859375,0.0,4888576.0,38.8095703125,582.95622446,-2.1202285289764404,4888576.0,0.0,0.0
0.0,,29045.348441523416,0.0,-1.6902355127967894e-05,0.052734375,89.1669921875,-1674.9375,0.10188952833414078,1773546237.7963367,28.9375,879.060546875,7071.58837890625,0.0,5142528.0,28.9375,606.265257355,-2.4327352046966553,5142528.0,0.0,0.0
0.0,,28729.328437474975,0.0,-8.459778655378614e-06,0.1142578125,151.4716796875,-1582.3759765625,0.11711665987968445,1773546260.9176617,75.3056640625,741.142578125,5144.6142578125,0.0,5396480.0,75.3056640625,629.160940284,-3.018317699432373,5396480.0,0.0,0.0
0.0,,29063.37513736967,0.0,-2.224493073299527e-05,0.1259765625,132.0810546875,-1547.7117919921875,0.14154966175556183,1773546283.813234,82.7294921875,706.802734375,4853.1767578125,0.0,5650432.0,82.7294921875,652.23868051,-3.5630645751953125,5650432.0,0.0,0.0
0.0,,28815.55650996143,0.0,2.008950468734838e-05,0.1044921875,104.9248046875,-1461.91748046875,0.14484818279743195,1773546306.8908994,65.7294921875,765.369140625,5729.5732421875,0.0,5904384.0,65.7294921875,675.126278105,-3.8607122898101807,5904384.0,0.0,0.0
0.0,"{'_type': 'html-file', 'sha256': 'fe5751497a64463d0ee2dda7d63843f30b29337206e21da79b9b08c3cd6d47e9', 'path': 'media/html/render_6158336_fe5751497a64463d0ee2.html', 'size': 3866073.0}",29086.32402077445,0.0,-3.965495488955639e-05,0.1171875,119.642578125,-1395.6480712890625,0.16993987560272217,1773546379.7383478,71.458984375,696.681640625,5007.27294921875,0.0,6158336.0,71.458984375,725.085367995,-4.605734825134277,6158336.0,0.0,0.0
0.0,,28843.358579217915,0.0,4.601365162670845e-06,0.11328125,109.841796875,-1581.319580078125,0.18794670701026917,1773546379.9346437,84.36328125,814.1748046875,6248.76318359375,0.0,6412288.0,84.36328125,748.241592413,-5.452770709991455,6412288.0,0.0,0.0
0.0,,28899.924537401927,0.0,2.4612090783193707e-05,0.126953125,124.5517578125,-1690.580810546875,0.17849101126194,1773546402.893809,88.6240234375,855.30859375,6475.33935546875,0.0,6666240.0,88.6240234375,771.314018369,-5.490477085113525,6666240.0,0.0,0.0
0.0,,28845.967529867703,0.0,-0.00019279101979918778,0.12109375,115.353515625,-1716.082763671875,0.18258219957351685,1773546425.9664998,92.3251953125,843.48046875,6522.50390625,0.0,6920192.0,92.3251953125,794.248608933,-6.225295543670654,6920192.0,0.0,0.0
0.0,,28945.749633609936,0.0,-8.686057299200911e-06,0.1484375,147.1787109375,-1688.474365234375,0.1978893131017685,1773546448.9008446,122.2919921875,815.556640625,5669.046875,0.0,7174144.0,122.2919921875,817.340863485,-6.830386161804199,7174144.0,0.0,0.0
0.0,"{'size': 3861533.0, '_type': 'html-file', 'sha256': 'f692c98020fdc67c430b77812e463da09ab130d826bce178964dfc6216f69363', 'path': 'media/html/render_7428096_f692c98020fdc67c430b.html'}",28784.394321856926,0.0,7.565801206510514e-05,0.146484375,155.5458984375,-1722.417724609375,0.20032629370689392,1773546520.8409593,112.904296875,777.1298828125,5518.294921875,0.0,7428096.0,112.904296875,866.187921438,-7.199263572692871,7428096.0,0.0,0.0
0.0,,28979.758400632512,0.0,5.154857717570849e-06,0.15625,162.7724609375,-1878.76171875,0.20422345399856567,1773546521.0204084,124.9794921875,901.57421875,6474.19140625,0.0,7682048.0,124.9794921875,889.482463211,-6.931477069854736,7682048.0,0.0,0.0
0.0,,28726.814143249605,0.0,-8.983414772956166e-06,0.1171875,112.3896484375,-1687.2718505859375,0.2044193148612976,1773546544.1349084,87.1513671875,856.9326171875,6788.0341796875,0.0,7936000.0,87.1513671875,912.406712475,-7.977795124053955,7936000.0,0.0,0.0
0.0,,28981.239986960572,0.0,5.142873487784527e-05,0.146484375,144.66015625,-1768.1044921875,0.203047975897789,1773546567.0590816,117.8427734375,841.5625,6206.9306640625,0.0,8189952.0,117.8427734375,935.470889841,-7.299217700958252,8189952.0,0.0,0.0
0.0,,28870.79881448739,0.0,-2.290691327289096e-06,0.1083984375,131.75,-1736.351318359375,0.19136419892311096,1773546590.1233208,69.189453125,847.6787109375,6326.37890625,0.0,8443904.0,69.189453125,958.387927635,-8.047842025756836,8443904.0,0.0,0.0
0.0,"{'_type': 'html-file', 'sha256': '6f4932891c9a49d474e31a9cf972dd3a2ab4a331204c9d5ae04b3028eeaa4457', 'path': 'media/html/render_8697856_6f4932891c9a49d474e3.html', 'size': 3865777.0}",28984.51278738162,0.0,1.0502730219741352e-05,0.1513671875,138.9326171875,-1582.0120849609375,0.18770566582679749,1773546662.9387546,120.4921875,779.2373046875,5651.29931640625,0.0,8697856.0,120.4921875,1008.285968081,-8.353222846984863,8697856.0,0.0,0.0
0.0,,28804.254390372822,0.0,1.8501177692087367e-05,0.0986328125,138.5390625,-1572.8642578125,0.19205357134342194,1773546663.1564178,67.6220703125,784.537109375,5775.39599609375,0.0,8951808.0,67.6220703125,1031.494955475,-8.691591262817383,8951808.0,0.0,0.0
0.0,,28849.327834957057,0.0,4.442726549314102e-06,0.158203125,146.4541015625,-1879.8046875,0.1930500566959381,1773546686.1472807,134.001953125,858.412109375,6404.22998046875,0.0,9205760.0,134.001953125,1054.593911748,-8.983287811279297,9205760.0,0.0,0.0
0.0,,28774.734183224075,0.0,-2.0865372789558023e-05,0.10546875,92.896484375,-1702.31689453125,0.1980556696653366,1773546709.246315,61.755859375,863.1787109375,7002.71533203125,0.0,9459712.0,61.755859375,1077.573663059,-8.90388011932373,9459712.0,0.0,0.0
0.0,,28935.90308566501,0.0,5.70701013202779e-05,0.130859375,130.412109375,-1809.721923828125,0.19165143370628357,1773546732.2258747,96.658203125,928.2392578125,7004.35498046875,0.0,9713664.0,96.658203125,1100.660461385,-9.403326034545898,9713664.0,0.0,0.0
0.0,"{'_type': 'html-file', 'sha256': 'd76bb4e2e28a6395f871f18b88d3ea9f67e1eeb4167ff83cced375f09485dc6e', 'path': 'media/html/render_9967616_d76bb4e2e28a6395f871.html', 'size': 3869385.0}",28806.166805029236,0.0,-1.750014052959159e-05,0.1240234375,121.6337890625,-1808.432373046875,0.19437766075134277,1773546804.7752483,88.865234375,917.4189453125,7046.9951171875,0.0,9967616.0,88.865234375,1150.122245927,-9.66321086883545,9967616.0,0.0,0.0
0.0,,28958.195966668623,0.0,2.542700713092927e-05,0.1552734375,149.2685546875,-1636.9063720703125,0.18715807795524597,1773546804.9729352,131.455078125,847.41015625,6260.25390625,0.0,10221568.0,131.455078125,1173.485964732,-9.571812629699707,10221568.0,0.0,0.0
0.0,,28602.5351983358,0.0,1.836546289268881e-05,0.1435546875,139.685546875,-1844.4058837890625,0.1814006119966507,1773546828.1383939,92.966796875,945.2783203125,6991.9833984375,0.0,10475520.0,92.966796875,1196.448655308,-10.077027320861816,10475520.0,0.0,0.0
0.0,,28849.559905382604,0.0,2.1842233763891272e-06,0.1328125,121.373046875,-1613.8572998046875,0.1831965148448944,1773546851.1010742,110.8232421875,825.8056640625,6085.45556640625,0.0,10729472.0,110.8232421875,1219.551667817,-10.45360279083252,10729472.0,0.0,0.0
0.0,,28756.313693286025,0.0,-1.7683787518762983e-05,0.126953125,124.6826171875,-1839.4951171875,0.17702412605285645,1773546874.2040603,100.9365234375,903.08203125,6999.8701171875,0.0,10983424.0,100.9365234375,1242.513235068,-10.732850074768066,10983424.0,0.0,0.0
0.0,"{'_type': 'html-file', 'sha256': 'fd345b52bd79b914cc7d028840436fbbb6f874796850e6658ef7a685ca2a8422', 'path': 'media/html/render_11237376_fd345b52bd79b914cc7d.html', 'size': 3859561.0}",28888.19026102901,0.0,-1.8027541955234483e-05,0.1572265625,159.2470703125,-2044.4049072265625,0.1781122237443924,1773546947.3660946,127.30859375,972.9169921875,7188.64599609375,0.0,11237376.0,127.30859375,1292.713090296,-11.161648750305176,11237376.0,0.0,0.0
0.0,,28769.383191568668,0.0,4.159615855314769e-05,0.1474609375,138.7314453125,-1753.351318359375,0.16629336774349213,1773546947.5515625,121.7470703125,856.5771484375,6401.2265625,0.0,11491328.0,121.7470703125,1315.863150879,-11.068018913269043,11491328.0,0.0,0.0
0.0,,28864.325537526824,0.0,-2.973475966427941e-05,0.1533203125,148.314453125,-1828.6317138671875,0.17383292317390442,1773546970.5154665,119.8251953125,915.8408203125,6822.158203125,0.0,11745280.0,119.8251953125,1338.964939973,-11.517961502075195,11745280.0,0.0,0.0
0.0,,28762.874530577166,0.0,-4.710387293016538e-05,0.1640625,154.0791015625,-2060.196044921875,0.17813540995121002,1773546993.617255,142.88671875,954.8720703125,6822.1455078125,0.0,11999232.0,142.88671875,1361.928878786,-12.012534141540527,11999232.0,0.0,0.0
0.0,,28897.407735202276,0.0,5.106547541799955e-05,0.142578125,151.4775390625,-1891.9261474609375,0.18279673159122467,1773547016.5812857,94.7080078125,893.3720703125,6527.578125,0.0,12253184.0,94.7080078125,1385.034758798,-12.18393611907959,12253184.0,0.0,0.0
0.0,"{'_type': 'html-file', 'sha256': '2434f9651ab173e2c205755008b67ae20b0fd23f174206e8833fdb3dc4d2c682', 'path': 'media/html/render_12507136_2434f9651ab173e2c205.html', 'size': 3867249.0}",28729.28194421979,0.0,2.316813697689213e-05,0.130859375,138.0146484375,-1946.32568359375,0.15593655407428741,1773547088.9593616,103.4677734375,920.62890625,7182.701171875,0.0,12507136.0,103.4677734375,1434.306372294,-13.0097074508667,12507136.0,0.0,0.0
0.0,,28949.96489014063,0.0,-2.350186332478188e-05,0.15234375,149.1318359375,-1709.869140625,0.16737088561058044,1773547089.1481764,129.88671875,817.6748046875,6074.2744140625,0.0,12761088.0,129.88671875,1457.635688095,-13.01853084564209,12761088.0,0.0,0.0
0.0,,28658.91834839362,0.0,5.952475476078689e-05,0.1689453125,161.599609375,-1830.214599609375,0.15080392360687256,1773547112.288128,143.685546875,883.3603515625,6255.04931640625,0.0,13015040.0,143.685546875,1480.598449792,-13.348397254943848,13015040.0,0.0,0.0
0.0,,28869.47873135081,0.0,3.303433186374605e-05,0.1533203125,145.65234375,-1940.676025390625,0.14889676868915558,1773547135.2507515,122.435546875,938.021484375,6854.26025390625,0.0,13268992.0,122.435546875,1503.709598421,-13.518095970153809,13268992.0,0.0,0.0
0.0,,28728.981291469194,0.0,-3.559257311280817e-05,0.16796875,156.5322265625,-1671.128173828125,0.1405647248029709,1773547158.3619106,139.13671875,800.3623046875,5780.2998046875,0.0,13522944.0,139.13671875,1526.656661737,-13.798468589782715,13522944.0,0.0,0.0
0.0,"{'_type': 'html-file', 'sha256': 'd8a1a15b2668b4b91a13809415e9e2e0a08901a16914eb99fa7c7e2041a724a6', 'path': 'media/html/render_13776896_d8a1a15b2668b4b91a13.html', 'size': 3864657.0}",28935.134327295924,0.0,1.8575641661300324e-05,0.103515625,86.9013671875,-1675.0103759765625,0.1448204070329666,1773547230.921117,69.07421875,899.2421875,7006.484375,0.0,13776896.0,69.07421875,1576.268097447,-13.997275352478027,13776896.0,0.0,0.0
0.0,,28745.926841982102,0.0,2.0871524611720815e-05,0.1611328125,155.255859375,-1923.5411376953125,0.12447736412286758,1773547231.1395695,130.72265625,916.6123046875,6846.15087890625,0.0,14030848.0,130.72265625,1599.473784879,-14.45174503326416,14030848.0,0.0,0.0
0.0,,28862.561810808147,0.0,-1.3492506695911288e-05,0.1435546875,136.8720703125,-1941.30224609375,0.12956827878952026,1773547254.1255767,126.123046875,902.1826171875,6755.92236328125,0.0,14284800.0,126.123046875,1622.589620885,-14.572538375854492,14284800.0,0.0,0.0
0.0,,28716.470265248427,0.0,-1.7773035096979584e-06,0.134765625,139.5283203125,-1991.59912109375,0.11944223195314407,1773547277.2419987,79.5859375,927.443359375,6908.033203125,0.0,14538752.0,79.5859375,1645.551405993,-14.721217155456543,14538752.0,0.0,0.0
0.0,,28872.30528089967,0.0,2.8825894332840107e-05,0.1396484375,133.6787109375,-1902.6640625,0.10450675338506699,1773547300.203602,111.435546875,921.3076171875,6921.6513671875,0.0,14792704.0,111.435546875,1668.663254046,-15.057121276855469,14792704.0,0.0,0.0
0.0,"{'sha256': '0ca6d962d9f1d0f9bed17993a01a415f93f0739de2f21d2ff843152a2ba9afa8', 'path': 'media/html/render_15046656_0ca6d962d9f1d0f9bed1.html', 'size': 3861989.0, '_type': 'html-file'}",28721.394992242283,0.0,-6.936081263120286e-06,0.1640625,154.1005859375,-1769.4923095703125,0.10441509634256363,1773547373.1050215,144.16796875,819.154296875,5730.2978515625,0.0,15046656.0,144.16796875,1718.452002936,-15.153996467590332,15046656.0,0.0,0.0
0.0,,28903.68958227832,0.0,-2.097799733746797e-05,0.1611328125,152.9638671875,-1926.877197265625,0.10398633033037186,1773547373.3122225,137.78515625,914.3271484375,6907.74951171875,0.0,15300608.0,137.78515625,1741.808427489,-15.223114013671875,15300608.0,0.0,0.0
0.0,,28663.38985642066,0.0,1.712982884782832e-05,0.1435546875,143.578125,-1653.838134765625,0.10254298895597458,1773547396.4608297,104.6845703125,799.021484375,5746.6396484375,0.0,15554560.0,104.6845703125,1764.744199245,-15.295116424560547,15554560.0,0.0,0.0
0.0,,28946.257004314604,0.0,-1.5666619219700806e-05,0.12890625,125.1298828125,-1729.901123046875,0.10189308226108551,1773547419.396501,101.7646484375,837.1533203125,6252.3828125,0.0,15808512.0,101.7646484375,1787.845207387,-15.373031616210938,15808512.0,0.0,0.0
0.0,,28735.097868389086,0.0,1.630609949643258e-05,0.1533203125,164.962890625,-1744.3216552734375,0.09386124461889267,1773547442.4975722,118.47265625,829.130859375,5996.810546875,0.0,16062464.0,118.47265625,1810.788160467,-15.494242668151855,16062464.0,0.0,0.0
0.0,"{'_type': 'html-file', 'sha256': '9d2afd8c070f257c207e7faddf6a2ff63fdd5fe2fc5873c07e1ba198d65fc723', 'path': 'media/html/render_16316416_9d2afd8c070f257c207e.html', 'size': 3860141.0}",28907.94516176737,0.0,-1.8534589685259562e-07,0.1611328125,159.12890625,-1768.791259765625,0.0886203944683075,1773547515.3178008,131.759765625,843.3740234375,6246.490234375,0.0,16316416.0,131.759765625,1860.664788604,-15.481334686279297,16316416.0,0.0,0.0
0.0,,28743.158333814565,0.0,1.0508400009712204e-05,0.154296875,148.4990234375,-1826.0045166015625,0.09441637247800827,1773547515.5138476,134.869140625,876.2314453125,6143.939453125,0.0,16570368.0,134.869140625,1883.883348809,-15.469427108764648,16570368.0,0.0,0.0
0.0,,28744.396300689248,0.0,4.407796154737298e-07,0.1669921875,146.6328125,-1474.493896484375,0.09503526240587234,1773547538.535737,131.06640625,679.884765625,4504.28857421875,0.0,16824320.0,131.06640625,1907.001551789,-15.487643241882324,16824320.0,0.0,0.0
0.0,,28726.21449677851,0.0,6.67729000269901e-06,0.1533203125,149.634765625,-1659.6873779296875,0.1001201942563057,1773547561.653962,130.57421875,777.3271484375,5624.56640625,0.0,17078272.0,130.57421875,1929.977723953,-15.405115127563477,17078272.0,0.0,0.0
0.0,,28869.403614660292,0.0,1.3482364010997117e-05,0.1552734375,152.255859375,-1916.361328125,0.09633999317884445,1773547584.6300855,128.9609375,919.7265625,6797.76416015625,0.0,17332224.0,128.9609375,1953.079281991,-15.448596000671387,17332224.0,0.0,0.0
0.0,"{'path': 'media/html/render_17586176_ff90742ea9ffccf4ea43.html', 'size': 3860821.0, '_type': 'html-file', 'sha256': 'ff90742ea9ffccf4ea43fb1f7f1ce110bdee2cc8065a383bcba6912e08d8285b'}",28728.237435420244,0.0,1.5985600839485414e-05,0.1533203125,153.490234375,-1941.072509765625,0.09008269757032394,1773547657.4123883,122.7119140625,943.6328125,7050.02392578125,0.0,17586176.0,122.7119140625,2002.759379537,-15.501521110534668,17586176.0,0.0,0.0
0.0,,28859.348549840288,0.0,-2.1922706139321235e-07,0.1474609375,153.0986328125,-1909.0048828125,0.09688504785299301,1773547657.612191,114.11328125,883.4599609375,6368.58984375,0.0,17840128.0,114.11328125,2026.093195973,-15.47904109954834,17840128.0,0.0,0.0
0.0,,28662.711096880168,0.0,1.3827391740051098e-05,0.1279296875,153.564453125,-1992.0958251953125,0.09198830276727676,1773547680.7457085,83.7353515625,965.4111328125,6820.779296875,0.0,18094080.0,83.7353515625,2049.056039675,-15.508939743041992,18094080.0,0.0,0.0
0.0,,28877.580325986,0.0,5.181664164410904e-06,0.154296875,125.099609375,-1900.6259765625,0.09985663741827011,1773547703.7082574,104.375,886.603515625,6796.39404296875,0.0,18348032.0,104.375,2072.160854361,-15.444844245910645,18348032.0,0.0,0.0
0.0,,28763.596879262615,0.0,6.71898078508093e-06,0.1337890625,131.0361328125,-1740.8883056640625,0.09408152848482132,1773547726.8132412,107.025390625,819.97265625,6135.66748046875,0.0,18601984.0,107.025390625,2095.113671431,-15.534846305847168,18601984.0,0.0,0.0
0.0,"{'_type': 'html-file', 'sha256': '4d5dc2eb1742602b767423f8c532baf5f38a68036ebe6adb28b01f9cd6d8e42b', 'path': 'media/html/render_18855936_4d5dc2eb1742602b7674.html', 'size': 3878781.0}",28899.370176033113,0.0,-2.212388972111512e-05,0.1650390625,157.6865234375,-1636.7017822265625,0.09701042622327805,1773547799.7298253,137.1279296875,702.845703125,4888.7421875,0.0,18855936.0,137.1279296875,2145.076921276,-15.629785537719727,18855936.0,0.0,0.0
0.0,,28751.573334588684,0.0,2.6862309823627584e-05,0.15625,158.0517578125,-1676.638671875,0.09633995592594147,1773547799.9246337,130.2333984375,819.0947265625,6145.48828125,0.0,19109888.0,130.2333984375,2168.279552032,-15.637165069580078,19109888.0,0.0,0.0
0.0,,28795.93619968391,0.0,-8.053133205976337e-05,0.1357421875,155.9248046875,-1966.035400390625,0.10372255742549896,1773547822.9318497,99.7216796875,869.5263671875,6198.62939453125,0.0,19363840.0,99.7216796875,2191.385155208,-15.635618209838867,19363840.0,0.0,0.0
0.0,,28741.427220623784,0.0,-1.333059753960697e-05,0.142578125,125.3486328125,-1708.974853515625,0.10119223594665527,1773547846.0375485,112.5341796875,803.0283203125,6176.6552734375,0.0,19617792.0,112.5341796875,2214.323002716,-15.931910514831543,19617792.0,0.0,0.0
0.0,,28930.318333377607,0.0,2.9485054255928844e-05,0.1484375,141.017578125,-1858.351318359375,0.08965019881725311,1773547868.9753492,121.9169921875,855.193359375,6189.3828125,0.0,19871744.0,121.9169921875,2237.421685449,-15.986733436584473,19871744.0,0.0,0.0
0.0,"{'_type': 'html-file', 'sha256': '533fb638817aa989006075f44fa6b5d2a507aaec0ac0938fff1f0991880c45f8', 'path': 'media/html/render_20125696_533fb638817aa9890060.html', 'size': 3854685.0}",28747.457546275862,0.0,-0.00010062677756650373,0.1201171875,130.0009765625,-2180.258544921875,0.09322470426559448,1773547941.6192622,82.2431640625,956.3408203125,7404.2333984375,0.0,20125696.0,82.2431640625,2286.966247645,-15.870588302612305,20125696.0,0.0,0.0
0.0,,28892.652097660055,0.0,9.758197120390832e-05,0.138671875,137.271484375,-1927.7562255859375,0.08411217480897903,1773547941.8296144,116.6728515625,897.900390625,6705.13525390625,0.0,20379648.0,116.6728515625,2310.313924031,-15.89400863647461,20379648.0,0.0,0.0
0.0,,28667.153698571663,0.0,2.8082196877221577e-05,0.1318359375,140.26953125,-1850.003173828125,0.08502114564180374,1773547964.9662004,105.837890625,887.2685546875,6657.169921875,0.0,20633600.0,105.837890625,2333.27463125,-15.714406967163086,20633600.0,0.0,0.0
0.0,,28879.4367173128,0.0,1.910218270495534e-05,0.130859375,128.759765625,-1836.172119140625,0.08855516463518143,1773547987.9269006,104.7861328125,889.5380859375,6660.01171875,0.0,20887552.0,104.7861328125,2356.393076613,-15.769364356994629,20887552.0,0.0,0.0
0.0,,28730.645808908463,0.0,-8.772533874434885e-06,0.1748046875,160.31640625,-1980.572998046875,0.08037374168634415,1773548011.0453975,142.37109375,929.2119140625,6712.740234375,0.0,21141504.0,142.37109375,2379.351675482,-15.770035743713379,21141504.0,0.0,0.0
0.0,"{'_type': 'html-file', 'sha256': '9b0eb73f0c860ad94cab0b30e151d41079cb178a3a133890121f6eab8c772934', 'path': 'media/html/render_21395456_9b0eb73f0c860ad94cab.html', 'size': 3854009.0}",28873.436994919055,0.0,1.4810642824159004e-05,0.1474609375,147.2958984375,-1969.8636474609375,0.10049611330032349,1773548083.7438521,115.3359375,921.5673828125,6636.634765625,0.0,21395456.0,115.3359375,2429.090861827,-15.6870698928833,21395456.0,0.0,0.0
0.0,,28725.181830981885,0.0,2.395831143076066e-05,0.171875,165.927734375,-1986.357177734375,0.09951802343130112,1773548083.9640305,141.72265625,943.7236328125,6924.0419921875,0.0,21649408.0,141.72265625,2452.318213492,-15.738901138305664,21649408.0,0.0,0.0
0.0,,28775.966320116557,0.0,5.888047780899797e-06,0.154296875,144.6005859375,-1875.918212890625,0.10417044162750244,1773548106.970426,125.8798828125,961.482421875,7283.595703125,0.0,21903360.0,125.8798828125,2475.414622636,-15.66730785369873,21903360.0,0.0,0.0
0.0,,28775.198262776972,0.0,2.5449319309700513e-06,0.16015625,153.96875,-2010.182373046875,0.10235242545604706,1773548130.0669682,135.92578125,943.1728515625,6750.7099609375,0.0,22157312.0,135.92578125,2498.367321417,-15.70191478729248,22157312.0,0.0,0.0
0.0,,28918.010571677227,0.0,7.706205906288233e-06,0.1435546875,145.267578125,-2044.0001220703125,0.10338162630796432,1773548153.0191438,123.0859375,946.9892578125,7184.39599609375,0.0,22411264.0,123.0859375,2521.46628595,-15.717357635498047,22411264.0,0.0,0.0
0.0,"{'path': 'media/html/render_22665216_afef889c4159ee9557b6.html', 'size': 3866297.0, '_type': 'html-file', 'sha256': 'afef889c4159ee9557b6145b43f5474c71049fb40f214db521dab96a65df4981'}",28747.451339340343,0.0,3.0065893952269107e-05,0.1591796875,155.0078125,-1790.214599609375,0.09251315146684647,1773548225.76227,140.8212890625,848.87109375,6290.97216796875,0.0,22665216.0,140.8212890625,2571.109283684,-15.770508766174316,22665216.0,0.0,0.0
0.0,,28939.683015409908,0.0,-1.0536803529248573e-05,0.146484375,144.029296875,-1996.6220703125,0.09370502084493637,1773548226.0496385,114.91796875,968.2666015625,7754.10009765625,0.0,22919168.0,114.91796875,2594.489976471,-15.711389541625977,22919168.0,0.0,0.0
0.0,,28685.236072166394,0.0,-1.0662747627065983e-05,0.134765625,127.8974609375,-1829.2431640625,0.09440012276172638,1773548249.1421304,108.203125,916.23046875,7040.2568359375,0.0,23173120.0,108.203125,2617.43541519,-15.663325309753418,23173120.0,0.0,0.0
0.0,,28893.882597105545,0.0,1.0778338719319436e-06,0.146484375,141.400390625,-1802.9803466796875,0.09273909777402878,1773548272.0876613,118.68359375,868.357421875,6599.23291015625,0.0,23427072.0,118.68359375,2640.47652923,-15.619840621948242,23427072.0,0.0,0.0
0.0,,28789.40696056703,0.0,1.0402664884168189e-05,0.1572265625,152.1083984375,-1861.8006591796875,0.1013064980506897,1773548295.1283782,132.642578125,914.396484375,6656.67578125,0.0,23681024.0,132.642578125,2663.43222556,-15.597999572753906,23681024.0,0.0,0.0
0.0,"{'_type': 'html-file', 'sha256': 'eb8df01eb62f7119f1cec897a2a369d3d0de529285ed903f9b34199224b456b2', 'path': 'media/html/render_23934976_eb8df01eb62f7119f1ce.html', 'size': 3863889.0}",28879.030342164457,0.0,9.361631470028442e-08,0.1484375,142.16796875,-1722.7779541015625,0.09390844404697418,1773548367.768453,121.166015625,824.50390625,5793.2802734375,0.0,23934976.0,121.166015625,2713.115430528,-15.6422758102417,23934976.0,0.0,0.0
0.0,,28743.7804065966,0.0,8.782928489381447e-06,0.15234375,143.3271484375,-1896.4189453125,0.08746267855167389,1773548368.0026708,129.1376953125,923.5810546875,6909.8330078125,0.0,24188928.0,129.1376953125,2736.355221593,-15.77700424194336,24188928.0,0.0,0.0
0.0,,28783.968837541288,0.0,6.424357707146555e-06,0.126953125,131.2060546875,-1848.4259033203125,0.08518683165311813,1773548391.0074623,90.7607421875,921.6875,6510.1845703125,0.0,24442880.0,90.7607421875,2759.38313444,-15.797553062438965,24442880.0,0.0,0.0
0.0,,28706.195724944493,0.0,1.527846688986756e-05,0.1435546875,137.984375,-1674.965576171875,0.08254153281450272,1773548414.035362,125.65234375,833.74609375,6267.20751953125,0.0,24696832.0,125.65234375,2782.339722276,-15.75282096862793,24696832.0,0.0,0.0
0.0,,28869.99203919818,0.0,-6.8766730692004785e-06,0.1533203125,146.8876953125,-1779.942138671875,0.09417888522148132,1773548436.9920912,121.8564453125,856.23046875,6080.3505859375,0.0,24950784.0,121.8564453125,2805.404617418,-15.697209358215332,24950784.0,0.0,0.0
0.0,"{'_type': 'html-file', 'sha256': '75b5f868feffd456e6c64173a34678fc957566f57b059921f2366b9cb621dc08', 'path': 'media/html/render_25204736_75b5f868feffd456e6c6.html', 'size': 3866353.0}",28754.618255293855,0.0,1.1212207482458325e-06,0.1533203125,144.779296875,-1815.8206787109375,0.09089460223913193,1773548510.0382946,138.5048828125,900.4853515625,6416.66943359375,0.0,25204736.0,138.5048828125,2855.385267057,-15.821622848510742,25204736.0,0.0,0.0
0.0,,28953.76344864793,0.0,-4.137212272325996e-06,0.1279296875,130.2822265625,-1610.005126953125,0.09860297292470932,1773548510.2614472,102.1416015625,750.298828125,5489.1044921875,0.0,25458688.0,102.1416015625,2878.633493786,-15.798434257507324,25458688.0,0.0,0.0
0.0,,28667.724648439824,0.0,-5.619152489089174e-06,0.15625,160.0966796875,-1658.0767822265625,0.09811240434646606,1773548533.2858312,126.7314453125,827.0859375,6111.13720703125,0.0,25712640.0,126.7314453125,2901.612356509,-15.693636894226074,25712640.0,0.0,0.0
0.0,,28840.66341958982,0.0,8.864933079166804e-06,0.1689453125,159.44921875,-1961.21630859375,0.09574910253286362,1773548556.264853,140.5029296875,898.998046875,6754.126953125,0.0,25966592.0,140.5029296875,2924.692492231,-15.766646385192871,25966592.0,0.0,0.0
0.0,,28740.35236011529,0.0,8.345524292963091e-06,0.1533203125,149.8486328125,-1670.05078125,0.09609846770763397,1773548579.344824,129.7587890625,847.4765625,6151.5634765625,0.0,26220544.0,129.7587890625,2947.66892409,-15.710947036743164,26220544.0,0.0,0.0
0.0,"{'_type': 'html-file', 'sha256': '08d90920f5d2e270d7f766723672196a5c9dcf82b8fd24bf139cf4dfd215bfd8', 'path': 'media/html/render_26474496_08d90920f5d2e270d7f7.html', 'size': 3870861.0}",28849.56771926662,0.0,6.017955342940695e-07,0.15234375,145.2451171875,-1834.3824462890625,0.08551566302776337,1773548652.4234407,131.4794921875,879.97265625,6494.6826171875,0.0,26474496.0,131.4794921875,2997.770474405,-15.801239967346191,26474496.0,0.0,0.0
0.0,,28721.975849691964,0.0,2.5721014935697895e-06,0.162109375,162.625,-1751.02783203125,0.08543321490287781,1773548652.6310372,122.4599609375,871.685546875,6666.0869140625,0.0,26728448.0,122.4599609375,3020.998849878,-15.821937561035156,26728448.0,0.0,0.0
0.0,,28713.326602020305,0.0,-1.6500875062774867e-05,0.134765625,143.7392578125,-1936.710205078125,0.09080677479505539,1773548675.6511407,100.2529296875,947.2431640625,7298.0634765625,0.0,26982400.0,100.2529296875,3044.038449077,-15.679079055786133,26982400.0,0.0,0.0
0.0,,28709.196993958478,0.0,1.733635872369632e-05,0.138671875,135.5703125,-1906.5362548828125,0.08332419395446777,1773548698.6902888,122.2158203125,905.8232421875,6911.68017578125,0.0,27236352.0,122.2158203125,3067.009224902,-15.760126113891602,27236352.0,0.0,0.0
0.0,,28808.243094566977,0.0,-1.4263433513406198e-05,0.1494140625,145.9814453125,-1754.822509765625,0.09149190783500671,1773548721.661501,127.5673828125,874.8662109375,6790.0712890625,0.0,27490304.0,127.5673828125,3090.035574608,-15.730203628540039,27490304.0,0.0,0.0
0.0,"{'sha256': '63d0975fa4bdd702c122ac065976360b2826562c0e9dce69c5d7f3d61bbd30e2', 'path': 'media/html/render_27744256_63d0975fa4bdd702c122.html', 'size': 3867117.0, '_type': 'html-file'}",28754.494831488944,0.0,5.5394052651536185e-06,0.1474609375,137.6591796875,-1999.0682373046875,0.08625248074531555,1773548794.6018744,114.9775390625,943.58203125,7300.8056640625,0.0,27744256.0,114.9775390625,3139.948832613,-15.702583312988281,27744256.0,0.0,0.0
0.0,,28868.61569543048,0.0,1.0718685189203825e-05,0.1337890625,130.685546875,-1683.0169677734375,0.08517409861087799,1773548794.807232,95.091796875,869.220703125,6801.45654296875,0.0,27998208.0,95.091796875,3163.254570144,-15.699538230895996,27998208.0,0.0,0.0
0.0,,28696.109438089603,0.0,1.007443370326655e-05,0.1171875,104.8330078125,-1799.237060546875,0.08234463632106781,1773548817.9070692,92.9892578125,891.5166015625,6874.36767578125,0.0,28252160.0,92.9892578125,3186.226511079,-15.715378761291504,28252160.0,0.0,0.0
0.0,,28821.327874892253,0.0,-1.2966053873242345e-05,0.1484375,154.4560546875,-1708.021484375,0.08954724669456482,1773548840.8787572,120.2490234375,844.2099609375,6142.5322265625,0.0,28506112.0,120.2490234375,3209.248543288,-15.821348190307617,28506112.0,0.0,0.0
0.0,,28786.13139289685,0.0,1.3326741282071453e-05,0.1474609375,142.62109375,-1926.6849365234375,0.09408845007419586,1773548863.9008508,128.9560546875,972.56640625,7390.6435546875,0.0,28760064.0,128.9560546875,3232.204107345,-15.839391708374023,28760064.0,0.0,0.0
0.0,"{'_type': 'html-file', 'sha256': '68385f425be182a5530a6ee7940e52f6745587d2d5c0bb221fd34431f03986f5', 'path': 'media/html/render_29014016_68385f425be182a5530a.html', 'size': 3872813.0}",28870.361381746083,0.0,-5.83734035899397e-05,0.1572265625,150.6875,-1843.1845703125,0.10423901677131653,1773548935.7374616,119.287109375,880.87890625,6500.931640625,0.0,29014016.0,119.287109375,3281.0844528,-15.904605865478516,29014016.0,0.0,0.0
0.0,,28811.5439591998,0.0,3.882178134517744e-05,0.1591796875,168.4140625,-1777.6748046875,0.09752368927001953,1773548935.9513335,128.7958984375,817.4365234375,5648.3369140625,0.0,29267968.0,128.7958984375,3304.309562855,-15.80952262878418,29267968.0,0.0,0.0
0.0,,28742.784482577637,0.0,1.912429252115544e-05,0.142578125,141.3759765625,-1849.60888671875,0.09664496034383774,1773548958.9620163,122.3359375,910.611328125,6531.56884765625,0.0,29521920.0,122.3359375,3327.339178426,-15.850881576538086,29521920.0,0.0,0.0
0.0,,28756.976707389647,0.0,-6.40908268678686e-08,0.158203125,153.2548828125,-1965.9571533203125,0.09946046769618988,1773548981.9914725,136.8837890625,902.017578125,6636.22998046875,0.0,29775872.0,136.8837890625,3350.316212235,-15.743809700012207,29775872.0,0.0,0.0
0.0,,28843.999056326436,0.0,4.466649897949537e-06,0.14453125,143.2412109375,-1904.2578125,0.09873528778553009,1773549004.9685388,91.376953125,941.5791015625,7189.8076171875,0.0,30029824.0,91.376953125,3373.352766482,-15.740161895751953,30029824.0,0.0,0.0
0.0,"{'_type': 'html-file', 'sha256': '58bf9f88f312c5e5c63ed39a4f8afaf2a0fcb0b2e74af73eb036922d8545bba3', 'path': 'media/html/render_30283776_58bf9f88f312c5e5c63e.html', 'size': 3871101.0}",28725.306552616043,0.0,2.0665065676439553e-05,0.142578125,135.81640625,-1599.9364013671875,0.09667699038982391,1773549078.04253,114.763671875,836.2451171875,6107.8232421875,0.0,30283776.0,114.763671875,3423.389479722,-15.74205207824707,30283776.0,0.0,0.0
0.0,,28811.518241325215,0.0,-1.976528983504977e-05,0.16015625,161.9404296875,-1901.4697265625,0.0838625356554985,1773549078.2542758,113.84765625,943.427734375,6997.0400390625,0.0,30537728.0,113.84765625,3446.66335841,-15.895574569702148,30537728.0,0.0,0.0
0.0,,28703.524589524695,0.0,3.7278514497529613e-08,0.1259765625,135.5849609375,-1759.250732421875,0.09108223766088486,1773549101.315441,93.232421875,929.1396484375,7008.921875,0.0,30791680.0,93.232421875,3469.622302328,-15.801878929138184,30791680.0,0.0,0.0
0.0,,28845.97456061185,0.0,-9.301951649831608e-05,0.177734375,166.876953125,-2123.11376953125,0.09261777251958847,1773549124.2745733,155.28125,948.22265625,6940.70068359375,0.0,31045632.0,155.28125,3492.646880559,-15.773213386535645,31045632.0,0.0,0.0
0.0,,28755.300598467704,0.0,-3.1409814255312085e-05,0.1455078125,164.244140625,-1850.6971435546875,0.09426937997341156,1773549147.299293,107.896484375,855.4833984375,6077.1171875,0.0,31299584.0,107.896484375,3515.617859284,-15.943865776062012,31299584.0,0.0,0.0
0.0,"{'sha256': '575d874243f94a1dba1bf47d5da5884cb3326a4ee9d5bab376c0ddd199146757', 'path': 'media/html/render_31553536_575d874243f94a1dba1b.html', 'size': 3860925.0, '_type': 'html-file'}",28838.518429409123,0.0,5.750637501478195e-05,0.146484375,147.0400390625,-1303.156982421875,0.10278257727622986,1773549220.533375,120.001953125,602.4912109375,3866.150634765625,0.0,31553536.0,120.001953125,3565.880383671,-15.892258644104004,31553536.0,0.0,0.0
0.0,,28744.552217612025,0.0,4.758499869694788e-07,0.142578125,143.431640625,-1492.693359375,0.09160077571868896,1773549220.7327704,122.140625,620.263671875,4120.4833984375,0.0,31807488.0,122.140625,3589.107733911,-15.846147537231445,31807488.0,0.0,0.0
0.0,,28711.674925815165,0.0,-7.965017175592948e-06,0.1240234375,121.8779296875,-1711.375244140625,0.09675920009613037,1773549243.7601068,93.6201171875,845.6669921875,6557.4404296875,0.0,32061440.0,93.6201171875,3612.137802702,-15.699689865112305,32061440.0,0.0,0.0
0.0,,28733.98782473105,0.0,1.839030119299423e-05,0.1494140625,144.1650390625,-1588.0780029296875,0.09553654491901398,1773549266.7901676,130.1044921875,743.66796875,5396.58984375,0.0,32315392.0,130.1044921875,3635.095849692,-15.69222354888916,32315392.0,0.0,0.0
0.0,,28863.693543261605,0.0,2.490478436811827e-05,0.1416015625,133.7099609375,-1875.663330078125,0.10183703154325485,1773549289.7480974,108.9951171875,905.0068359375,6666.7138671875,0.0,32569344.0,108.9951171875,3658.13532522,-15.651985168457031,32569344.0,0.0,0.0
0.0,"{'_type': 'html-file', 'sha256': 'e3af44d8de0be7141b095d75fc0a30b93037f6b789c630b20d7cbc54d476944d', 'path': 'media/html/render_32823296_e3af44d8de0be7141b09.html', 'size': 3863293.0}",28738.4688338246,0.0,1.3653441783390008e-05,0.140625,134.814453125,-1558.4002685546875,0.09576401114463806,1773549361.7459524,120.09765625,738.7470703125,5362.6181640625,0.0,32823296.0,120.09765625,3707.092983066,-15.638440132141113,32823296.0,0.0,0.0
0.0,,28861.169753016675,0.0,-1.0979100807162467e-05,0.158203125,141.5732421875,-1955.7828369140625,0.08712245523929596,1773549361.9484046,130.349609375,891.0419921875,6578.1845703125,0.0,33077248.0,130.349609375,3730.376004075,-15.575044631958008,33077248.0,0.0,0.0
0.0,,28667.927572587003,0.0,1.863637771748472e-05,0.1513671875,137.9228515625,-1890.470947265625,0.09539344906806946,1773549385.0282898,123.919921875,907.3916015625,6780.8876953125,0.0,33331200.0,123.919921875,3753.336271658,-15.558843612670898,33331200.0,0.0,0.0
0.0,,28887.02526999347,0.0,3.99009877583012e-06,0.1484375,129.146484375,-1938.204345703125,0.0886971578001976,1773549407.9886124,88.68359375,888.705078125,6748.8193359375,0.0,33585152.0,88.68359375,3776.360307792,-15.60058307647705,33585152.0,0.0,0.0
0.0,,28798.235252681457,0.0,9.714054840515018e-07,0.1552734375,148.0693359375,-1320.995361328125,0.09962266683578491,1773549431.0125895,130.3720703125,621.1484375,4082.44970703125,0.0,33839104.0,130.3720703125,3799.335003666,-15.539838790893555,33839104.0,0.0,0.0
0.0,"{'sha256': '5741c1a5013f6ac09a84ac264d635d3dec8cbb43c6b473afa2fed02a7a576813', 'path': 'media/html/render_34093056_5741c1a5013f6ac09a84.html', 'size': 3860209.0, '_type': 'html-file'}",28857.125726682716,0.0,1.3875586773792747e-05,0.1572265625,144.0634765625,-1784.4322509765625,0.09647579491138458,1773549504.3567455,106.24609375,873.7451171875,6414.1572265625,0.0,34093056.0,106.24609375,3849.703734354,-15.619816780090332,34093056.0,0.0,0.0
0.0,,28695.76541364516,0.0,4.67273503090837e-06,0.1513671875,135.927734375,-1766.458984375,0.09272155910730362,1773549504.585059,113.748046875,853.4951171875,6357.5361328125,0.0,34347008.0,113.748046875,3872.966010233,-15.72262191772461,34347008.0,0.0,0.0
0.0,,28708.07811806868,0.0,-3.662232484202832e-05,0.1611328125,160.1171875,-2015.60546875,0.09269150346517563,1773549527.6186006,135.25,917.3505859375,6790.80712890625,0.0,34600960.0,135.25,3896.007289226,-15.883376121520996,34600960.0,0.0,0.0
0.0,,28719.949920844007,0.0,1.5777846783748828e-05,0.1611328125,156.9140625,-2186.33203125,0.09729504585266113,1773549550.6596606,106.384765625,905.7880859375,6561.2626953125,0.0,34854912.0,106.384765625,3918.975157812,-15.840428352355957,34854912.0,0.0,0.0
0.0,,28846.1276754455,0.0,4.337326026870869e-05,0.1572265625,153.81640625,-1757.4566650390625,0.10250401496887207,1773549573.6276453,137.0234375,781.216796875,5706.0927734375,0.0,35108864.0,137.0234375,3942.008470914,-15.836766242980957,35108864.0,0.0,0.0
0.0,"{'sha256': 'ef5951c9f879cb2311fc8d749fafc35f158bfa0344ff21e4dadaacc69197bded', 'path': 'media/html/render_35362816_ef5951c9f879cb2311fc.html', 'size': 3872809.0, '_type': 'html-file'}",28743.97742778033,0.0,-1.0737120419435087e-06,0.1435546875,145.7333984375,-1722.815673828125,0.09403487294912338,1773549646.977396,113.650390625,845.96484375,6390.8623046875,0.0,35362816.0,113.650390625,3992.324375072,-15.910162925720215,35362816.0,0.0,0.0
0.0,,28839.959059271256,0.0,-3.4857261198339984e-05,0.1787109375,173.1201171875,-1785.638671875,0.09922201186418533,1773549647.201586,160.197265625,844.4990234375,6063.658203125,0.0,35616768.0,160.197265625,4015.622510373,-16.01341438293457,35616768.0,0.0,0.0
0.0,,28692.32562282493,0.0,3.3029893529601395e-05,0.16015625,163.4140625,-1813.9632568359375,0.10556922852993011,1773549670.2747004,139.8359375,879.859375,6186.77001953125,0.0,35870720.0,139.8359375,4038.599873016,-15.918696403503418,35870720.0,0.0,0.0
0.0,,28800.89055900019,0.0,1.895296372822486e-05,0.138671875,132.6337890625,-1778.3671875,0.10046470165252686,1773549693.2522035,107.689453125,915.845703125,7130.34228515625,0.0,36124672.0,107.689453125,4061.529647987,-15.920438766479492,36124672.0,0.0,0.0
0.0,,28719.24215221778,0.0,-0.00023803977819625288,0.1572265625,155.6708984375,-1997.319580078125,0.10974135994911194,1773549716.1817691,145.3427734375,966.3583984375,7214.5634765625,0.0,36378624.0,145.3427734375,4084.505169766,-16.247621536254883,36378624.0,0.0,0.0
0.0,"{'_type': 'html-file', 'sha256': '702d1fd30fc1c3816767fb7de7f8dec8c54fd0800ad76b4fbdf44ad298d5b9f5', 'path': 'media/html/render_36632576_702d1fd30fc1c3816767.html', 'size': 3863193.0}",28851.640110726825,0.0,8.52700395626016e-05,0.1474609375,137.42578125,-1761.664306640625,0.1013299897313118,1773549788.13882,127.955078125,880.83203125,6552.765625,0.0,36632576.0,127.955078125,4133.485826565,-16.280675888061523,36632576.0,0.0,0.0
0.0,,28764.03030588952,0.0,2.5105338863795623e-05,0.1572265625,156.0615234375,-1805.61962890625,0.0961231216788292,1773549788.3926275,131.4599609375,861.19140625,6314.37451171875,0.0,36886528.0,131.4599609375,4156.742293479,-15.957131385803223,36886528.0,0.0,0.0
0.0,,28789.869179055695,0.0,-8.00066118245013e-06,0.13671875,132.8984375,-1815.7659912109375,0.09015155583620071,1773549811.3944948,117.724609375,893.587890625,6871.626953125,0.0,37140480.0,117.724609375,4179.677205718,-15.79305362701416,37140480.0,0.0,0.0
0.0,,28792.477801340392,0.0,7.555276170023717e-06,0.1689453125,163.6259765625,-1829.194580078125,0.09039119631052017,1773549834.3294094,149.982421875,789.6494140625,5486.6455078125,0.0,37394432.0,149.982421875,4202.628504164,-15.661262512207031,37394432.0,0.0,0.0
0.0,,28910.576011107027,0.0,-1.3224278518464416e-05,0.146484375,144.51953125,-1991.927490234375,0.09241853654384613,1773549857.2807896,127.8935546875,963.822265625,7393.177734375,0.0,37648384.0,127.8935546875,4225.452160468,-15.577885627746582,37648384.0,0.0,0.0
0.0,"{'_type': 'html-file', 'sha256': 'e2f52ec05dced11b32dfb8beec47405dfad5c3e1ce53a06b178099641a9db676', 'path': 'media/html/render_37902336_e2f52ec05dced11b32df.html', 'size': 3847465.0}",28775.083990543128,0.0,2.6405385142425075e-05,0.1611328125,158.771484375,-1801.70703125,0.08509700745344162,1773549930.4086702,137.4150390625,850.509765625,6252.287109375,0.0,37902336.0,137.4150390625,4275.755646683,-15.651782989501953,37902336.0,0.0,0.0
0.0,,28923.341601912285,0.0,3.168304465361871e-05,0.130859375,129.70703125,-1896.7066650390625,0.08265050500631332,1773549930.623907,113.4619140625,926.1748046875,6941.466796875,0.0,38156288.0,113.4619140625,4298.873749648,-15.682727813720703,38156288.0,0.0,0.0
0.0,,28616.18713961843,0.0,2.4181850676541217e-05,0.1435546875,138.6943359375,-1773.378662109375,0.07668652385473251,1773549953.5260067,123.25390625,856.3955078125,6226.001953125,0.0,38410240.0,123.25390625,4321.821138957,-15.722437858581543,38410240.0,0.0,0.0
0.0,,28910.21662438596,0.0,-6.928360107849585e-06,0.14453125,140.5546875,-1392.1734619140625,0.0793023407459259,1773549976.473379,114.9814453125,605.017578125,3984.8203125,0.0,38664192.0,114.9814453125,4344.673241463,-15.797100067138672,38664192.0,0.0,0.0
0.0,,28735.376167919727,0.0,-1.0674928489606827e-05,0.130859375,145.43359375,-1969.1826171875,0.08689712733030319,1773549999.3255374,108.916015625,939.4814453125,7001.48681640625,0.0,38918144.0,108.916015625,4367.633339187,-15.923229217529297,38918144.0,0.0,0.0
0.0,"{'_type': 'html-file', 'sha256': '47ad4d65c141352c0e9ded48b0f1b81a787855b90279d3647b37c6e84ef40a3a', 'path': 'media/html/render_39172096_47ad4d65c141352c0e9d.html', 'size': 3877757.0}",28881.55882342733,0.0,2.029295683314558e-05,0.154296875,152.830078125,-1841.9337158203125,0.07987064868211746,1773550071.256716,127.177734375,863.251953125,6483.3974609375,0.0,39172096.0,127.177734375,4416.603810956,-15.914902687072754,39172096.0,0.0,0.0
0.0,,28777.864095072397,0.0,-5.8728033764055e-05,0.134765625,137.0595703125,-1903.871826171875,0.08113303035497665,1773550071.4625797,115.6474609375,916.2001953125,7156.54443359375,0.0,39426048.0,115.6474609375,4439.823043026,-15.869119644165039,39426048.0,0.0,0.0
0.0,,28799.053595480367,0.0,5.277522359392606e-05,0.1220703125,133.5654296875,-1708.3126220703125,0.08772177994251251,1773550094.475245,95.78515625,784.685546875,5329.3154296875,0.0,39680000.0,95.78515625,4462.888790579,-15.940313339233398,39680000.0,0.0,0.0
0.0,,28739.035649237987,0.0,1.5889330597929074e-06,0.1572265625,153.796875,-1557.3328857421875,0.0926179513335228,1773550117.5411181,141.7158203125,718.7294921875,4874.47265625,0.0,39933952.0,141.7158203125,4485.856665018,-15.929925918579102,39933952.0,0.0,0.0
0.0,,28866.576850881163,0.0,9.246904255633126e-07,0.169921875,164.4912109375,-1931.29931640625,0.08645786345005035,1773550140.5089672,135.7041015625,939.810546875,6785.80908203125,0.0,40187904.0,135.7041015625,4508.932682995,-15.927680015563965,40187904.0,0.0,0.0
0.0,"{'sha256': 'eff83ecff8ef2acb56e45a6534a3dfd7c1edacfaae380a82a1258156aa53c6fb', 'path': 'media/html/render_40441856_eff83ecff8ef2acb56e4.html', 'size': 3862829.0, '_type': 'html-file'}",28679.224870114427,0.0,1.430704833182972e-05,0.125,132.3798828125,-1864.6982421875,0.08815034478902817,1773550214.047868,98.5478515625,954.3134765625,7329.1416015625,0.0,40441856.0,98.5478515625,4559.3948609,-15.929101943969727,40441856.0,0.0,0.0
0.0,,28733.115043368813,0.0,1.242625239683548e-05,0.14453125,143.763671875,-1845.5687255859375,0.09822758287191391,1773550214.2548618,127.5947265625,921.22265625,7067.494140625,0.0,40695808.0,127.5947265625,4582.735225863,-15.936713218688965,40695808.0,0.0,0.0
0.0,,28570.906765395786,0.0,-4.368323789094575e-05,0.1396484375,136.1611328125,-1891.5791015625,0.09310391545295715,1773550237.3876827,120.9072265625,940.015625,7098.53125,0.0,40949760.0,120.9072265625,4605.75682399,-15.937210083007812,40949760.0,0.0,0.0
0.0,,28743.010188281427,0.0,6.0152313380967826e-05,0.171875,173.2509765625,-1877.2744140625,0.09103267639875412,1773550260.4091742,129.9755859375,908.251953125,6513.9794921875,0.0,41203712.0,129.9755859375,4628.84031461,-15.876911163330078,41203712.0,0.0,0.0
0.0,,28731.469614909707,0.0,5.214582188273198e-07,0.1572265625,152.66015625,-1934.068115234375,0.09292805194854736,1773550283.4927676,116.9404296875,939.12890625,7121.111328125,0.0,41457664.0,116.9404296875,4651.871142978,-15.86246395111084,41457664.0,0.0,0.0
0.0,"{'sha256': 'fbcedec5532b151100e0991fa51c556a79fd30e0cadaec2d1ef6f47da0e7684a', 'path': 'media/html/render_41711616_fbcedec5532b151100e0.html', 'size': 3860061.0, '_type': 'html-file'}",28723.978826354032,0.0,1.6567054217375698e-07,0.1513671875,148.6005859375,-1776.384521484375,0.08653023838996887,1773550357.1841972,123.1826171875,856.2412109375,6170.7822265625,0.0,41711616.0,123.1826171875,4702.531151636,-15.931778907775879,41711616.0,0.0,0.0
0.0,,28744.856299262905,0.0,-1.594001514604315e-05,0.14453125,139.3623046875,-1971.427490234375,0.09294497966766357,1773550357.3921013,105.8818359375,980.0712890625,7601.9306640625,0.0,41965568.0,105.8818359375,4725.805867345,-15.857665061950684,41965568.0,0.0,0.0
0.0,,28626.264241329554,0.0,4.475276909943204e-06,0.1845703125,179.4599609375,-1998.324462890625,0.08609360456466675,1773550380.4582403,166.8388671875,931.5380859375,6491.87548828125,0.0,42219520.0,166.8388671875,4748.88541483,-15.86059856414795,42219520.0,0.0,0.0
0.0,,28741.417138586057,0.0,8.734350558370352e-06,0.1640625,162.8486328125,-1981.389892578125,0.09180334955453873,1773550403.5376997,150.6396484375,874.8701171875,5986.28125,0.0,42473472.0,150.6396484375,4771.889855025,-15.839666366577148,42473472.0,0.0,0.0
0.0,,28770.02893549677,0.0,9.998057066695765e-06,0.1494140625,149.771484375,-1829.65625,0.08875147253274918,1773550426.542278,131.724609375,938.2373046875,6992.44189453125,0.0,42727424.0,131.724609375,4794.955707429,-15.8155517578125,42727424.0,0.0,0.0
0.0,"{'_type': 'html-file', 'sha256': '39df2adde5204baadc75094a028d2977c542e9614c73d0d56023e9493f124c34', 'path': 'media/html/render_42981376_39df2adde5204baadc75.html', 'size': 3872565.0}",28736.770847597938,0.0,4.694354913681309e-07,0.1337890625,131.86328125,-2017.10693359375,0.09633354842662811,1773550498.9046013,120.255859375,957.25390625,7206.728515625,0.0,42981376.0,120.255859375,4844.251600961,-15.836845397949219,42981376.0,0.0,0.0
0.0,,28818.584589910497,0.0,1.2593868632393423e-05,0.1796875,176.85546875,-1856.73095703125,0.10235191136598587,1773550499.115083,154.9658203125,920.923828125,6594.18212890625,0.0,43235328.0,154.9658203125,4867.603584304,-15.787012100219727,43235328.0,0.0,0.0
0.0,,28601.305580436037,0.0,1.1448555596871302e-05,0.1611328125,160.9560546875,-1792.5618896484375,0.09892259538173676,1773550522.2558959,114.0107421875,916.189453125,6697.76953125,0.0,43489280.0,114.0107421875,4890.602854841,-15.772677421569824,43489280.0,0.0,0.0
0.0,,28747.6173757886,0.0,-1.8272645320394076e-05,0.1474609375,138.6455078125,-1773.56591796875,0.09047015756368637,1773550545.2550275,128.39453125,905.865234375,6587.65625,0.0,43743232.0,128.39453125,4913.675360675,-15.95659065246582,43743232.0,0.0,0.0
0.0,,28742.77750204537,0.0,-8.704572974238545e-05,0.16796875,161.9033203125,-2036.7767333984375,0.0945812240242958,1773550568.3276703,150.1767578125,936.978515625,7033.6220703125,0.0,43997184.0,150.1767578125,4936.660628301,-15.87491512298584,43997184.0,0.0,0.0
0.0,"{'sha256': '630792b8e78ba06d74a52135102680faa5b4289101d9239d78097108786f492e', 'path': 'media/html/render_44251136_630792b8e78ba06d74a5.html', 'size': 3853465.0, '_type': 'html-file'}",28784.644795654112,0.0,6.027913332218304e-05,0.158203125,146.4375,-1992.941650390625,0.0898415669798851,1773550642.0963514,137.388671875,934.798828125,7113.255859375,0.0,44251136.0,137.388671875,4987.443314487,-15.768146514892578,44251136.0,0.0,0.0
0.0,,28772.62852286128,0.0,7.248567726492183e-06,0.1435546875,142.74609375,-2052.467529296875,0.09178917109966278,1773550642.3015175,119.8740234375,910.31640625,6491.3349609375,0.0,44505088.0,119.8740234375,5010.697101842,-15.703989028930664,44505088.0,0.0,0.0
0.0,,28684.825101594433,0.0,-1.1030838322767522e-05,0.1396484375,142.8701171875,-1975.808837890625,0.09344684332609177,1773550665.3495092,118.8759765625,938.91015625,7006.21875,0.0,44759040.0,118.8759765625,5033.76637369,-15.599181175231934,44759040.0,0.0,0.0
0.0,,28738.388969701646,0.0,8.11096379038645e-06,0.1728515625,171.3115234375,-1769.695068359375,0.0897803083062172,1773550688.4186978,137.0849609375,809.0556640625,5634.138671875,0.0,45012992.0,137.0849609375,5056.782112578,-15.795610427856445,45012992.0,0.0,0.0
0.0,,28732.83911286832,0.0,1.6653015336487442e-05,0.1787109375,164.7578125,-1694.6585693359375,0.09671030193567276,1773550711.4345448,145.1103515625,871.76953125,6410.8466796875,0.0,45266944.0,145.1103515625,5079.842941568,-15.701746940612793,45266944.0,0.0,0.0
0.0,"{'_type': 'html-file', 'sha256': 'bbbf659670427c9e32276e28af1cb339282881eaae101cb127de9022c16115b1', 'path': 'media/html/render_45520896_bbbf659670427c9e3227.html', 'size': 3862137.0}",28746.564550975625,0.0,7.64013111620443e-06,0.13671875,105.12890625,-1640.26708984375,0.09649986773729324,1773550783.5238812,91.2314453125,865.4443359375,6579.73291015625,0.0,45520896.0,91.2314453125,5128.870957744,-15.740438461303711,45520896.0,0.0,0.0
0.0,,28784.458884561565,0.0,-2.4963976102299057e-05,0.1650390625,148.3828125,-1764.797607421875,0.09902912378311157,1773550783.7433054,125.1240234375,895.544921875,6367.8896484375,0.0,45774848.0,125.1240234375,5152.215207724,-15.809785842895508,45774848.0,0.0,0.0
0.0,,28613.826357108675,0.0,-1.3040759085924947e-06,0.1455078125,118.2822265625,-1620.655029296875,0.09053480625152588,1773550806.867436,109.1201171875,774.533203125,5709.01806640625,0.0,46028800.0,109.1201171875,5175.22349487,-15.800209999084473,46028800.0,0.0,0.0
0.0,,28747.011429612267,0.0,1.557969517307356e-05,0.162109375,154.4296875,-1478.6669921875,0.09413962811231613,1773550829.87578,140.15625,688.162109375,4875.26513671875,0.0,46282752.0,140.15625,5198.305777291,-15.740272521972656,46282752.0,0.0,0.0
0.0,,28754.51734266996,0.0,8.970046110334806e-06,0.1640625,164.501953125,-1861.583984375,0.09521882981061935,1773550852.9581954,126.6220703125,917.296875,6577.5927734375,0.0,46536704.0,126.6220703125,5221.31003319,-15.72638988494873,46536704.0,0.0,0.0
0.0,"{'_type': 'html-file', 'sha256': 'c7d9848ad40019ba4c10233eee49afa36b0c4242d9a958afad09bda241329dcc', 'path': 'media/html/render_46790656_c7d9848ad40019ba4c10.html', 'size': 3859549.0}",28772.378258142246,0.0,8.2560636656126e-06,0.169921875,172.25390625,-1931.21533203125,0.08590847998857498,1773550926.657308,150.5908203125,937.6767578125,6872.37109375,0.0,46790656.0,150.5908203125,5272.004286387,-15.823487281799316,46790656.0,0.0,0.0
0.0,,28779.497734768574,0.0,1.766943455550063e-06,0.173828125,167.8359375,-1715.7222900390625,0.08283473551273346,1773550926.8639274,145.40625,895.169921875,6648.5185546875,0.0,47044608.0,145.40625,5295.25959296,-15.883756637573242,47044608.0,0.0,0.0
0.0,,28673.643034546058,0.0,3.3796798106777715e-06,0.1650390625,156.96484375,-1849.244140625,0.089765764772892,1773550949.9120393,145.3310546875,915.6318359375,6910.79296875,0.0,47298560.0,145.3310546875,5318.349754239,-15.858449935913086,47298560.0,0.0,0.0
0.0,,28712.30879407277,0.0,-1.5339786614276818e-06,0.1474609375,139.716796875,-1755.8525390625,0.10246028006076813,1773550973.0021062,122.5390625,895.5009765625,6539.4794921875,0.0,47552512.0,122.5390625,5341.355011262,-15.705713272094727,47552512.0,0.0,0.0
0.0,,28742.710799352488,0.0,1.158118357125204e-05,0.1474609375,148.5263671875,-1793.5272216796875,0.09699136763811111,1773550996.007452,128.15234375,961.4140625,7405.423828125,0.0,47806464.0,128.15234375,5364.406267427,-15.754251480102539,47806464.0,0.0,0.0
0.0,"{'_type': 'html-file', 'sha256': 'dbe7e7140a2b3f1daf066c52608ab76825092b7e09ddae58fabe8360fd8bb5b1', 'path': 'media/html/render_48060416_dbe7e7140a2b3f1daf06.html', 'size': 3854621.0}",28763.980593211792,0.0,-2.29016241064528e-05,0.1552734375,151.7197265625,-1902.314453125,0.10093269497156143,1773551068.11645,130.4013671875,949.3984375,7125.83056640625,0.0,48060416.0,130.4013671875,5413.463427102,-15.706981658935547,48060416.0,0.0,0.0
0.0,,28699.154220679844,0.0,1.9609839000622742e-05,0.1806640625,173.603515625,-1976.120849609375,0.09793541580438614,1773551068.3273842,156.0908203125,939.4560546875,6852.3583984375,0.0,48314368.0,156.0908203125,5436.787572499,-15.632991790771484,48314368.0,0.0,0.0
0.0,,28620.186214480258,0.0,-3.664233008748852e-05,0.173828125,164.080078125,-1746.2694091796875,0.09282615780830383,1773551091.4400494,141.0615234375,827.3916015625,5857.875,0.0,48568320.0,141.0615234375,5459.764555296,-15.637639045715332,48568320.0,0.0,0.0
0.0,,28826.883885766663,0.0,2.5063520297408104e-05,0.1474609375,156.162109375,-1864.4493408203125,0.08988890051841736,1773551114.4164402,122.568359375,853.7060546875,6359.6640625,0.0,48822272.0,122.568359375,5482.832833695,-15.67679214477539,48822272.0,0.0,0.0
0.0,,28759.524239174705,0.0,1.7111800843849778e-05,0.1337890625,135.1728515625,-1847.633544921875,0.09685658663511276,1773551137.4852593,108.986328125,899.1396484375,6763.22998046875,0.0,49076224.0,108.986328125,5505.841452284,-15.642979621887207,49076224.0,0.0,0.0
0.0,"{'size': 3862201.0, '_type': 'html-file', 'sha256': 'c0f56af7a16634f49087a418f4c30ae9e6d3f567cefaf4c0a51473475ab5dfa4', 'path': 'media/html/render_49330176_c0f56af7a16634f49087.html'}",28734.39167845508,0.0,-2.7935537218581885e-05,0.150390625,146.7587890625,-1467.0313720703125,0.09439902007579803,1773551211.4799862,102.1923828125,621.921875,4161.9248046875,0.0,49330176.0,102.1923828125,5556.827069327,-15.676237106323242,49330176.0,0.0,0.0
0.0,,28707.273447971227,0.0,2.1331590687623248e-05,0.154296875,148.3701171875,-1699.3040771484375,0.09735361486673355,1773551211.6920452,138.8544921875,850.8916015625,6456.3837890625,0.0,49584128.0,138.8544921875,5580.094338292,-15.595231056213379,49584128.0,0.0,0.0
0.0,,28667.635918251563,0.0,-6.564946670550853e-05,0.1572265625,153.9658203125,-2086.011474609375,0.10100537538528442,1773551234.7468195,137.5107421875,879.3623046875,6488.33642578125,0.0,49838080.0,137.5107421875,5603.130439639,-15.706500053405762,49838080.0,0.0,0.0
0.0,,28767.09495819846,0.0,4.839781831833534e-05,0.1103515625,111.109375,-1831.238525390625,0.0978316217660904,1773551257.782777,92.5810546875,930.4560546875,7408.6494140625,0.0,50092032.0,92.5810546875,5626.112883594,-15.647004127502441,50092032.0,0.0,0.0
0.0,,28779.79478009509,0.0,-1.5284313121810555e-05,0.140625,139.7119140625,-1862.084228515625,0.09631981700658798,1773551280.7653544,123.7607421875,924.990234375,6890.111328125,0.0,50345984.0,123.7607421875,5649.166389683,-15.538274765014648,50345984.0,0.0,0.0
0.0,"{'sha256': '4af0e8ecfc7893d48fda53fb49ac671270f230b8c487f57942e6cee40b996517', 'path': 'media/html/render_50599936_4af0e8ecfc7893d48fda.html', 'size': 3871593.0, '_type': 'html-file'}",28755.312242830198,0.0,1.6613383195362985e-05,0.1826171875,179.7607421875,-1921.7490234375,0.09101163595914841,1773551352.7020996,166.15234375,934.78125,7009.84716796875,0.0,50599936.0,166.15234375,5698.049098,-15.721561431884766,50599936.0,0.0,0.0
0.0,,28703.02569230853,0.0,2.8695558285107836e-05,0.1640625,155.3232421875,-1859.758544921875,0.09100813418626785,1773551352.9081624,148.6904296875,937.123046875,6973.4931640625,0.0,50853888.0,148.6904296875,5721.344000316,-15.711812973022461,50853888.0,0.0,0.0
0.0,,28628.505501614123,0.0,3.7936335957056144e-06,0.173828125,174.5029296875,-1709.11767578125,0.08977790921926498,1773551375.996446,153.689453125,877.669921875,6419.65966796875,0.0,51107840.0,153.689453125,5744.345234479,-15.72279167175293,51107840.0,0.0,0.0
0.0,,28720.380484250938,0.0,8.827279089018703e-06,0.1484375,138.5537109375,-1553.57080078125,0.08615539968013763,1773551398.9977617,119.2822265625,781.5458984375,5896.017578125,0.0,51361792.0,119.2822265625,5767.412428456,-15.703004837036133,51361792.0,0.0,0.0
0.0,,28751.99165279997,0.0,-8.593376151111443e-06,0.138671875,135.2421875,-1689.147705078125,0.0907672867178917,1773551422.0648115,110.5107421875,860.7451171875,6394.6708984375,0.0,51615744.0,110.5107421875,5768.259403029,-15.59472942352295,51615744.0,0.0,0.0
