eval/episode_reward_ctrl,_step,eval/episode_reward_survive,step,training/entropy,eval/episode_success_any,_timestamp,training/actor_loss,eval/episode_reward_near,training/alpha_loss,render,training/log_alpha,training/sps,eval/episode_dist,training/critic_loss,eval/episode_success_easy,_runtime,eval/episode_success_hard,eval/episode_reward,eval/episode_success,eval/episode_reward_dist
,0.0,,,,,1774215148.662533,,,,"{'_type': 'html-file', 'sha256': '20590a5cc69f7c4b8a516bac57fd2a85d6230775736087d88a3735180f371fc5', 'path': 'media/html/render_0_20590a5cc69f7c4b8a51.html', 'size': 4051181.0}",,,,,,46.051642541,,,,
,1.0,,,,,1774215199.0555134,,,,"{'_type': 'html-file', 'sha256': '576d365da21f2985397f9a9c1dceef0a16821e3b26fe657c7218ecb9f124a68a', 'path': 'media/html/render_1_576d365da21f2985397f.html', 'size': 3965533.0}",,,,,,96.444597384,,,,
-2637.94482421875,1333248.0,775.76953125,1333248.0,0.0,0.005859375,1774215199.234893,-0.17757654190063477,0.0,0.0,,0.0,14392.425467095973,2696.96142578125,0.002580925589427352,17.9130859375,105.27825571,0.0,1.34375,1.34375,0.0
-1762.590576171875,1587200.0,566.7080078125,1587200.0,0.0,0.001953125,1774215207.8887827,-0.11666510254144669,0.0,0.0,,0.0,45237.889310303384,1967.188232421875,0.0017250183736905456,12.494140625,113.923311558,0.0,0.1005859375,0.1005859375,0.0
-2476.79052734375,1841152.0,721.90625,1841152.0,0.0,0.0,1774215216.5332828,-0.09004021435976028,0.0,0.0,,0.0,45010.54044744408,2492.9921875,0.004226767923682928,10.1689453125,122.59982936,0.0,0.0,0.0,0.0
-2078.84130859375,2095104.0,594.384765625,2095104.0,0.0,0.0,1774215225.2103312,-0.07092517614364624,0.0,0.0,,0.0,44939.43152544787,2018.8857421875,0.007217364385724068,9.6201171875,131.250019939,0.0,0.0,0.0,0.0
-2237.5859375,2349056.0,605.6640625,2349056.0,0.0,0.0,1774215262.0546556,-0.06602295488119125,0.0,0.0,"{'path': 'media/html/render_2349056_155ac379f0ba6c004b23.html', 'size': 3933393.0, '_type': 'html-file', 'sha256': '155ac379f0ba6c004b2347328db5612c5bfe73927d681c25d64931a8cdbe8493'}",0.0,45113.4485659315,2046.3741455078125,0.006412952672690153,4.97265625,159.443766192,0.0,0.0,0.0,0.0
-2894.5673828125,2603008.0,782.2880859375,2603008.0,0.0,0.0,1774215262.2528195,-0.07374508678913116,0.0,0.0,,0.0,45174.75937620051,2675.0205078125,0.007490900345146656,8.3662109375,168.340181409,0.0,0.0,0.0,0.0
-1856.604248046875,2856960.0,504.947265625,2856960.0,0.0,0.0,1774215270.950435,-0.0642150491476059,0.0,0.0,,0.0,44778.278838427905,1638.2724609375,0.0069697401486337185,8.2919921875,176.964529378,0.0,0.0,0.0,0.0
-2311.50732421875,3110912.0,626.3583984375,3110912.0,0.0,0.0,1774215279.5748794,-0.07183520495891571,0.0,0.0,,0.0,45123.791835885,2095.697265625,0.009150093421339989,8.423828125,185.616751971,0.0,0.0,0.0,0.0
-2522.73779296875,3364864.0,678.822265625,3364864.0,0.0,0.0009765625,1774215288.2271562,-0.05919456481933594,0.0,0.0,,0.0,45125.34794129813,2377.780029296875,0.009168258868157864,5.6181640625,194.239193724,0.0,0.9033203125,0.9033203125,0.0
-2762.3642578125,3618816.0,748.7041015625,3618816.0,0.0,0.0,1774215325.4746432,-0.05071159824728966,0.0,0.0,"{'_type': 'html-file', 'sha256': '4f246faf752fc3bfdf793cd0fd6545a7c7e2d851eeb9ab5abaa08a407b881fd5', 'path': 'media/html/render_3618816_4f246faf752fc3bfdf79.html', 'size': 3911505.0}",0.0,45078.097115946424,2596.660888671875,0.008637956343591213,2.14453125,222.863756423,0.0,0.0,0.0,0.0
-2787.66845703125,3872768.0,738.6806640625,3872768.0,0.0,0.0009765625,1774215325.6362762,-0.046739380806684494,0.0,0.0,,0.0,45097.0947813378,2561.2392578125,0.010962900705635548,6.515625,231.664741517,0.0,0.873046875,0.873046875,0.0
-2625.509765625,4126720.0,699.7919921875,4126720.0,0.0,0.0,1774215334.2751844,-0.021556004881858826,0.0,0.0,,0.0,44959.4700438725,2400.86572265625,0.007862078957259655,5.4541015625,240.320840302,0.0,0.0,0.0,0.0
-2138.20068359375,4380672.0,559.220703125,4380672.0,0.0,0.0,1774215342.9313602,-0.011090846732258797,0.0,0.0,,0.0,45066.53535098821,1929.596923828125,0.007387666031718254,4.798828125,248.93498314,0.0,0.0,0.0,0.0
-1806.830078125,4634624.0,469.2724609375,4634624.0,0.0,0.0,1774215351.5453944,0.00017513212515041232,0.0,0.0,,0.0,45128.82184635298,1594.1383056640625,0.00531382579356432,13.0126953125,257.57443736,0.0,0.0,0.0,0.0
-1878.560546875,4888576.0,491.013671875,4888576.0,0.0,0.0,1774215388.5266678,0.012535440735518932,0.0,0.0,"{'_type': 'html-file', 'sha256': '56e0586db2abc629340af83f6e1a1a8d7d414254419651e7d131419f398d3ee5', 'path': 'media/html/render_4888576_56e0586db2abc629340a.html', 'size': 4023349.0}",0.0,45163.92163205328,1762.79248046875,0.005116892512887716,3.6220703125,285.915775745,0.0,0.0,0.0,0.0
-1632.844970703125,5142528.0,434.1318359375,5142528.0,0.0,0.0,1774215388.7124007,0.02085639163851738,0.0,0.0,,0.0,45187.4234058517,1541.724365234375,0.002348347334191203,3.1796875,294.769638464,0.0,0.0,0.0,0.0
-1689.862060546875,5396480.0,449.619140625,5396480.0,0.0,0.0,1774215397.3800051,0.022679578512907028,0.0,0.0,,0.0,44987.442665894145,1594.13720703125,0.0017579923151060939,1.6220703125,303.383260372,0.0,0.0,0.0,0.0
-2438.67333984375,5650432.0,637.8525390625,5650432.0,0.0,0.0,1774215405.9935677,0.002376897493377328,0.0,0.0,,0.0,45142.51045092929,2237.25341796875,0.0025682260747998953,7.0224609375,312.030655712,0.0,0.0,0.0,0.0
-2463.849609375,5904384.0,647.046875,5904384.0,0.0,0.0,1774215414.6410353,0.0006862946902401745,0.0,0.0,,0.0,45108.36085184796,2209.892333984375,0.0029125406872481108,2.05859375,320.631663368,0.0,0.0,0.0,0.0
-2438.531005859375,6158336.0,630.2353515625,6158336.0,0.0,0.0009765625,1774215451.0979886,-0.0005623180186375976,0.0,0.0,"{'_type': 'html-file', 'sha256': '6f28f5137d0d6b6012433a2228dcea0cdc9a115a1232f878da1e19af43a42283', 'path': 'media/html/render_6158336_6f28f5137d0d6b601243.html', 'size': 4037541.0}",0.0,45238.946044981065,2199.673828125,0.002350040478631854,3.162109375,348.487146375,0.0,0.03125,0.03125,0.0
-1956.5003662109375,6412288.0,508.326171875,6412288.0,0.0,0.0009765625,1774215451.275032,0.009185072965919971,0.0,0.0,,0.0,45039.247032907704,1753.850341796875,0.001522997161373496,6.701171875,357.276084827,0.0,0.0078125,0.0078125,0.0
-2101.727783203125,6666240.0,542.9990234375,6666240.0,0.0,0.0,1774215459.886426,0.0145445317029953,0.0,0.0,,0.0,45181.552377443004,1890.065673828125,0.00105477764736861,3.33203125,365.953190535,0.0,0.0,0.0,0.0
-2460.09765625,6920192.0,628.166015625,6920192.0,0.0,0.0,1774215468.5636215,0.01712695322930813,0.0,0.0,,0.0,44868.01583206506,2271.62646484375,0.0007610383327119052,4.84765625,374.565062421,0.0,0.0,0.0,0.0
-2780.23486328125,7174144.0,719.59375,7174144.0,0.0,0.0,1774215477.1754453,0.021790405735373497,0.0,0.0,,0.0,45183.2063848468,2560.493896484375,0.0005419108783826232,3.9755859375,383.205566356,0.0,0.0,0.0,0.0
-2766.710693359375,7428096.0,713.26953125,7428096.0,0.0,0.0,1774215514.7848322,0.029697727411985397,0.0,0.0,"{'path': 'media/html/render_7428096_3b7babc1279ff0732a41.html', 'size': 4081881.0, '_type': 'html-file', 'sha256': '3b7babc1279ff0732a41917e8c1a71ca5522459c7119f90d67bfa7ea568c3714'}",0.0,45152.694786722306,2411.8359375,0.0006283094990067184,9.4853515625,412.173922476,0.0,0.0,0.0,0.0
-2649.10791015625,7682048.0,674.2236328125,7682048.0,0.0,0.0,1774215514.9893804,0.028932612389326096,0.0,0.0,,0.0,45302.77778745139,2247.60986328125,0.0007103640236891806,6.5341796875,421.062677123,0.0,0.0,0.0,0.0
-3245.58154296875,7936000.0,824.4765625,7936000.0,0.0,0.0,1774215523.6731408,0.0272139310836792,0.0,0.0,,0.0,44878.6344838785,2862.568603515625,0.0011863586260005832,4.9423828125,429.66014517,0.0,0.0,0.0,0.0
-1893.19873046875,8189952.0,482.2841796875,8189952.0,0.0,0.001953125,1774215532.270433,0.03176423907279968,0.0,0.0,,0.0,45216.66708514774,1628.50439453125,0.0011125056771561503,10.7998046875,438.313252898,0.0,0.0732421875,0.0732421875,0.0
-2710.25927734375,8443904.0,688.3310546875,8443904.0,0.0,0.0,1774215540.9235516,0.02726876549422741,0.0,0.0,,0.0,45049.6934861765,2438.90234375,0.0012440357822924852,3.1162109375,446.913818782,0.0,0.0,0.0,0.0
-2898.94921875,8697856.0,733.748046875,8697856.0,0.0,0.0,1774215578.4485512,0.027074143290519714,0.0,0.0,"{'size': 3887737.0, '_type': 'html-file', 'sha256': '847e3c416972ece456533612642b7f34c9cad10aed40cfbc041648792ce3a982', 'path': 'media/html/render_8697856_847e3c416972ece45653.html'}",0.0,45216.168023602106,2550.5302734375,0.0014394547324627638,7.3115234375,475.837696395,0.0,0.0,0.0,0.0
-2726.03955078125,8951808.0,693.287109375,8951808.0,0.0,0.0,1774215578.6485624,0.03895176947116852,0.0,0.0,,0.0,45118.1494643905,2451.31201171875,0.001364434603601694,5.5556640625,484.655658006,0.0,0.0,0.0,0.0
-2272.700927734375,9205760.0,575.390625,9205760.0,0.0,0.0009765625,1774215587.2657719,0.03970088064670563,0.0,0.0,,0.0,45147.688157970806,2063.064453125,0.0018517804564908147,4.7900390625,493.303303492,0.0,0.0009765625,0.0009765625,0.0
-3171.03466796875,9459712.0,802.0859375,9459712.0,0.0,0.0,1774215595.9136536,0.05090812221169472,0.0,0.0,,0.0,45104.376309105464,2810.939453125,0.0010604439303278923,5.6875,501.899595481,0.0,0.0,0.0,0.0
-2999.82568359375,9713664.0,759.388671875,9713664.0,0.0,0.0,1774215604.509932,0.0406755767762661,0.0,0.0,,0.0,45298.33500720481,2605.2646484375,0.001729374285787344,11.7578125,510.555090425,0.0,0.0,0.0,0.0
-2403.157958984375,9967616.0,609.3115234375,9967616.0,0.0,0.0009765625,1774215641.0051901,0.0475694015622139,0.0,0.0,"{'path': 'media/html/render_9967616_05f27edf29db2adf26b5.html', 'size': 3986345.0, '_type': 'html-file', 'sha256': '05f27edf29db2adf26b574a2e20cd798bb14ae3281780b4b25776434913d791e'}",0.0,45060.27059753921,2103.618408203125,0.001658690976910293,4.2861328125,538.394272392,0.0,0.1396484375,0.1396484375,0.0
-2499.826904296875,10221568.0,630.8369140625,10221568.0,0.0,0.0009765625,1774215641.1807792,0.04941825568675995,0.0,0.0,,0.0,45308.73625700181,2216.85986328125,0.00226549687795341,5.83984375,547.274545166,0.0,0.953125,0.953125,0.0
-2621.680908203125,10475520.0,660.7529296875,10475520.0,0.0,0.0009765625,1774215649.8848922,0.057694848626852036,0.0,0.0,,0.0,44713.90703973597,2334.9287109375,0.0017228171927854419,4.8232421875,555.882653005,0.0,0.015625,0.015625,0.0
-2325.89453125,10729472.0,586.29296875,10729472.0,0.0,0.0,1774215658.493178,0.05933603271842003,0.0,0.0,,0.0,45141.481173982414,1988.9178466796875,0.0018264399841427803,6.2275390625,564.594603996,0.0,0.0,0.0,0.0
-2788.063720703125,10983424.0,702.3388671875,10983424.0,0.0,0.0,1774215667.2044811,0.07032638788223267,0.0,0.0,,0.0,44888.99520548537,2433.479248046875,0.001216801698319614,2.208984375,573.204445437,0.0,0.0,0.0,0.0
-2423.095703125,11237376.0,609.7978515625,11237376.0,0.0,0.0,1774215705.248909,0.07397270947694778,0.0,0.0,"{'path': 'media/html/render_11237376_2f67594bdd43cdab01e3.html', 'size': 4049045.0, '_type': 'html-file', 'sha256': '2f67594bdd43cdab01e3647515ee100302a5fc902168bd49e78930bd3883daa8'}",0.0,45130.8219264181,2166.9970703125,0.001366271753795445,1.0009765625,602.638043048,0.0,0.0,0.0,0.0
-2597.85302734375,11491328.0,653.6337890625,11491328.0,0.0,0.0,1774215705.4537024,0.0817008689045906,0.0,0.0,,0.0,44899.49319739003,2267.388916015625,0.0013435654109343886,4.794921875,611.503867755,0.0,0.0,0.0,0.0
-2868.074462890625,11745280.0,721.6796875,11745280.0,0.0,0.0,1774215714.1141531,0.07586447149515152,0.0,0.0,,0.0,44866.7363374259,2556.2978515625,0.001753112650476396,3.7685546875,620.174438781,0.0,0.0,0.0,0.0
-3130.99853515625,11999232.0,787.029296875,11999232.0,0.0,0.0,1774215722.7847025,0.0665997862815857,0.0,0.0,,0.0,44910.8141248782,2812.93994140625,0.0022022423800081015,1.2236328125,628.786188218,0.0,0.0,0.0,0.0
-2980.09375,12253184.0,748.5302734375,12253184.0,0.0,0.0,1774215731.3964512,0.07319682836532593,0.0,0.0,,0.0,45153.2115891469,2583.3720703125,0.0015026575420051813,0.75,637.455150806,0.0,0.0,0.0,0.0
-3053.869873046875,12507136.0,766.982421875,12507136.0,0.0,0.0,1774215768.3461163,0.062307823449373245,0.0,0.0,"{'size': 4007441.0, '_type': 'html-file', 'sha256': 'acf68567b9658a491af5e9fe5edbf4a9ade4e7464d492bcc582eb888e071bf1d', 'path': 'media/html/render_12507136_acf68567b9658a491af5.html'}",0.0,44950.41787199955,2703.62158203125,0.002768909791484475,0.814453125,665.735223904,0.0,0.0,0.0,0.0
-2320.556640625,12761088.0,584.5078125,12761088.0,0.0,0.0009765625,1774215768.5449433,0.07150484621524811,0.0,0.0,,0.0,45068.97804725983,2026.528564453125,0.002031143521890044,2.9072265625,674.629442432,0.0,0.8720703125,0.8720703125,0.0
-3109.69970703125,13015040.0,783.0224609375,13015040.0,0.0,0.0,1774215777.239711,0.0779917761683464,0.0,0.0,,0.0,44753.464974966424,2754.083984375,0.0016314800595864654,0.9130859375,683.255316563,0.0,0.0,0.0,0.0
-2347.35546875,13268992.0,589.5478515625,13268992.0,0.0,0.0,1774215785.8656688,0.08103525638580322,0.0,0.0,,0.0,45059.42424585722,2035.8299560546875,0.0014618376735597849,0.8681640625,691.935870529,0.0,0.0,0.0,0.0
-3112.24462890625,13522944.0,785.5537109375,13522944.0,0.0,0.0,1774215794.5461712,0.0649784728884697,0.0,0.0,,0.0,44845.011192729085,2765.137939453125,0.002397416392341256,0.0,700.565748373,0.0,0.0,0.0,0.0
-3034.774169921875,13776896.0,762.8125,13776896.0,0.0,0.0,1774215831.3427436,0.07595757395029068,0.0,0.0,"{'_type': 'html-file', 'sha256': '188ba25713561981cb3a5c2b1221c23d312e5dc77fb79b5ca45dc6e609d04c1a', 'path': 'media/html/render_13776896_188ba25713561981cb3a.html', 'size': 3935489.0}",0.0,44971.10414443148,2639.224365234375,0.0029673005919903517,1.8388671875,728.731852601,0.0,0.0,0.0,0.0
-2671.65625,14030848.0,673.8427734375,14030848.0,0.0,0.0,1774215831.572375,0.08615660667419434,0.0,0.0,,0.0,44810.2845092743,2315.481201171875,0.0021374698262661695,8.142578125,737.618216636,0.0,0.0,0.0,0.0
-2935.400634765625,14284800.0,740.2431640625,14284800.0,0.0,0.0,1774215840.228532,0.09085541218519211,0.0,0.0,,0.0,44846.52169487427,2508.8984375,0.002615962643176317,1.1669921875,746.288782395,0.0,0.0,0.0,0.0
-3075.274658203125,14538752.0,773.330078125,14538752.0,0.0,0.0,1774215848.8986337,0.10143037885427475,0.0,0.0,,0.0,44939.433421470974,2686.432861328125,0.0020781904458999634,3.693359375,754.929138447,0.0,0.0,0.0,0.0
-3117.50048828125,14792704.0,784.58203125,14792704.0,0.0,0.0,1774215857.539485,0.10857082158327103,0.0,0.0,,0.0,44927.85360045608,2735.904296875,0.0015345800202339888,3.203125,763.601319846,0.0,0.0,0.0,0.0
-2951.44091796875,15046656.0,742.134765625,15046656.0,0.0,0.0009765625,1774215894.4111233,0.10606195777654648,0.0,0.0,"{'_type': 'html-file', 'sha256': 'b66747d172d8308f3cdb78002597e1b3d1112161e3f8349501aa093d622e9a8f', 'path': 'media/html/render_15046656_b66747d172d8308f3cdb.html', 'size': 3923957.0}",0.0,44901.62064181782,2553.519775390625,0.002049163682386279,3.408203125,791.80018865,0.0,0.720703125,0.720703125,0.0
-2733.890869140625,15300608.0,686.3671875,15300608.0,0.0,0.0,1774215894.597881,0.12039390951395035,0.0,0.0,,0.0,44907.477833646706,2349.728515625,0.001172765507362783,5.9873046875,800.706411297,0.0,0.0,0.0,0.0
-2508.3369140625,15554560.0,630.587890625,15554560.0,0.0,0.0,1774215903.316656,0.1085919588804245,0.0,0.0,,0.0,44599.90916348447,2192.947021484375,0.0013040832709521055,4.08984375,809.340663335,0.0,0.0,0.0,0.0
-2258.880859375,15808512.0,566.83984375,15808512.0,0.0,0.0,1774215911.950998,0.10138706117868423,0.0,0.0,,0.0,44997.11423362043,2082.49609375,0.001474237535148859,2.673828125,818.028463499,0.0,0.0,0.0,0.0
-2901.537109375,16062464.0,727.6005859375,16062464.0,0.0,0.0,1774215920.6387677,0.09246332198381424,0.0,0.0,,0.0,44798.23415856456,2673.47314453125,0.0014046522555872798,0.0,826.670812,0.0,0.0,0.0,0.0
-2990.64013671875,16316416.0,749.861328125,16316416.0,0.0,0.0,1774215958.6479023,0.08436618745326996,0.0,0.0,"{'_type': 'html-file', 'sha256': 'c3139c46c7639662a2d2bea0964e1f9df6c8a78d4b79abf578a635b10bb8fd52', 'path': 'media/html/render_16316416_c3139c46c7639662a2d2.html', 'size': 3997165.0}",0.0,44957.849454297975,2578.7490234375,0.0015757037326693535,7.1728515625,856.037009376,0.0,0.0,0.0,0.0
-2354.7724609375,16570368.0,590.2900390625,16570368.0,0.0,0.0,1774215958.8380446,0.07952148467302322,0.0,0.0,,0.0,44806.02449543096,2006.645751953125,0.0016505299136042595,4.6083984375,864.900903407,0.0,0.0,0.0,0.0
-2415.059326171875,16824320.0,606.150390625,16824320.0,0.0,0.0,1774215967.511202,0.07234805822372437,0.0,0.0,,0.0,44733.16438261182,2112.67626953125,0.0018756650388240814,2.8232421875,873.594195372,0.0,0.0,0.0,0.0
-3184.08447265625,17078272.0,797.4423828125,17078272.0,0.0,0.0,1774215976.2045412,0.07316004484891891,0.0,0.0,,0.0,44774.16230063837,2786.56201171875,0.00205608899705112,0.978515625,882.23673149,0.0,0.0,0.0,0.0
-2377.17822265625,17332224.0,596.3544921875,17332224.0,0.0,0.0,1774215984.847186,0.07782658189535141,0.0,0.0,,0.0,44932.3415180933,2030.361572265625,0.001310089137405157,4.494140625,890.925449047,0.0,0.0,0.0,0.0
-2172.261962890625,17586176.0,545.6279296875,17586176.0,0.0,0.0,1774216021.9016514,0.07623395323753357,0.0,0.0,"{'_type': 'html-file', 'sha256': '50183fe81ff1a748828da8fe1f0a1775188c4ffdd3744e674957e2ca853243ea', 'path': 'media/html/render_17586176_50183fe81ff1a748828d.html', 'size': 4014065.0}",0.0,44812.80131398482,1899.19189453125,0.0011464166454970837,4.5380859375,919.290786895,0.0,0.0,0.0,0.0
-2604.994873046875,17840128.0,653.01953125,17840128.0,0.0,0.001953125,1774216022.1071148,0.07873789221048355,0.0,0.0,,0.0,45105.996019127124,2300.873046875,0.0011779391206800938,4.5478515625,928.211551596,0.0,0.9072265625,0.9072265625,0.0
-2455.3515625,18094080.0,616.404296875,18094080.0,0.0,0.0,1774216030.8218057,0.09060554951429367,0.0,0.0,,0.0,44654.99687367364,2144.74560546875,0.0007881255587562919,3.607421875,936.837891347,0.0,0.0,0.0,0.0
-2649.271484375,18348032.0,664.2177734375,18348032.0,0.0,0.0,1774216039.4482262,0.08463715761899948,0.0,0.0,,0.0,45034.617778814485,2282.08349609375,0.0009672809974290431,1.1552734375,945.543499206,0.0,0.0,0.0,0.0
-2005.447509765625,18601984.0,503.087890625,18601984.0,0.0,0.0,1774216048.15379,0.07832321524620056,0.0,0.0,,0.0,44671.134572167546,1801.9732666015625,0.001222484395839274,3.8046875,954.165711841,0.0,0.0,0.0,0.0
-2608.772216796875,18855936.0,654.125,18855936.0,0.0,0.0,1774216085.232436,0.09007905423641205,0.0,0.0,"{'_type': 'html-file', 'sha256': 'fdd848d721324ea7efb3fd56899bfb43f8589ae61f45692a2f88a5b982c5dd28', 'path': 'media/html/render_18855936_fdd848d721324ea7efb3.html', 'size': 3955753.0}",0.0,45072.47951633674,2310.48779296875,0.0008341026841662824,7.1728515625,982.621497365,0.0,0.0,0.0,0.0
-2784.8203125,19109888.0,698.2900390625,19109888.0,0.0,0.0,1774216085.4130373,0.08818092942237854,0.0,0.0,,0.0,44953.00735815888,2479.56201171875,0.000919790065381676,3.9638671875,991.443936064,0.0,0.0,0.0,0.0
-3077.369873046875,19363840.0,771.736328125,19363840.0,0.0,0.001953125,1774216094.054352,0.09230520576238632,0.0,0.0,,0.0,44973.94857174874,2659.09619140625,0.00087666668696329,14.0244140625,1000.108718606,0.0,1.7958984375,1.7958984375,0.0
-2576.236328125,19617792.0,645.8837890625,19617792.0,0.0,0.0,1774216102.7190816,0.08139588683843613,0.0,0.0,,0.0,44958.55915947503,2237.48095703125,0.0012671039439737797,2.3857421875,1008.722967253,0.0,0.0,0.0,0.0
-3221.90087890625,19871744.0,807.65625,19871744.0,0.0,0.0,1774216111.33342,0.08552182465791702,0.0,0.0,,0.0,45092.61016376274,2821.715087890625,0.0008805078687146306,2.0283203125,1017.43487635,0.0,0.0,0.0,0.0
-3049.17919921875,20125696.0,765.3369140625,20125696.0,0.0,0.0,1774216148.8902586,0.08829084783792496,0.0,0.0,"{'_type': 'html-file', 'sha256': 'cd030987d15d48db3750f48bc1003c7faf71db3635763438b371c1c001ed3905', 'path': 'media/html/render_20125696_cd030987d15d48db3750.html', 'size': 4000449.0}",0.0,44659.92852445099,2635.74169921875,0.0008171343361027539,4.19921875,1046.279372075,0.0,0.0,0.0,0.0
-2371.72998046875,20379648.0,594.6669921875,20379648.0,0.0,0.0,1774216149.0954087,0.08928461372852325,0.0,0.0,,0.0,44958.420632373054,2178.457275390625,0.0006046373746357858,2.6484375,1055.205734279,0.0,0.0,0.0,0.0
-2862.89208984375,20633600.0,718.697265625,20633600.0,0.0,0.0,1774216157.815892,0.08714146912097931,0.0,0.0,,0.0,44616.784510423655,2542.20703125,0.0005775183672085404,1.697265625,1063.838355062,0.0,0.0,0.0,0.0
-2403.43896484375,20887552.0,603.55859375,20887552.0,0.0,0.0,1774216166.4485795,0.07988926768302917,0.0,0.0,,0.0,45019.753854747505,2096.9248046875,0.0008725497173145413,3.111328125,1072.52877023,0.0,0.0,0.0,0.0
-2203.927734375,21141504.0,553.1962890625,21141504.0,0.0,0.001953125,1774216175.1389387,0.06454285234212875,0.0,0.0,,0.0,44857.99728077169,1896.800048828125,0.0012070570373907685,7.64453125,1081.185566256,0.0,0.923828125,0.923828125,0.0
-2286.975341796875,21395456.0,573.412109375,21395456.0,0.0,0.0,1774216212.3779202,0.06023634597659111,0.0,0.0,"{'size': 3928181.0, '_type': 'html-file', 'sha256': 'b464f62d4dbd4b0506b72531459c9a1d845837bfd590df0c5e157fc61799326e', 'path': 'media/html/render_21395456_b464f62d4dbd4b0506b7.html'}",0.0,44819.037043479584,1997.625,0.0011651378590613604,1.1279296875,1109.767059922,0.0,0.0,0.0,0.0
-2200.454833984375,21649408.0,552.5771484375,21649408.0,0.0,0.001953125,1774216212.557931,0.05551580712199211,0.0,0.0,,0.0,44897.9128865275,1918.6773681640625,0.0010234876535832882,8.64453125,1118.64966213,0.0,0.9638671875,0.9638671875,0.0
-2343.420654296875,21903360.0,587.8701171875,21903360.0,0.0,0.0,1774216221.2599082,0.05356086045503616,0.0,0.0,,0.0,44535.3989379592,2049.219482421875,0.0013127835700288415,3.0400390625,1127.398120175,0.0,0.0,0.0,0.0
-2513.3779296875,22157312.0,631.14453125,22157312.0,0.0,0.0,1774216230.0085495,0.06633249670267105,0.0,0.0,,0.0,44339.8174187674,2202.74755859375,0.0006636996404267848,6.78125,1136.082380124,0.0,0.0,0.0,0.0
-1817.4686279296875,22411264.0,455.380859375,22411264.0,0.0,0.0,1774216238.6923432,0.06268489360809326,0.0,0.0,,0.0,44608.65069187155,1608.567138671875,0.0008120807469822466,2.8408203125,1144.78697905,0.0,0.0,0.0,0.0
-2652.3818359375,22665216.0,665.3623046875,22665216.0,0.0,0.0,1774216275.678692,0.07011967897415161,0.0,0.0,"{'_type': 'html-file', 'sha256': '0ebe56add0d709aab3700b1769584f6f963323991e42d6cc20a5aebae8dbf616', 'path': 'media/html/render_22665216_0ebe56add0d709aab370.html', 'size': 3986101.0}",0.0,44656.93457920572,2281.46240234375,0.0005049137980677187,3.583984375,1173.067779085,0.0,0.0,0.0,0.0
-2329.607666015625,22919168.0,585.708984375,22919168.0,0.0,0.0009765625,1774216275.870292,0.06724853068590164,0.0,0.0,,0.0,44840.26321429878,2040.740234375,0.0006827542092651129,5.59765625,1181.968999709,0.0,0.8935546875,0.8935546875,0.0
-2346.845458984375,23173120.0,589.125,23173120.0,0.0,0.0,1774216284.5793135,0.07137463986873627,0.0,0.0,,0.0,44684.36693076605,2066.642578125,0.0004734011017717421,2.775390625,1190.617759485,0.0,0.0,0.0,0.0
-2816.888427734375,23427072.0,706.7822265625,23427072.0,0.0,0.0,1774216293.227783,0.06745227426290512,0.0,0.0,,0.0,44884.17738562888,2468.07861328125,0.0007031592540442944,0.091796875,1199.314000656,0.0,0.0,0.0,0.0
-2285.06103515625,23681024.0,572.6025390625,23681024.0,0.0,0.0,1774216301.9243054,0.06385256350040436,0.0,0.0,,0.0,44700.9404495476,1996.141357421875,0.0006934070261195302,0.2255859375,1207.95167222,0.0,0.0,0.0,0.0
-2537.21240234375,23934976.0,635.7080078125,23934976.0,0.0,0.0,1774216338.499522,0.06442122161388397,0.0,0.0,"{'sha256': '2920356a894377326ab2274a0197396b88f26636a8d78a4c06958adcc32fe2f7', 'path': 'media/html/render_23934976_2920356a894377326ab2.html', 'size': 3902557.0, '_type': 'html-file'}",0.0,44968.531557792616,2196.37353515625,0.0006070381496101618,1.9375,1235.88866301,0.0,0.0,0.0,0.0
-1853.4227294921875,24188928.0,464.580078125,24188928.0,0.0,0.001953125,1774216338.7078085,0.06655050814151764,0.0,0.0,,0.0,44836.45423130737,1654.8682861328125,0.0010194984497502446,5.4150390625,1244.781075982,0.0,1.826171875,1.826171875,0.0
-2250.1875,24442880.0,564.1796875,24442880.0,0.0,0.0,1774216347.391422,0.07068230211734772,0.0,0.0,,0.0,44671.43432639778,2013.572998046875,0.0010089664719998837,0.103515625,1253.457734419,0.0,0.0,0.0,0.0
-2107.17578125,24696832.0,528.2109375,24696832.0,0.0,0.0,1774216356.0681713,0.06660889089107513,0.0,0.0,,0.0,44898.25922058716,1810.519775390625,0.0011601868318393826,0.0322265625,1262.094982425,0.0,0.0,0.0,0.0
-2095.11328125,24950784.0,525.54296875,24950784.0,0.0,0.0,1774216364.7054203,0.07258418947458267,0.0,0.0,,0.0,44995.60877634804,1860.7435302734375,0.0011238664155825973,3.7578125,1270.776760142,0.0,0.0,0.0,0.0
-1779.27587890625,25204736.0,446.3984375,25204736.0,0.0,0.0,1774216402.207677,0.06362905353307724,0.0,0.0,"{'sha256': 'a7221b8fba1c56b70d6b813c9673442ad80ae210fe8b05d3fe2ab4ea21691fbb', 'path': 'media/html/render_25204736_a7221b8fba1c56b70d6b.html', 'size': 4022193.0, '_type': 'html-file'}",0.0,44853.69608109133,1560.3243408203125,0.0012011355720460415,2.9189453125,1299.596797995,0.0,0.0,0.0,0.0
-2908.66015625,25458688.0,728.7392578125,25458688.0,0.0,0.0,1774216402.4139948,0.06368271261453629,0.0,0.0,,0.0,44898.16459326441,2573.66845703125,0.0011512694181874394,0.94140625,1308.515076108,0.0,0.0,0.0,0.0
-2526.66796875,25712640.0,633.79296875,25712640.0,0.0,0.0,1774216411.1255443,0.05837954208254814,0.0,0.0,,0.0,44659.98469986816,2168.4599609375,0.0016908081015571952,3.3603515625,1317.152179993,0.0,0.0,0.0,0.0
-1805.447998046875,25966592.0,453.0322265625,25966592.0,0.0,0.0,1774216419.7625742,0.04738137498497963,0.0,0.0,,0.0,44965.47711205762,1561.827392578125,0.0018687520641833544,6.345703125,1325.843959888,0.0,0.0,0.0,0.0
-2155.081787109375,26220544.0,540.189453125,26220544.0,0.0,0.0,1774216428.4543328,0.04052687808871269,0.0,0.0,,0.0,44791.42407367723,1918.6339111328125,0.0024010506458580494,1.1005859375,1334.472286869,0.0,0.0,0.0,0.0
-1865.27490234375,26474496.0,467.48828125,26474496.0,0.0,0.0,1774216465.6062753,0.05255969986319542,0.0,0.0,"{'sha256': '649c042aad76a5f8bbcfd8b566d476310d150507650842e3b3d90b73f2c1ad5b', 'path': 'media/html/render_26474496_649c042aad76a5f8bbcf.html', 'size': 3949237.0, '_type': 'html-file'}",0.0,45008.117394179346,1588.471435546875,0.001785082509741187,3.3505859375,1362.99533129,0.0,0.0,0.0,0.0
-1473.89697265625,26728448.0,369.9130859375,26728448.0,0.0,0.0,1774216465.8227563,0.05647159367799759,0.0,0.0,,0.0,44683.20473290847,1241.3671875,0.0013492784928530455,4.5966796875,1371.89543539,0.0,0.0,0.0,0.0
-1764.6920166015625,26982400.0,442.3896484375,26982400.0,0.0,0.0,1774216474.5058637,0.059696588665246964,0.0,0.0,,0.0,44646.80046115874,1532.123779296875,0.0011559007689356804,2.265625,1380.605739938,0.0,0.0,0.0,0.0
-1968.7967529296875,27236352.0,493.6416015625,27236352.0,0.0,0.0,1774216483.2157433,0.06594737619161606,0.0,0.0,,0.0,44654.100156728215,1712.6474609375,0.0007947302656248212,3.193359375,1389.223747097,0.0,0.0,0.0,0.0
-1515.575439453125,27490304.0,379.9921875,27490304.0,0.0,0.0,1774216491.8341966,0.06833823770284653,0.0,0.0,,0.0,45057.579156908054,1306.8612060546875,0.0005980505957268178,0.5341796875,1397.912587109,0.0,0.0,0.0,0.0
-1794.3046875,27744256.0,449.4677734375,27744256.0,0.0,0.0,1774216529.278344,0.06706279516220093,0.0,0.0,"{'_type': 'html-file', 'sha256': 'c19b74095d66aed11e060acd753aee794b07c01114efafdcb2cd84d245d6bf76', 'path': 'media/html/render_27744256_c19b74095d66aed11e06.html', 'size': 3966045.0}",0.0,44770.61105388903,1555.3648681640625,0.0007007225067354739,3.603515625,1426.667439185,0.0,0.0,0.0,0.0
-1597.697265625,27998208.0,400.6982421875,27998208.0,0.0,0.0009765625,1774216529.4900222,0.06489692628383636,0.0,0.0,,0.0,44840.53881498178,1378.644287109375,0.0007766604539938271,0.25390625,1435.617443471,0.0,0.005859375,0.005859375,0.0
-1901.310791015625,28252160.0,476.8447265625,28252160.0,0.0,0.0,1774216538.2277012,0.06071764975786209,0.0,0.0,,0.0,44495.26812922574,1655.5506591796875,0.0006017287378199399,3.0068359375,1444.246996303,0.0,0.0,0.0,0.0
-2159.92822265625,28506112.0,541.74609375,28506112.0,0.0,0.0,1774216546.8574345,0.061898373067379,0.0,0.0,,0.0,45017.19662769959,1864.111328125,0.000496330379974097,1.916015625,1452.94268962,0.0,0.0,0.0,0.0
-1591.6279296875,28760064.0,399.00390625,28760064.0,0.0,0.0,1774216555.5530357,0.05193930119276047,0.0,0.0,,0.0,44745.083884774605,1375.18798828125,0.0007517094491049647,1.046875,1461.590042443,0.0,0.0,0.0,0.0
-1653.6083984375,29014016.0,414.8515625,29014016.0,0.0,0.0,1774216593.194675,0.05000226944684982,0.0,0.0,"{'size': 4005501.0, '_type': 'html-file', 'sha256': '77cf5299ec761e6cf668900ef6514bdcde41705ecfea0c272c0a83ddf8f78e21', 'path': 'media/html/render_29014016_77cf5299ec761e6cf668.html'}",0.0,44884.31734696251,1453.7391357421875,0.0009616126772016287,3.134765625,1490.583788326,0.0,0.0,0.0,0.0
-2043.1376953125,29267968.0,512.4521484375,29267968.0,0.0,0.0009765625,1774216593.3988929,0.056123360991477966,0.0,0.0,,0.0,44878.02373266523,1825.8736572265625,0.00042288709664717317,0.12109375,1499.453095679,0.0,0.044921875,0.044921875,0.0
-2243.146484375,29521920.0,562.62890625,29521920.0,0.0,0.0,1774216602.063196,0.04877860099077225,0.0,0.0,,0.0,44841.79605011478,2003.15380859375,0.0007320651202462614,0.1953125,1508.123941863,0.0,0.0,0.0,0.0
-2088.9423828125,29775872.0,523.5537109375,29775872.0,0.0,0.0,1774216610.734031,0.04125908017158508,0.0,0.0,,0.0,44893.49806861151,1830.545654296875,0.0010068498086184263,2.94921875,1516.749967195,0.0,0.0,0.0,0.0
-2864.58251953125,30029824.0,717.9189453125,30029824.0,0.0,0.0,1774216619.3603795,0.04134506359696388,0.0,0.0,,0.0,45058.93817987256,2482.597900390625,0.0008922936394810677,3.0224609375,1525.427953238,0.0,0.0,0.0,0.0
-2860.68359375,30283776.0,716.9638671875,30283776.0,0.0,0.0,1774216656.5111527,0.04896730184555054,0.0,0.0,"{'_type': 'html-file', 'sha256': '8848171bd87912c637d8fa58abc3e509eeffd8ce445dcfa3094705d25c49a855', 'path': 'media/html/render_30283776_8848171bd87912c637d8.html', 'size': 3975705.0}",0.0,44873.9644558725,2504.06005859375,0.0005871978355571628,5.466796875,1553.900229514,0.0,0.0,0.0,0.0
-2305.64794921875,30537728.0,577.82421875,30537728.0,0.0,0.0,1774216656.7384717,0.05104586109519005,0.0,0.0,,0.0,45174.121379762764,1998.38623046875,0.000609575305134058,1.8955078125,1562.848609464,0.0,0.0,0.0,0.0
-2245.82275390625,30791680.0,562.6689453125,30791680.0,0.0,0.0,1774216665.4588509,0.050542499870061874,0.0,0.0,,0.0,44614.32704834331,2003.899169921875,0.0006261732196435332,4.2998046875,1571.453026107,0.0,0.0,0.0,0.0
-1911.100830078125,31045632.0,478.8173828125,31045632.0,0.0,0.0,1774216674.063367,0.05267755314707756,0.0,0.0,,0.0,45184.12256157187,1696.998046875,0.000735780515242368,0.6513671875,1580.109592617,0.0,0.0,0.0,0.0
-1912.1212158203125,31299584.0,479.5703125,31299584.0,0.0,0.0,1774216682.7198195,0.05066100135445595,0.0,0.0,,0.0,45004.37681874146,1692.641845703125,0.0008318090694956481,2.6044921875,1588.711908267,0.0,0.0,0.0,0.0
-2011.65087890625,31553536.0,504.27734375,31553536.0,0.0,0.0,1774216718.960114,0.04157201573252678,0.0,0.0,"{'sha256': '94e93e96f5efe02b1a3a0407deeec40c9a6e0fd5cd4688ec4af14c368b715105', 'path': 'media/html/render_31553536_94e93e96f5efe02b1a3a.html', 'size': 3955757.0, '_type': 'html-file'}",0.0,45172.44313284449,1801.5430908203125,0.0008843581890687346,0.9296875,1616.349212206,0.0,0.0,0.0,0.0
-1986.612548828125,31807488.0,498.1064453125,31807488.0,0.0,0.0,1774216719.1623485,0.044961895793676376,0.0,0.0,,0.0,44908.04773251336,1734.516845703125,0.0009083391632884741,0.1142578125,1625.190695237,0.0,0.0,0.0,0.0
-2618.85888671875,32061440.0,656.5888671875,32061440.0,0.0,0.0,1774216727.800788,0.045126836746931076,0.0,0.0,,0.0,44989.61455810068,2305.14990234375,0.0009497530991211534,3.7275390625,1633.853836788,0.0,0.0,0.0,0.0
-2187.2138671875,32315392.0,548.8740234375,32315392.0,0.0,0.0,1774216736.4641652,0.03871559351682663,0.0,0.0,,0.0,44985.43057495261,1889.53466796875,0.0011151449289172888,2.359375,1642.454630301,0.0,0.0,0.0,0.0
-2356.340087890625,32569344.0,590.56640625,32569344.0,0.0,0.0,1774216745.0649748,0.03865278884768486,0.0,0.0,,0.0,45153.28815347521,2005.2999267578125,0.001070245518349111,5.42578125,1651.135734779,0.0,0.0,0.0,0.0
-2175.1640625,32823296.0,545.74609375,32823296.0,0.0,0.0,1774216782.9414997,0.04397597536444664,0.0,0.0,"{'_type': 'html-file', 'sha256': 'afe9ef2358b94690820450f1011c8a7c7ddc758f1fd6735cbd73a47ad4fd16ec', 'path': 'media/html/render_32823296_afe9ef2358b946908204.html', 'size': 3971805.0}",0.0,44821.91884972638,1933.8310546875,0.0008701166370883584,4.166015625,1680.330632337,0.0,0.0,0.0,0.0
-1935.47802734375,33077248.0,485.091796875,33077248.0,0.0,0.0,1774216783.1542745,0.04335779696702957,0.0,0.0,,0.0,45178.54557568304,1666.4345703125,0.0009334240457974374,1.9716796875,1689.252549324,0.0,0.0,0.0,0.0
-2443.971923828125,33331200.0,611.94140625,33331200.0,0.0,0.0,1774216791.8626993,0.04329207167029381,0.0,0.0,,0.0,44728.2954313895,2142.0078125,0.0010178496595472097,1.9287109375,1697.890321913,0.0,0.0,0.0,0.0
-2039.6429443359375,33585152.0,510.9208984375,33585152.0,0.0,0.0,1774216800.5005555,0.05302726477384567,0.0,0.0,,0.0,44946.47445855661,1787.769287109375,0.0010650329058989882,1.96875,1706.56486733,0.0,0.0,0.0,0.0
-2027.51611328125,33839104.0,507.865234375,33839104.0,0.0,0.0009765625,1774216809.1751635,0.053687646985054016,0.0,0.0,,0.0,44874.5580816212,1754.1513671875,0.0008033789927139878,1.8701171875,1715.187620159,0.0,0.0166015625,0.0166015625,0.0
-2013.345947265625,34093056.0,504.23046875,34093056.0,0.0,0.0,1774216846.4337459,0.05463782697916031,0.0,0.0,"{'_type': 'html-file', 'sha256': '07658c4cfbf2a87816f7ebd8b9f70d86209db7c054595bc7602b955b9c01a5e9', 'path': 'media/html/render_34093056_07658c4cfbf2a87816f7.html', 'size': 3901245.0}",0.0,45052.999491037146,1721.7076416015625,0.0007193959900178015,4.037109375,1743.822811007,0.0,0.0,0.0,0.0
-1948.66015625,34347008.0,487.966796875,34347008.0,0.0,0.0,1774216846.6507926,0.05078604444861412,0.0,0.0,,0.0,44937.33083013951,1694.666748046875,0.0010442162165418267,0.0244140625,1752.694767243,0.0,0.0,0.0,0.0
-2162.50439453125,34600960.0,541.5576171875,34600960.0,0.0,0.0,1774216855.3052526,0.05782002955675125,0.0,0.0,,0.0,44936.19714297165,1902.0465087890625,0.0012390919728204608,0.0234375,1761.379846141,0.0,0.0,0.0,0.0
-1932.0439453125,34854912.0,483.9033203125,34854912.0,0.0,0.0,1774216863.9902992,0.06488582491874695,0.0,0.0,,0.0,44781.097042144735,1691.65234375,0.0006929285591468215,4.84375,1769.984041984,0.0,0.0,0.0,0.0
-2116.95361328125,35108864.0,530.021484375,35108864.0,0.0,0.0,1774216872.5944717,0.06318902224302292,0.0,0.0,,0.0,45180.845196866656,1867.584716796875,0.0006195915048010647,3.8671875,1778.693117219,0.0,0.0,0.0,0.0
-1526.066162109375,35362816.0,382.205078125,35362816.0,0.0,0.0,1774216910.0465226,0.06210186704993248,0.0,0.0,"{'_type': 'html-file', 'sha256': 'c4499d5cbf4ff4b3290fa87a3fb20441582bcac1fdd975772d55044b4f3299ed', 'path': 'media/html/render_35362816_c4499d5cbf4ff4b3290f.html', 'size': 3923241.0}",0.0,44636.91411594698,1316.1884765625,0.0005714986473321915,0.0556640625,1807.435644998,0.0,0.0,0.0,0.0
-1754.045166015625,35616768.0,439.29296875,35616768.0,0.0,0.0,1774216910.234046,0.05233205109834671,0.0,0.0,,0.0,44981.07831034959,1504.228271484375,0.0008660495514050126,0.0,1816.36236867,0.0,0.0,0.0,0.0
-1801.693115234375,35870720.0,450.9560546875,35870720.0,0.0,0.0009765625,1774216918.9727342,0.04354912042617798,0.0,0.0,,0.0,44456.94628622067,1555.442626953125,0.0009308793232776225,0.0341796875,1824.984524505,0.0,0.0283203125,0.0283203125,0.0
-1969.767578125,36124672.0,492.9951171875,36124672.0,0.0,0.0,1774216927.5948925,0.04137127101421356,0.0,0.0,,0.0,45068.76446762318,1728.388427734375,0.0010473671136423945,2.435546875,1833.67915899,0.0,0.0,0.0,0.0
-1979.191162109375,36378624.0,495.8173828125,36378624.0,0.0,0.0,1774216936.2895393,0.05548744648694992,0.0,0.0,,0.0,44777.151279788115,1730.0098876953125,0.0007807445945218205,1.220703125,1842.348108879,0.0,0.0,0.0,0.0
-1703.697509765625,36632576.0,426.59765625,36632576.0,0.0,0.0,1774216973.3448036,0.052749380469322205,0.0,0.0,"{'_type': 'html-file', 'sha256': 'eb0e2350487ea54e49bc5fe919e169f5fdec1adac53ec946f9afab9b3d9bc112', 'path': 'media/html/render_36632576_eb0e2350487ea54e49bc.html', 'size': 3975617.0}",0.0,44736.268140773405,1480.789306640625,0.0006947501678951085,1.9384765625,1870.733941204,0.0,0.0,0.0,0.0
-2095.797119140625,36886528.0,525.056640625,36886528.0,0.0,0.0,1774216973.5570977,0.05150746554136276,0.0,0.0,,0.0,44676.49328582893,1846.211181640625,0.0007059741183184087,2.08984375,1879.606492359,0.0,0.0,0.0,0.0
-1842.5909423828125,37140480.0,461.5,37140480.0,0.0,0.0009765625,1774216982.2168033,0.050157330930233,0.0,0.0,,0.0,44858.2428726205,1614.9195556640625,0.0008089828188531101,0.974609375,1888.305704396,0.0,0.8974609375,0.8974609375,0.0
-1802.661376953125,37394432.0,451.6044921875,37394432.0,0.0,0.0,1774216990.915987,0.045372918248176575,0.0,0.0,,0.0,44718.08760027546,1583.3564453125,0.0011620696168392897,1.296875,1896.930427241,0.0,0.0,0.0,0.0
-1789.213623046875,37648384.0,448.2861328125,37648384.0,0.0,0.0,1774216999.540738,0.04843057319521904,0.0,0.0,,0.0,45042.49436268906,1623.662353515625,0.0007780236192047596,1.8388671875,1905.630536937,0.0,0.0,0.0,0.0
-1550.85791015625,37902336.0,388.345703125,37902336.0,0.0,0.0,1774217037.5261264,0.04380519315600395,0.0,0.0,"{'path': 'media/html/render_37902336_5be399e65c322f479dfe.html', 'size': 3999853.0, '_type': 'html-file', 'sha256': '5be399e65c322f479dfe304035b8319e499a552e27d544bbfc99f90c761305b8'}",0.0,44721.2493514979,1388.163818359375,0.0011403048411011696,2.23828125,1934.915246194,0.0,0.0,0.0,0.0
-1693.238525390625,38156288.0,424.31640625,38156288.0,0.0,0.0,1774217037.762944,0.04533182829618454,0.0,0.0,,0.0,45122.51491554566,1498.98583984375,0.0008968427428044379,0.9833984375,1943.872817194,0.0,0.0,0.0,0.0
-1401.099609375,38410240.0,351.0224609375,38410240.0,0.0,0.0,1774217046.4832625,0.0477568581700325,0.0,0.0,,0.0,44602.83569967536,1247.37353515625,0.0009718415676616132,0.9345703125,1952.474886196,0.0,0.0,0.0,0.0
-1520.572265625,38664192.0,380.9248046875,38664192.0,0.0,0.0,1774217055.0853043,0.04574895650148392,0.0,0.0,,0.0,45207.898642131404,1345.527587890625,0.0009128638776019216,0.16015625,1961.172090205,0.0,0.0,0.0,0.0
-1978.3486328125,38918144.0,495.4248046875,38918144.0,0.0,0.0,1774217063.7825143,0.044643618166446686,0.0,0.0,,0.0,44655.59969737464,1760.614501953125,0.001113340025767684,3.919921875,1969.795916483,0.0,0.0,0.0,0.0
-2280.657470703125,39172096.0,570.6083984375,39172096.0,0.0,0.0,1774217101.1387706,0.048179011791944504,0.0,0.0,"{'_type': 'html-file', 'sha256': '704f26f6eaf5e9d0b7e0975abcc3e22443692879a14eea2aff8fcd035f68ce53', 'path': 'media/html/render_39172096_704f26f6eaf5e9d0b7e0.html', 'size': 3985925.0}",0.0,45036.57524113647,1986.716064453125,0.0009306828142143786,0.0,1998.527895916,0.0,0.0,0.0,0.0
-1297.4742431640625,39426048.0,324.7998046875,39426048.0,0.0,0.0,1774217101.3322883,0.04468471556901932,0.0,0.0,,0.0,44601.05956202059,1161.598388671875,0.001033474924042821,0.7529296875,2007.389898653,0.0,0.0,0.0,0.0
-2079.083251953125,39680000.0,520.572265625,39680000.0,0.0,0.0,1774217110.0002553,0.04934851452708244,0.0,0.0,,0.0,44787.85878875495,1887.1640625,0.0006745436694473028,0.8076171875,2016.058489206,0.0,0.0,0.0,0.0
-1758.8970947265625,39933952.0,440.23828125,39933952.0,0.0,0.0,1774217118.668841,0.056727126240730286,0.0,0.0,,0.0,44928.51687641426,1572.7584228515625,0.0004034707380924374,0.0400390625,2024.690321004,0.0,0.0,0.0,0.0
-1538.576904296875,40187904.0,385.044921875,40187904.0,0.0,0.0,1774217127.3006375,0.05295603349804878,0.0,0.0,,0.0,45021.430289945274,1362.6109619140625,0.0004613582568708807,1.7060546875,2033.383738451,0.0,0.0,0.0,0.0
-1923.837890625,40441856.0,481.740234375,40441856.0,0.0,0.0,1774217164.1438792,0.05179214850068092,0.0,0.0,"{'_type': 'html-file', 'sha256': 'b9adccdaf1dfb0d99596bf40f892abecd42b0943a512ee36bcc955e199cd60e8', 'path': 'media/html/render_40441856_b9adccdaf1dfb0d99596.html', 'size': 3964817.0}",0.0,44760.32371126405,1748.742431640625,0.0005375990876927972,0.8994140625,2061.532999127,0.0,0.0,0.0,0.0
-1608.7861328125,40695808.0,402.767578125,40695808.0,0.0,0.0,1774217164.35225,0.05404384061694145,0.0,0.0,,0.0,44888.86278200884,1436.039306640625,0.00048507502651773393,0.0,2070.482004334,0.0,0.0,0.0,0.0
-1614.52880859375,40949760.0,404.306640625,40949760.0,0.0,0.0,1774217173.0923045,0.054314784705638885,0.0,0.0,,0.0,44475.67831742396,1418.218505859375,0.0005287204985506833,1.001953125,2079.11981152,0.0,0.0,0.0,0.0
-1993.521728515625,41203712.0,498.998046875,41203712.0,0.0,0.0,1774217181.7299557,0.05116927996277809,0.0,0.0,,0.0,44965.31766202377,1795.4180908203125,0.000605831271968782,0.1181640625,2087.822108467,0.0,0.0,0.0,0.0
-1833.6156005859375,41457664.0,458.8955078125,41457664.0,0.0,0.0,1774217190.4324381,0.05059238150715828,0.0,0.0,,0.0,44699.06457602793,1560.24169921875,0.000423973222495988,2.55859375,2096.443273666,0.0,0.0,0.0,0.0
-1991.466064453125,41711616.0,498.439453125,41711616.0,0.0,0.0,1774217228.576859,0.046811435371637344,0.0,0.0,"{'_type': 'html-file', 'sha256': '8a92f3807529211d086db8492a151afc6f75bbe77ddd72bd26e077c10cd9fcbc', 'path': 'media/html/render_41711616_8a92f3807529211d086d.html', 'size': 4032605.0}",0.0,45089.4071388662,1746.8837890625,0.0005593833629973233,2.04296875,2125.965991811,0.0,0.0,0.0,0.0
-1641.5516357421875,41965568.0,410.8212890625,41965568.0,0.0,0.0,1774217228.827849,0.042543742805719376,0.0,0.0,,0.0,44748.16485830739,1433.69091796875,0.0007315455004572868,0.837890625,2134.912447409,0.0,0.0,0.0,0.0
-1643.406494140625,42219520.0,411.87109375,42219520.0,0.0,0.0,1774217237.5228107,0.04108881577849388,0.0,0.0,,0.0,44640.35438163276,1396.345947265625,0.0008910481119528413,4.3798828125,2143.584486175,0.0,0.0,0.0,0.0
-1498.56787109375,42473472.0,375.0244140625,42473472.0,0.0,0.0,1774217246.1947682,0.04915051534771919,0.0,0.0,,0.0,44932.95753960107,1314.646728515625,0.0005733292200602591,1.1923828125,2152.216191623,0.0,0.0,0.0,0.0
-1376.0419921875,42727424.0,344.6552734375,42727424.0,0.0,0.0,1774217254.826543,0.04635262116789818,0.0,0.0,,0.0,45013.361331793036,1217.8721923828125,0.0005312793073244393,0.1279296875,2160.91234464,0.0,0.0,0.0,0.0
-1644.2281494140625,42981376.0,411.6005859375,42981376.0,0.0,0.0,1774217292.3314924,0.0470685139298439,0.0,0.0,"{'path': 'media/html/render_42981376_fb4543fa9db6c36abe33.html', 'size': 3994365.0, '_type': 'html-file', 'sha256': 'fb4543fa9db6c36abe33dbce455943adc06d5b6965789d81c34f98aa2f5acdaa'}",0.0,44735.0205736211,1463.6875,0.00047015026211738586,0.03515625,2189.720623859,0.0,0.0,0.0,0.0
-1836.755615234375,43235328.0,459.611328125,43235328.0,0.0,0.0009765625,1774217292.5193586,0.045946892350912094,0.0,0.0,,0.0,45022.4236509771,1610.2733154296875,0.0005442093824967742,0.9912109375,2198.644430115,0.0,0.0302734375,0.0302734375,0.0
-997.8213500976562,43489280.0,249.8583984375,43489280.0,0.0,0.0,1774217301.2547762,0.04394005611538887,0.0,0.0,,0.0,44539.32269356319,857.212890625,0.0005170508520677686,0.0,2207.263502173,0.0,0.0,0.0,0.0
-1494.95849609375,43743232.0,374.3603515625,43743232.0,0.0,0.0,1774217309.873987,0.036565981805324554,0.0,0.0,,0.0,45082.54068470402,1276.795654296875,0.0009932731045410037,2.0107421875,2215.934831214,0.0,0.0,0.0,0.0
-1160.620361328125,43997184.0,290.65234375,43997184.0,0.0,0.0,1774217318.5451372,0.04057270288467407,0.0,0.0,,0.0,44949.74446477468,1028.6295166015625,0.0005249147652648389,0.0732421875,2224.556654219,0.0,0.0,0.0,0.0
-1713.1536865234375,44251136.0,429.2626953125,44251136.0,0.0,0.001953125,1774217354.9674566,0.03947160392999649,0.0,0.0,"{'_type': 'html-file', 'sha256': '6823756d6322ab837eabd9bf569b743c9cd702a40db1e85eb42605c100a452d0', 'path': 'media/html/render_44251136_6823756d6322ab837eab.html', 'size': 4086881.0}",0.0,45097.883356753366,1515.1085205078125,0.0009128110250458121,0.1533203125,2252.356637574,0.0,0.025390625,0.025390625,0.0
-1376.4652099609375,44505088.0,344.6513671875,44505088.0,0.0,0.0,1774217355.1810052,0.04103511944413185,0.0,0.0,,0.0,44823.955952035525,1151.71240234375,0.0006833840743638575,0.0478515625,2261.238797071,0.0,0.0,0.0,0.0
-1214.125244140625,44759040.0,303.9482421875,44759040.0,0.0,0.0,1774217363.849019,0.042550913989543915,0.0,0.0,,0.0,44736.45791235609,1044.7076416015625,0.000741364958230406,0.015625,2269.91902829,0.0,0.0,0.0,0.0
-503.3970031738281,45012992.0,126.115234375,45012992.0,0.0,0.0,1774217372.5292609,0.0446675643324852,0.0,0.0,,0.0,44878.72524708746,437.6649169921875,0.0006391450297087431,1.0029296875,2278.557662405,0.0,0.0,0.0,0.0
-1256.331298828125,45266944.0,314.5693359375,45266944.0,0.0,0.0,1774217381.167733,0.04059393331408501,0.0,0.0,,0.0,44941.41864543855,1099.1256103515625,0.0007547663408331573,0.158203125,2287.231039833,0.0,0.0,0.0,0.0
-1101.644287109375,45520896.0,275.84375,45520896.0,0.0,0.0,1774217419.1382773,0.04626579210162163,0.0,0.0,"{'path': 'media/html/render_45520896_8f9e9dd538d7faae3dc6.html', 'size': 4009229.0, '_type': 'html-file', 'sha256': '8f9e9dd538d7faae3dc6d9f58e1adb107972ac64d31bd82b202ae7f27d39c218'}",0.0,44937.80858835243,963.697998046875,0.00043478026054799557,1.2158203125,2316.527428117,0.0,0.0,0.0,0.0
-1694.27001953125,45774848.0,424.150390625,45774848.0,0.0,0.0,1774217419.3770375,0.04030651971697807,0.0,0.0,,0.0,45068.610005040195,1474.591796875,0.0003926952194888145,1.7763671875,2325.504699295,0.0,0.0,0.0,0.0
-1747.56982421875,46028800.0,437.5595703125,46028800.0,0.0,0.0,1774217428.1151195,0.043115224689245224,0.0,0.0,,0.0,44569.434021621586,1561.4459228515625,0.00031062270863913,0.8759765625,2334.13454743,0.0,0.0,0.0,0.0
-1185.40771484375,46282752.0,296.74609375,46282752.0,0.0,0.0,1774217436.7449162,0.041057899594306946,0.0,0.0,,0.0,44958.652143899,1059.8511962890625,0.00025440959143452346,0.7890625,2342.810471048,0.0,0.0,0.0,0.0
-1099.074951171875,46536704.0,275.0625,46536704.0,0.0,0.0,1774217445.4209735,0.03771466389298439,0.0,0.0,,0.0,44902.6768679432,932.855224609375,0.00028002882027067244,2.83984375,2351.44395186,0.0,0.0,0.0,0.0
-2003.43359375,46790656.0,501.337890625,46790656.0,0.0,0.0,1774217481.5428462,0.03534414991736412,0.0,0.0,"{'_type': 'html-file', 'sha256': 'e104b32e27f717519b9c4480a12e786658ebda4f83544d265f663f039e701002', 'path': 'media/html/render_46790656_e104b32e27f717519b9c.html', 'size': 4098841.0}",0.0,44986.456547843896,1738.9749755859375,0.00037717699888162315,0.09375,2378.931918959,0.0,0.0,0.0,0.0
-1238.0328369140625,47044608.0,309.962890625,47044608.0,0.0,0.0009765625,1774217481.7567277,0.040612686425447464,0.0,0.0,,0.0,44887.355101228255,1089.50390625,0.00020687787036877126,1.8916015625,2387.804723547,0.0,0.0166015625,0.0166015625,0.0
-1530.293212890625,47298560.0,382.9599609375,47298560.0,0.0,0.0,1774217490.4152114,0.03284936770796776,0.0,0.0,,0.0,44807.41362333099,1384.280517578125,0.00036423178971745074,0.09375,2396.498801624,0.0,0.0,0.0,0.0
-1861.227294921875,47552512.0,465.7353515625,47552512.0,0.0,0.0,1774217499.108803,0.026470031589269638,0.0,0.0,,0.0,44755.05393845247,1604.5460205078125,0.0005513227079063654,0.7060546875,2405.112527334,0.0,0.0,0.0,0.0
-1453.1119384765625,47806464.0,363.8876953125,47806464.0,0.0,0.0,1774217507.7229872,0.03705824539065361,0.0,0.0,,0.0,45081.084837698225,1258.239013671875,0.000294955592835322,0.71484375,2413.796777398,0.0,0.0,0.0,0.0
-963.80224609375,48060416.0,241.1591796875,48060416.0,0.0,0.0,1774217545.5862465,0.038795825093984604,0.0,0.0,"{'_type': 'html-file', 'sha256': 'cc138c788e83f65849e00d50be6e8de23b72b1d65824db42ef5fbcf09523237b', 'path': 'media/html/render_48060416_cc138c788e83f65849e0.html', 'size': 4030609.0}",0.0,44825.829117837326,849.9285888671875,0.00027389131719246507,0.001953125,2442.975313869,0.0,0.0,0.0,0.0
-1088.7158203125,48314368.0,272.50390625,48314368.0,0.0,0.0,1774217545.7767248,0.03802754357457161,0.0,0.0,,0.0,45062.41902488254,953.6806640625,0.00019399021402932703,0.0,2451.891150474,0.0,0.0,0.0,0.0
-1204.2369384765625,48568320.0,301.2978515625,48568320.0,0.0,0.001953125,1774217554.5015705,0.039063721895217896,0.0,0.0,,0.0,44593.820136358925,1024.380126953125,0.00014833641762379557,2.2578125,2460.527428868,0.0,0.10546875,0.10546875,0.0
-1641.4443359375,48822272.0,410.853515625,48822272.0,0.0,0.0,1774217563.137884,0.03403579816222191,0.0,0.0,,0.0,44949.06349038154,1475.44775390625,0.0002774389577098191,0.0341796875,2469.219699033,0.0,0.0,0.0,0.0
-1018.138916015625,49076224.0,254.8173828125,49076224.0,0.0,0.0,1774217571.8300612,0.03833690658211708,0.0,0.0,,0.0,44772.84110329097,862.3362426757812,0.00018848491890821606,0.060546875,2477.882376959,0.0,0.0,0.0,0.0
-1116.4150390625,49330176.0,279.544921875,49330176.0,0.0,0.0,1774217610.4123409,0.035677459090948105,0.0,0.0,"{'path': 'media/html/render_49330176_d8e338bdf83766ae8d8a.html', 'size': 4023869.0, '_type': 'html-file', 'sha256': 'd8e338bdf83766ae8d8a5de2d0e90fd39322ff5f15ee42291404adbe44732642'}",0.0,44796.18432183012,928.1112060546875,0.00015975243877619505,0.1435546875,2507.80148089,0.0,0.0,0.0,0.0
-1146.7696533203125,49584128.0,287.021484375,49584128.0,0.0,0.0,1774217610.6345923,0.03570514917373657,0.0,0.0,,0.0,44806.7426091406,1002.8712768554688,0.00010783106699818745,1.923828125,2516.706431433,0.0,0.0,0.0,0.0
-1334.943603515625,49838080.0,333.9345703125,49838080.0,0.0,0.0,1774217619.3167732,0.030486315488815308,0.0,0.0,,0.0,44721.00713502744,1186.435302734375,0.00019413894915487617,1.0224609375,2525.392005289,0.0,0.0,0.0,0.0
-1208.591064453125,50092032.0,302.4599609375,50092032.0,0.0,0.0,1774217628.0022638,0.027648551389575005,0.0,0.0,,0.0,44873.13265003615,1049.9337158203125,0.0002610044030006975,0.048828125,2534.0447791,0.0,0.0,0.0,0.0
-1914.96826171875,50345984.0,479.162109375,50345984.0,0.0,0.0,1774217636.6550927,0.027896909043192863,0.0,0.0,,0.0,44848.26833983134,1693.75732421875,0.00015320772945415229,1.0703125,2542.731772401,0.0,0.0,0.0,0.0
-1446.2945556640625,50599936.0,362.0205078125,50599936.0,0.0,0.0,1774217673.1009567,0.02577606402337551,0.0,0.0,"{'_type': 'html-file', 'sha256': '9a5235b7c5627fd195b3dfdc3789ce74ca6e7f88bcb8c91cde81ac3327ac8303', 'path': 'media/html/render_50599936_9a5235b7c5627fd195b3.html', 'size': 3979829.0}",0.0,44816.855189325266,1229.56640625,0.00018041803559754044,1.927734375,2570.490079732,0.0,0.0,0.0,0.0
-725.01611328125,50853888.0,181.5986328125,50853888.0,0.0,0.0,1774217673.3072128,0.028140772134065628,0.0,0.0,,0.0,44912.64531946258,626.622314453125,7.855131843825802e-05,1.123046875,2579.43180132,0.0,0.0,0.0,0.0
-1535.836181640625,51107840.0,384.40625,51107840.0,0.0,0.0,1774217682.0421567,0.025873340666294098,0.0,0.0,,0.0,44560.562447638345,1326.360595703125,4.87984434585087e-05,1.9013671875,2588.039138463,0.0,0.0,0.0,0.0
-1662.646240234375,51361792.0,416.2265625,51361792.0,0.0,0.0,1774217690.6494546,0.0219887625426054,0.0,0.0,,0.0,45203.322900196596,1395.324462890625,0.00014195505355019122,2.0341796875,2596.730805306,0.0,0.0,0.0,0.0
-1923.6885986328125,51615744.0,481.7353515625,51615744.0,0.0,0.0,1774217699.341241,0.02223753184080124,0.0,0.0,,0.0,44733.972220090836,1695.0986328125,0.00013703529839403927,1.1064453125,2597.556328351,0.0,0.0,0.0,0.0
