training/entropy,_step,training/log_alpha,training/critic_loss,eval/episode_success_any,_timestamp,training/actor_loss,eval/episode_reward_survive,training/sps,eval/episode_reward_dist,eval/episode_reward_near,eval/episode_success_easy,training/alpha_loss,eval/episode_success_hard,eval/episode_success,eval/episode_reward_ctrl,_runtime,render,step,eval/episode_dist,eval/episode_reward
,0.0,,,,1774008632.958835,,,,,,,,,,,43.757386783,"{'path': 'media/html/render_0_cad42096e16bb71a413a.html', 'size': 4095621.0, '_type': 'html-file', 'sha256': 'cad42096e16bb71a413a2618e6751b627dec1e945b4f1736d8abf3d628ae0c05'}",,,
,1.0,,,,1774008690.967364,,,,,,,,,,,101.765759604,"{'path': 'media/html/render_1_666415566f5eda6975de.html', 'size': 4160085.0, '_type': 'html-file', 'sha256': '666415566f5eda6975de075097dcecfc17abd8333ab041cefdef11a1159fca8c'}",,,
0.0,1333248.0,0.0,2.084423065185547,0.0029296875,1774008691.1607137,-35.89290237426758,875.1015625,9894.944418435858,0.0,0.0,13.6640625,2.1487956047058105,0.0,0.232421875,-1779.75830078125,114.54782053,,1333248.0,3015.537109375,0.232421875
0.0,1587200.0,0.0,0.49585792422294617,0.0009765625,1774008703.7483582,-22.26878547668457,855.193359375,26603.48601351959,0.0,0.0,11.904296875,0.01401868462562561,0.0,0.1396484375,-1976.3902587890625,127.108093625,,1587200.0,2928.720947265625,0.1396484375
0.0,1841152.0,0.0,0.19723844528198242,0.00390625,1774008716.3090935,-13.101191520690918,790.322265625,26683.021136602747,0.0,0.0,28.7451171875,0.00031916031730361283,0.0,0.861328125,-2022.6759033203125,139.588603216,,1841152.0,2634.54638671875,0.861328125
0.0,2095104.0,0.0,0.17835316061973572,0.0048828125,1774008728.7896168,-10.93766975402832,857.3779296875,26878.18038430519,0.0,0.0,29.435546875,0.00023912321194075048,0.0,0.818359375,-1893.30615234375,151.979414817,,2095104.0,2880.111328125,0.818359375
0.0,2349056.0,0.0,0.13662494719028473,0.0,1774008773.0586824,-12.55390739440918,896.029296875,27214.079558635756,0.0,0.0,24.9736328125,0.0003532606642693281,0.0,0.0,-1738.72216796875,183.857192513,"{'path': 'media/html/render_2349056_27fe332800119eabf283.html', 'size': 4146385.0, '_type': 'html-file', 'sha256': '27fe332800119eabf283b5dc45b0c13c7c7cff846a7459245de6a7e1c6e5a7d0'}",2349056.0,3053.69970703125,0.0
0.0,2603008.0,0.0,0.10346978902816772,0.0,1774008773.242541,-15.792967796325684,751.8466796875,27633.163956456032,0.0,0.0,8.919921875,0.00014653489051852375,0.0,0.0,-1432.794921875,196.249959052,,2603008.0,2544.022705078125,0.0
0.0,2856960.0,0.0,0.07742323726415634,0.0,1774008785.4510407,-17.045576095581055,768.49609375,27777.676374514653,0.0,0.0,6.0166015625,4.2659579776227474e-05,0.0,0.0,-1415.5338134765625,208.393289516,,2856960.0,2629.597412109375,0.0
0.0,3110912.0,0.0,0.06426908820867538,0.0,1774008797.5937088,-16.89021873474121,789.814453125,27824.073524072854,0.0,0.0,12.751953125,5.3652769565815106e-05,0.0,0.0,-1523.449462890625,220.54179652,,3110912.0,2689.51171875,0.0
0.0,3364864.0,0.0,0.0694103091955185,0.0,1774008809.7430093,-18.31707191467285,852.3798828125,27930.88041492709,0.0,0.0,22.45703125,-3.245009338570526e-06,0.0,0.0,-1646.5916748046875,232.618906445,,3364864.0,2934.005859375,0.0
0.0,3618816.0,0.0,0.07075899094343185,0.0,1774008853.7283814,-20.229629516601562,818.52734375,28029.39085972172,0.0,0.0,13.98046875,-4.883477686234983e-06,0.0,0.0,-1492.7529296875,264.526831802,"{'sha256': '51f3f402a34cce9ac9d8a27602efae0d9474c080a69fcdd92f6b796d6de74e79', 'path': 'media/html/render_3618816_51f3f402a34cce9ac9d8.html', 'size': 4120557.0, '_type': 'html-file'}",3618816.0,2765.22119140625,0.0
0.0,3872768.0,0.0,0.06528271734714508,0.0009765625,1774008853.908592,-20.498367309570312,764.775390625,28067.992682070802,0.0,0.0,18.2197265625,1.7240294255316257e-05,0.0,0.552734375,-1432.0145263671875,276.813011266,,3872768.0,2577.916748046875,0.552734375
0.0,4126720.0,0.0,0.06108800694346428,0.0,1774008866.0139532,-21.480270385742188,784.541015625,27959.51570650538,0.0,0.0,10.7294921875,3.027741695404984e-05,0.0,0.0,-1481.9974365234375,288.876977673,,4126720.0,2671.760498046875,0.0
0.0,4380672.0,0.0,0.06300336122512817,0.0,1774008878.077452,-22.900728225708008,779.57421875,28202.720563020783,0.0,0.0,12.5224609375,2.9228276616777293e-05,0.0,0.0,-1463.3656005859375,300.887133628,,4380672.0,2639.1962890625,0.0
0.0,4634624.0,0.0,0.057029008865356445,0.0,1774008890.0883126,-23.41301918029785,761.5849609375,28227.390577561888,0.0,0.0,7.1318359375,-3.610551502220005e-08,0.0,0.0,-1418.745361328125,312.923507862,,4634624.0,2604.98046875,0.0
0.0,4888576.0,0.0,0.05799054726958275,0.0,1774008933.6502821,-23.838407516479492,647.4453125,28288.7777638464,0.0,0.0,10.775390625,-6.203277280292241e-06,0.0,0.0,-1286.83544921875,344.448663414,"{'size': 4145729.0, '_type': 'html-file', 'sha256': 'c68606efc6cb93f51055b5485f9c6a1f4630abce45551aa7a0e42c99c435b7ce', 'path': 'media/html/render_4888576_c68606efc6cb93f51055.html'}",4888576.0,2229.509521484375,0.0
0.0,5142528.0,0.0,0.05814244598150253,0.0,1774008933.820093,-24.814056396484375,813.9072265625,28320.224784469287,0.0,0.0,6.5439453125,8.11009740573354e-05,0.0,0.0,-1653.2552490234375,356.694733501,,5142528.0,2808.9296875,0.0
0.0,5396480.0,0.0,0.05689365789294243,0.0,1774008945.8957653,-23.560001373291016,889.380859375,28178.9852051,0.0,0.0,6.853515625,-3.2869702408788726e-05,0.0,0.0,-1766.791015625,368.691395799,,5396480.0,3036.4296875,0.0
0.0,5650432.0,0.0,0.061672892421483994,0.0029296875,1774008957.8923652,-23.86774253845215,754.45703125,28274.51540430773,0.0,0.0,23.3095703125,-1.1087246321039856e-06,0.0,0.025390625,-1559.019775390625,380.683133671,,5650432.0,2578.315185546875,0.025390625
0.0,5904384.0,0.0,0.05358611047267914,0.0,1774008969.8842254,-24.59758186340332,783.8251953125,28411.73670605021,0.0,0.0,13.04296875,2.3183607481769286e-05,0.0,0.0,-1487.30615234375,392.643992245,,5904384.0,2666.40966796875,0.0
0.0,6158336.0,0.0,0.061466701328754425,0.0009765625,1774009013.863877,-25.039766311645508,775.98828125,28377.36809090972,0.0,0.0,6.189453125,3.1464816856896505e-05,0.0,0.3525390625,-1579.47216796875,424.662280152,"{'path': 'media/html/render_6158336_6650527668e0e6c88c1f.html', 'size': 4164053.0, '_type': 'html-file', 'sha256': '6650527668e0e6c88c1f6eaa3daec36c501d82f3424290e691b1bf8db0345134'}",6158336.0,2706.48583984375,0.3525390625
0.0,6412288.0,0.0,0.0545286126434803,0.0009765625,1774009014.051507,-24.533782958984375,937.4453125,28420.799708841743,0.0,0.0,5.888671875,1.2407565918692853e-05,0.0,0.5244140625,-1896.322509765625,436.839704044,,6412288.0,3241.3408203125,0.5244140625
0.0,6666240.0,0.0,0.06117852404713631,0.0029296875,1774009026.0408456,-24.6109619140625,862.9638671875,28301.578293653936,0.0,0.0,11.33203125,3.308305622340413e-06,0.0,0.224609375,-1729.35888671875,448.834364666,,6666240.0,2953.7568359375,0.224609375
0.0,6920192.0,0.0,0.06228213384747505,0.0009765625,1774009038.0353706,-24.63650894165039,887.2880859375,28411.882214251968,0.0,0.0,13.658203125,8.944718501879834e-06,0.0,0.7490234375,-1788.083740234375,460.808098664,,6920192.0,3020.217041015625,0.7490234375
0.0,7174144.0,0.0,0.06708990037441254,0.0,1774009050.0092432,-24.651575088500977,725.3017578125,28325.06725600643,0.0,0.0,10.369140625,-2.6574785806587897e-05,0.0,0.0,-1562.906494140625,472.792590924,,7174144.0,2443.776611328125,0.0
0.0,7428096.0,0.0,0.06471775472164154,0.0009765625,1774009093.7975585,-25.278547286987305,849.802734375,28438.03801054818,0.0,0.0,16.9267578125,2.8920590921188705e-05,0.0,0.0009765625,-1641.6328125,504.595998011,"{'path': 'media/html/render_7428096_c8b21d37dd7310354352.html', 'size': 4177125.0, '_type': 'html-file', 'sha256': 'c8b21d37dd731035435295dc6e5bf28f223f0e02a48b6a264bb2de3eedec310e'}",7428096.0,2819.341064453125,0.0009765625
0.0,7682048.0,0.0,0.06316950172185898,0.0009765625,1774009093.9792514,-25.795106887817383,835.0185546875,28424.936269385777,0.0,0.0,15.755859375,-3.6627672670874745e-05,0.0,0.0048828125,-1764.6129150390625,516.787891177,,7682048.0,2836.081298828125,0.0048828125
0.0,7936000.0,0.0,0.06129692494869232,0.0,1774009105.9887917,-25.435325622558594,796.4345703125,28380.986102840427,0.0,0.0,5.2041015625,2.0454575860640034e-05,0.0,0.0,-1584.884033203125,528.694648502,,7936000.0,2692.3984375,0.0
0.0,8189952.0,0.0,0.06936776638031006,0.0,1774009117.8956435,-27.335783004760742,908.1455078125,28553.751229727182,0.0,0.0,2.6298828125,-1.3584064618044067e-05,0.0,0.0,-1907.575439453125,540.679891785,,8189952.0,3131.59619140625,0.0
0.0,8443904.0,0.0,0.06259749829769135,0.001953125,1774009129.8810713,-26.223360061645508,806.009765625,28449.98687101475,0.0,0.0,17.123046875,6.290600595093565e-06,0.0,0.51171875,-1612.176513671875,552.589491668,,8443904.0,2723.783203125,0.51171875
0.0,8697856.0,0.0,0.07042692601680756,0.0,1774009173.5964944,-27.240236282348633,691.9111328125,28546.261005439792,0.0,0.0,12.5986328125,1.473135307605844e-05,0.0,0.0,-1480.626220703125,584.394859564,"{'path': 'media/html/render_8697856_af1828ba7c555bee9f28.html', 'size': 4126253.0, '_type': 'html-file', 'sha256': 'af1828ba7c555bee9f28dee8fa5562be41a4178fc6b57cb78f7455d353a0baca'}",8697856.0,2274.047607421875,0.0
0.0,8951808.0,0.0,0.061094027012586594,0.0,1774009173.7726212,-28.313783645629883,824.4150390625,28610.30243594476,0.0,0.0,11.71484375,1.2949327356182039e-05,0.0,0.0,-1701.16650390625,596.537747209,,8951808.0,2771.227783203125,0.0
0.0,9205760.0,0.0,0.0572289377450943,0.0009765625,1774009185.7385395,-26.680830001831055,815.3837890625,28373.651232598077,0.0,0.0,12.828125,2.7262740331934765e-05,0.0,0.10546875,-1591.362060546875,608.515973882,,9205760.0,2780.0625,0.10546875
0.0,9459712.0,0.0,0.06840793788433075,0.0,1774009197.7169929,-26.432205200195312,823.396484375,28456.178308717797,0.0,0.0,9.525390625,-1.4983166693127714e-05,0.0,0.0,-1682.5838623046875,620.413241755,,9459712.0,2794.337890625,0.0
0.0,9713664.0,0.0,0.06430256366729736,0.0,1774009209.6142325,-27.842300415039062,821.466796875,28590.146314991267,0.0,0.0,6.1484375,1.4213946997188032e-05,0.0,0.0,-1631.7845458984375,632.387732782,,9713664.0,2786.30615234375,0.0
0.0,9967616.0,0.0,0.06410595774650574,0.0,1774009252.741033,-27.058683395385742,699.322265625,28475.21107569995,0.0,0.0,4.8427734375,6.240765060283593e-07,0.0,0.0,-1427.402587890625,663.539433419,"{'_type': 'html-file', 'sha256': '725f8a31f14216432f241ccb74bac113131515333b83a51d38071e3ea18a796d', 'path': 'media/html/render_9967616_725f8a31f14216432f24.html', 'size': 4057729.0}",9967616.0,2413.2509765625,0.0
0.0,10221568.0,0.0,0.06139824166893959,0.0009765625,1774009252.9425004,-27.842470169067383,878.9794921875,28520.06239267677,0.0,0.0,17.40625,-3.312506669317372e-05,0.0,0.7109375,-1782.5322265625,675.757298171,,10221568.0,2955.39208984375,0.7109375
0.0,10475520.0,0.0,0.06172436103224754,0.0,1774009264.9584513,-27.223621368408203,855.6787109375,28363.995128479495,0.0,0.0,9.0654296875,-1.7265718270209618e-05,0.0,0.0,-1682.37158203125,687.707440787,,10475520.0,2928.75,0.0
0.0,10729472.0,0.0,0.05837390199303627,0.0,1774009276.9083443,-28.817363739013672,817.3720703125,28522.274833099535,0.0,0.0,7.41015625,5.22601003467571e-05,0.0,0.0,-1630.978515625,699.641697183,,10729472.0,2750.727783203125,0.0
0.0,10983424.0,0.0,0.06640393286943436,0.0,1774009288.8426716,-28.919424057006836,823.80859375,28589.193237239208,0.0,0.0,10.697265625,-1.404591148457257e-05,0.0,0.0,-1631.92138671875,711.54118307,,10983424.0,2808.93505859375,0.0
0.0,11237376.0,0.0,0.06443513184785843,0.001953125,1774009332.1901684,-29.827045440673828,859.9169921875,28580.632966936253,0.0,0.0,8.9755859375,1.3691107596969232e-05,0.0,0.5810546875,-1757.21435546875,742.988547033,"{'path': 'media/html/render_11237376_57140d985bc2b147f18e.html', 'size': 4071513.0, '_type': 'html-file', 'sha256': '57140d985bc2b147f18e64a14ae987e625a85fb23aa3a5dea86d7ab5167cc425'}",11237376.0,2983.7001953125,0.5810546875
0.0,11491328.0,0.0,0.06767447292804718,0.001953125,1774009332.3708878,-29.58133888244629,831.0986328125,28597.95442920085,0.0,0.0,21.80859375,-5.203485125093721e-05,0.0,0.5166015625,-1637.99365234375,755.085655673,,11491328.0,2801.5810546875,0.5166015625
0.0,11745280.0,0.0,0.06310538947582245,0.001953125,1774009344.2866821,-30.119407653808594,758.6708984375,28554.33144990979,0.0,0.0,31.1552734375,8.258410525741056e-05,0.0,0.0029296875,-1550.70849609375,767.004639745,,11745280.0,2540.7578125,0.0029296875
0.0,11999232.0,0.0,0.07014798372983932,0.0009765625,1774009356.2057016,-30.160430908203125,757.166015625,28645.112372547428,0.0,0.0,12.373046875,3.0029948447918287e-06,0.0,0.0087890625,-1552.72412109375,778.912020816,,11999232.0,2584.760009765625,0.0087890625
0.0,12253184.0,0.0,0.06762620061635971,0.0,1774009368.112534,-29.44664764404297,926.8232421875,28552.008414591528,0.0,0.0,10.0810546875,1.9574494217522442e-05,0.0,0.0,-1825.048828125,790.837994038,,12253184.0,3180.107421875,0.0
0.0,12507136.0,0.0,0.07033618539571762,0.0,1774009412.0956247,-30.020153045654297,711.3544921875,28621.655872726657,0.0,0.0,13.365234375,-2.304738472957979e-06,0.0,0.0,-1449.2823486328125,822.894039245,"{'size': 4029889.0, '_type': 'html-file', 'sha256': 'de7d091d45aea3fc431b2d4221f176f94c3b9e42eefa9aa3b7bcd46d35647370', 'path': 'media/html/render_12507136_de7d091d45aea3fc431b.html'}",12507136.0,2365.578125,0.0
0.0,12761088.0,0.0,0.07246407121419907,0.001953125,1774009412.2816236,-29.754032135009766,764.55859375,28583.0204898152,0.0,0.0,27.73828125,-2.1428879335871898e-05,0.0,0.8662109375,-1531.810546875,835.044999117,,12761088.0,2585.535400390625,0.8662109375
0.0,13015040.0,0.0,0.0704391822218895,0.0,1774009424.24601,-28.960716247558594,892.3818359375,28517.73882156286,0.0,0.0,13.490234375,4.3836600525537506e-05,0.0,0.0,-1765.0614013671875,846.915454052,,13015040.0,3005.6826171875,0.0
0.0,13268992.0,0.0,0.07175897806882858,0.0029296875,1774009436.1163516,-30.408653259277344,847.4384765625,28670.384494381582,0.0,0.0,11.625,-5.254629286355339e-05,0.0,1.087890625,-1634.64599609375,858.825175907,,13268992.0,2869.037353515625,1.087890625
0.0,13522944.0,0.0,0.07737823575735092,0.0009765625,1774009448.0260866,-30.20136833190918,849.1064453125,28675.51189683672,0.0,0.0,17.5986328125,6.053816832718439e-06,0.0,0.009765625,-1872.632080078125,870.702069167,,13522944.0,2813.084228515625,0.009765625
0.0,13776896.0,0.0,0.08118171989917755,0.005859375,1774009491.455811,-30.054513931274414,749.4541015625,28648.95694764551,0.0,0.0,36.6796875,-1.5666777471778914e-05,0.0,1.41015625,-1516.4429931640625,902.254258002,"{'path': 'media/html/render_13776896_471f085f7b0be3fbebcf.html', 'size': 4093989.0, '_type': 'html-file', 'sha256': '471f085f7b0be3fbebcf16f9f752a79aad7187a1360a30e67cdf6a75e75e82a1'}",13776896.0,2499.1318359375,1.41015625
0.0,14030848.0,0.0,0.0827583372592926,0.00390625,1774009491.643097,-29.168212890625,815.474609375,28581.659867339367,0.0,0.0,39.4443359375,3.546742664184421e-05,0.0,0.8388671875,-1767.68310546875,914.363446501,,14030848.0,2617.114013671875,0.8388671875
0.0,14284800.0,0.0,0.07834997773170471,0.0,1774009503.5640872,-29.919641494750977,898.646484375,28514.83011902802,0.0,0.0,22.15234375,-2.359429890930187e-05,0.0,0.0,-1890.7705078125,926.307561708,,14284800.0,3075.380126953125,0.0
0.0,14538752.0,0.0,0.08406946808099747,0.00390625,1774009515.5084639,-29.049203872680664,845.5185546875,28561.528752424234,0.0,0.0,37.162109375,-1.9954697563662194e-05,0.0,1.8154296875,-1723.44580078125,938.218677427,,14538752.0,2844.240234375,1.8154296875
0.0,14792704.0,0.0,0.08298733830451965,0.0029296875,1774009527.4193811,-29.301645278930664,890.853515625,28535.708818034098,0.0,0.0,18.15625,4.754789188154973e-05,0.0,0.8232421875,-1927.05615234375,950.148948868,,14792704.0,2982.08251953125,0.8232421875
0.0,15046656.0,0.0,0.09135200828313828,0.0009765625,1774009570.8397074,-29.544986724853516,847.62109375,28616.09795938018,0.0,0.0,19.466796875,-4.185614307061769e-05,0.0,0.0859375,-1719.199462890625,981.638096281,"{'path': 'media/html/render_15046656_86b1cc0ef9c8adefc163.html', 'size': 4158461.0, '_type': 'html-file', 'sha256': '86b1cc0ef9c8adefc16375e8ee72b2b7677f419bc9224db03378ba91b5c0c7f0'}",15046656.0,2845.5302734375,0.0859375
0.0,15300608.0,0.0,0.08796197921037674,0.0009765625,1774009571.076469,-29.570636749267578,866.8603515625,28599.88792612153,0.0,0.0,18.5947265625,2.0106532247154973e-05,0.0,0.0068359375,-1880.8778076171875,993.857491773,,15300608.0,2889.224365234375,0.0068359375
0.0,15554560.0,0.0,0.10821107029914856,0.0009765625,1774009583.0585284,-29.23146629333496,902.7529296875,28468.37220394923,0.0,0.0,19.2919921875,-7.641014963155612e-05,0.0,0.0830078125,-1887.922119140625,1005.747548971,,15554560.0,3049.220458984375,0.0830078125
0.0,15808512.0,0.0,0.09356515109539032,0.001953125,1774009594.9485629,-29.761735916137695,755.1484375,28604.78503529421,0.0,0.0,21.7021484375,3.448034476605244e-05,0.0,0.01171875,-1640.9287109375,1017.709330126,,15808512.0,2463.4228515625,0.01171875
0.0,16062464.0,0.0,0.09021449089050293,0.0,1774009606.9103253,-28.486539840698242,822.099609375,28507.154299693684,0.0,0.0,48.625,2.0083438357687555e-05,0.0,0.0,-1740.42236328125,1029.633813436,,16062464.0,2729.23876953125,0.0
0.0,16316416.0,0.0,0.09333577752113342,0.005859375,1774009651.2934444,-29.082796096801758,911.0908203125,28513.64619509269,0.0,0.0,40.8447265625,-4.010424277112179e-07,0.0,1.0615234375,-1821.458251953125,1062.091958709,"{'_type': 'html-file', 'sha256': 'c6e0cf32e873cb8b3659b2e483f2643aecbc9ba1dde072ce9e44328a3d890fd0', 'path': 'media/html/render_16316416_c6e0cf32e873cb8b3659.html', 'size': 4070897.0}",16316416.0,3005.737060546875,1.0615234375
0.0,16570368.0,0.0,0.09820130467414856,0.0029296875,1774009651.4789438,-28.761072158813477,823.6328125,28533.8229719919,0.0,0.0,18.724609375,-5.358815542422235e-05,0.0,1.2548828125,-1700.22998046875,1074.218625233,,16570368.0,2761.53564453125,1.2548828125
0.0,16824320.0,0.0,0.09226132929325104,0.0009765625,1774009663.4196498,-29.7884521484375,868.2333984375,28490.351838517137,0.0,0.0,20.0146484375,-1.570216045365669e-05,0.0,0.0107421875,-1800.870849609375,1086.152965068,,16824320.0,2908.50439453125,0.0107421875
0.0,17078272.0,0.0,0.09761331975460052,0.0009765625,1774009675.3539698,-29.21375846862793,936.32421875,28596.79199971026,0.0,0.0,18.1767578125,4.09228123317007e-05,0.0,0.2666015625,-2097.00341796875,1098.07785871,,17078272.0,3229.03173828125,0.2666015625
0.0,17332224.0,0.0,0.08941677212715149,0.0,1774009687.2787938,-28.49540138244629,927.4873046875,28492.504033334633,0.0,0.0,6.15234375,3.451383963692933e-05,0.0,0.0,-1763.87890625,1110.072476788,,17332224.0,3174.980224609375,0.0
0.0,17586176.0,0.0,0.09331364184617996,0.0009765625,1774009730.908349,-27.143035888671875,827.9208984375,28406.645615356752,0.0,0.0,17.076171875,1.8877310139941983e-05,0.0,0.494140625,-1655.1552734375,1141.706722156,"{'path': 'media/html/render_17586176_639c16e764a03b1614d2.html', 'size': 4143229.0, '_type': 'html-file', 'sha256': '639c16e764a03b1614d283dcb1e489997bee3f31540dc667a507edf7105f405d'}",17586176.0,2744.740966796875,0.494140625
0.0,17840128.0,0.0,0.09847581386566162,0.0,1774009731.0889485,-28.870075225830078,691.7685546875,28500.97955559047,0.0,0.0,6.8388671875,-2.423703517706599e-05,0.0,0.0,-1568.087646484375,1153.888374619,,17840128.0,2252.08251953125,0.0
0.0,18094080.0,0.0,0.09565658867359161,0.0107421875,1774009743.089494,-28.861412048339844,794.3525390625,28404.60029727509,0.0,0.0,61.2568359375,1.1918377822439652e-06,0.0,3.091796875,-1657.0994873046875,1165.807098721,,18094080.0,2548.311279296875,3.091796875
0.0,18348032.0,0.0,0.09562472999095917,0.005859375,1774009755.0079923,-28.927837371826172,877.599609375,28521.462215857293,0.0,0.0,57.28515625,-1.7142338037956506e-05,0.0,2.53125,-1792.25634765625,1177.780593606,,18348032.0,2922.7255859375,2.53125
0.0,18601984.0,0.0,0.10509098321199417,0.0009765625,1774009766.9810913,-28.607641220092773,675.52734375,28485.350613301092,0.0,0.0,20.4072265625,-2.2073797936172923e-06,0.0,0.16015625,-1463.07177734375,1189.67772435,,18601984.0,2262.98388671875,0.16015625
0.0,18855936.0,0.0,0.10701780021190643,0.001953125,1774009810.664379,-29.059614181518555,835.7724609375,28577.70375366259,0.0,0.0,31.1796875,2.1033663870184682e-05,0.0,0.3046875,-1890.055908203125,1221.462855045,"{'path': 'media/html/render_18855936_4fc7a52a509ec9177060.html', 'size': 4061261.0, '_type': 'html-file', 'sha256': '4fc7a52a509ec91770602cca9a43717b47bf2046a9734f99e32e5d960ebdba85'}",18855936.0,2777.874267578125,0.3046875
0.0,19109888.0,0.0,0.10775063931941986,0.001953125,1774009810.8500223,-28.266969680786133,661.4189453125,28518.629110016063,0.0,0.0,23.859375,-7.015847586444579e-06,0.0,0.96484375,-1484.88818359375,1233.595112972,,19109888.0,2169.490234375,0.96484375
0.0,19363840.0,0.0,0.11576946079730988,0.0029296875,1774009822.7962193,-28.846332550048828,804.1494140625,28438.60670399149,0.0,0.0,26.67578125,-4.547400749288499e-06,0.0,2.1171875,-1535.71630859375,1245.558296184,,19363840.0,2668.974609375,2.1171875
0.0,19617792.0,0.0,0.1188877522945404,0.0009765625,1774009834.7593575,-28.61227798461914,830.9013671875,28505.59720339218,0.0,0.0,11.8251953125,2.7765507184085436e-05,0.0,0.025390625,-1518.666015625,1257.472227178,,19617792.0,2842.24609375,0.025390625
0.0,19871744.0,0.0,0.10897316783666611,0.0,1774009846.6730645,-28.777368545532227,811.447265625,28535.46800905514,0.0,0.0,15.833984375,-2.3551383492304012e-05,0.0,0.0,-1690.039306640625,1269.43682906,,19871744.0,2737.292236328125,0.0
0.0,20125696.0,0.0,0.1045398861169815,0.00390625,1774009889.892102,-28.658817291259766,853.498046875,28494.138973679932,0.0,0.0,50.794921875,9.123925337917171e-06,0.0,2.400390625,-1748.5889892578125,1300.69050015,"{'path': 'media/html/render_20125696_a884b902f0266455396d.html', 'size': 4144841.0, '_type': 'html-file', 'sha256': 'a884b902f0266455396d6afc732e5e7f7299faab6523b43864640ba088e3015d'}",20125696.0,2811.33544921875,2.400390625
0.0,20379648.0,0.0,0.10921342670917511,0.0009765625,1774009890.0932503,-28.11746597290039,861.873046875,28405.128264147195,0.0,0.0,21.2099609375,5.370188591768965e-05,0.0,0.7451171875,-1633.646728515625,1312.883598729,,20379648.0,2841.033203125,0.7451171875
0.0,20633600.0,0.0,0.12178284674882889,0.0029296875,1774009902.0846064,-28.116004943847656,740.9638671875,28436.458088462045,0.0,0.0,28.462890625,-5.06690630572848e-05,0.0,1.3798828125,-1603.8348388671875,1324.851635273,,20633600.0,2404.3369140625,1.3798828125
0.0,20887552.0,0.0,0.1140875518321991,0.0009765625,1774009914.0527163,-27.65172004699707,794.6904296875,28436.233375698615,0.0,0.0,20.0283203125,1.4126852875051554e-05,0.0,0.87109375,-1617.2904052734375,1336.826604591,,20887552.0,2627.07568359375,0.87109375
0.0,21141504.0,0.0,0.11727090179920197,0.0,1774009926.0277073,-27.678735733032227,928.9638671875,28479.962014164368,0.0,0.0,14.3173828125,3.4496999433031306e-05,0.0,0.0,-1944.350341796875,1348.769441143,,21141504.0,3120.0556640625,0.0
0.0,21395456.0,0.0,0.10989245772361755,0.009765625,1774009970.833097,-27.860666275024414,888.1865234375,28423.25237556487,0.0,0.0,29.572265625,2.073263021884486e-05,0.0,3.8349609375,-1798.590087890625,1381.631465486,"{'size': 4221917.0, '_type': 'html-file', 'sha256': 'b0bb4aed268c72bbe2e2bcb90725c8d8488cbacd738dbb8d058123c7bfe82d3f', 'path': 'media/html/render_21395456_b0bb4aed268c72bbe2e2.html'}",21395456.0,2947.58642578125,3.8349609375
0.0,21649408.0,0.0,0.11903011053800583,0.00390625,1774009971.0680392,-28.50399398803711,848.1259765625,28542.253497903705,0.0,0.0,38.3662109375,-6.532188126584515e-05,0.0,0.9365234375,-1923.4500732421875,1393.839986861,,21649408.0,2767.73974609375,0.9365234375
0.0,21903360.0,0.0,0.11773786693811417,0.0,1774009983.041064,-28.189191818237305,870.0458984375,28364.345595058097,0.0,0.0,18.712890625,4.477191760088317e-05,0.0,0.0,-1815.852783203125,1405.808843134,,21903360.0,2888.79833984375,0.0
0.0,22157312.0,0.0,0.12769390642642975,0.001953125,1774009995.0094042,-28.2623291015625,807.6083984375,28482.185754274273,0.0,0.0,24.1181640625,-2.6406058168504387e-05,0.0,0.86328125,-1621.412353515625,1417.736315252,,22157312.0,2756.505859375,0.86328125
0.0,22411264.0,0.0,0.11937956511974335,0.0048828125,1774010006.9373486,-28.49185562133789,875.7470703125,28469.67259996061,0.0,0.0,24.873046875,2.8192331228638068e-05,0.0,0.9921875,-1784.80615234375,1429.723521059,,22411264.0,2927.1982421875,0.9921875
0.0,22665216.0,0.0,0.12283583730459213,0.0,1774010049.8924272,-28.11011505126953,881.197265625,28453.239586056654,0.0,0.0,45.900390625,7.935980647744145e-06,0.0,0.0,-1850.108642578125,1460.690919198,"{'path': 'media/html/render_22665216_997c5b1118ce687c5467.html', 'size': 4121417.0, '_type': 'html-file', 'sha256': '997c5b1118ce687c546726ec82174a54fb8eeaf8a612bb93b8f4ec40fd179664'}",22665216.0,2878.26806640625,0.0
0.0,22919168.0,0.0,0.13234509527683258,0.0009765625,1774010050.0765376,-28.465961456298828,830.1259765625,28452.963684396756,0.0,0.0,22.8193359375,-3.400853893253952e-05,0.0,0.7109375,-1732.4923095703125,1472.896025648,,22919168.0,2793.4765625,0.7109375
0.0,23173120.0,0.0,0.1283474713563919,0.00390625,1774010062.0972035,-28.345319747924805,911.271484375,28368.15596734681,0.0,0.0,52.05859375,4.871391865890473e-05,0.0,0.74609375,-1934.633544921875,1484.857365258,,23173120.0,3017.072265625,0.74609375
0.0,23427072.0,0.0,0.13296900689601898,0.0078125,1774010074.0583565,-27.10610008239746,896.2587890625,28384.8296914039,0.0,0.0,60.814453125,-2.655498064996209e-05,0.0,0.90625,-1955.87060546875,1496.807844995,,23427072.0,2858.05078125,0.90625
0.0,23681024.0,0.0,0.12280005216598511,0.001953125,1774010086.0084083,-28.614133834838867,878.6982421875,28545.54723639849,0.0,0.0,19.5322265625,2.6542467821855098e-05,0.0,0.02734375,-1689.639404296875,1508.720248461,,23681024.0,3004.59765625,0.02734375
0.0,23934976.0,0.0,0.12192349880933762,0.0029296875,1774010129.7948263,-28.787630081176758,894.611328125,28532.39518466493,0.0,0.0,66.5341796875,1.302374766964931e-05,0.0,1.8212890625,-1882.1416015625,1540.593255844,"{'path': 'media/html/render_23934976_4b6e410f6947399531d8.html', 'size': 4218469.0, '_type': 'html-file', 'sha256': '4b6e410f6947399531d8c958ddd0b5de4836f292bb7a49f2d83ca8ba005b1572'}",23934976.0,2914.52392578125,1.8212890625
0.0,24188928.0,0.0,0.11559236794710159,0.001953125,1774010129.9835312,-27.798521041870117,844.265625,28522.315312424773,0.0,0.0,27.3369140625,1.0667162314348388e-05,0.0,0.009765625,-1792.265380859375,1552.714945755,,24188928.0,2797.754638671875,0.009765625
0.0,24442880.0,0.0,0.12833243608474731,0.009765625,1774010141.9160795,-28.688190460205078,881.0498046875,28490.522538981848,0.0,0.0,45.2578125,-1.5149539649428334e-05,0.0,2.837890625,-1846.6197509765625,1564.66074695,,24442880.0,2860.66455078125,2.837890625
0.0,24696832.0,0.0,0.12131335586309433,0.0009765625,1774010153.861753,-29.204660415649414,807.1123046875,28580.94969533698,0.0,0.0,52.8203125,-1.268417327082716e-05,0.0,0.0009765625,-1687.656494140625,1576.586345442,,24696832.0,2616.61474609375,0.0009765625
0.0,24950784.0,0.0,0.12909457087516785,0.01171875,1774010165.7874422,-28.02898597717285,865.2158203125,28485.150265633616,0.0,0.0,65.2705078125,8.08422737463843e-06,0.0,3.8134765625,-1755.3055419921875,1588.525679308,,24950784.0,2808.697021484375,3.8134765625
0.0,25204736.0,0.0,0.12164374440908432,0.0029296875,1774010209.7516813,-28.88231086730957,865.1455078125,28595.72716210456,0.0,0.0,37.384765625,3.417030893615447e-05,0.0,1.0703125,-1744.261962890625,1620.55007582,"{'_type': 'html-file', 'sha256': '88845745c9285cb0bf65246920e82816eea6803cc3cf17981ca3427a38ffc150', 'path': 'media/html/render_25204736_88845745c9285cb0bf65.html', 'size': 4174689.0}",25204736.0,2925.403564453125,1.0703125
0.0,25458688.0,0.0,0.12032388895750046,0.0107421875,1774010209.961792,-28.61659049987793,829.759765625,28566.65559675749,0.0,0.0,31.5009765625,-1.5600613551214337e-05,0.0,2.3203125,-1714.730224609375,1632.710098595,,25458688.0,2812.70751953125,2.3203125
0.0,25712640.0,0.0,0.1257578581571579,0.0,1774010221.9109557,-29.536691665649414,867.1259765625,28589.81019819254,0.0,0.0,13.1162109375,3.295105852885172e-05,0.0,0.0,-1722.670166015625,1644.602697471,,25712640.0,2947.72216796875,0.0
0.0,25966592.0,0.0,0.12404895573854446,0.0,1774010233.8036492,-29.26579475402832,881.71875,28588.270147629173,0.0,0.0,15.9931640625,-3.6753448512172326e-05,0.0,0.0,-2080.301513671875,1656.501305721,,25966592.0,2971.5791015625,0.0
0.0,26220544.0,0.0,0.1200190857052803,0.0009765625,1774010245.7021675,-30.568586349487305,836.6572265625,28728.421846141242,0.0,0.0,20.0556640625,2.4788749215076678e-05,0.0,0.201171875,-1750.0927734375,1668.390568077,,26220544.0,2865.585693359375,0.201171875
0.0,26474496.0,0.0,0.11949773132801056,0.0009765625,1774010289.4090126,-30.070819854736328,905.4501953125,28596.732882637916,0.0,0.0,19.7802734375,-8.303564754896797e-06,0.0,0.005859375,-1751.3271484375,1700.207448661,"{'path': 'media/html/render_26474496_ef9d7b1b0fe6ae4cbab6.html', 'size': 4029653.0, '_type': 'html-file', 'sha256': 'ef9d7b1b0fe6ae4cbab62f4d121c77f2f4584e4ab4ef2fd03ab619e6a409ea90'}",26474496.0,3106.96240234375,0.005859375
0.0,26728448.0,0.0,0.13144755363464355,0.005859375,1774010289.6519644,-30.064693450927734,801.806640625,28643.63260176633,0.0,0.0,33.876953125,4.4564338168129325e-05,0.0,1.423828125,-1552.013671875,1712.375137142,,26728448.0,2671.14453125,1.423828125
0.0,26982400.0,0.0,0.11395525187253952,0.0048828125,1774010301.5762877,-29.64120864868164,910.892578125,28509.817244620113,0.0,0.0,49.3447265625,-3.496297722449526e-05,0.0,1.3359375,-1716.8267822265625,1724.317193269,,26982400.0,2998.962646484375,1.3359375
0.0,27236352.0,0.0,0.11507304757833481,0.0029296875,1774010313.5181048,-29.296464920043945,858.8779296875,28577.860167676874,0.0,0.0,69.517578125,6.45754553261213e-05,0.0,1.236328125,-1845.4107666015625,1736.219225752,,27236352.0,2759.32568359375,1.236328125
0.0,27490304.0,0.0,0.11845096200704575,0.0,1774010325.42028,-28.8908748626709,794.5322265625,28550.09286457746,0.0,0.0,19.421875,2.6808587350046764e-08,0.0,0.0,-1637.0966796875,1748.156331164,,27490304.0,2598.6806640625,0.0
0.0,27744256.0,0.0,0.12523354589939117,0.001953125,1774010369.3873937,-29.922067642211914,751.3740234375,28589.34900969344,0.0,0.0,40.5703125,8.576181244279724e-06,0.0,0.9501953125,-1638.194091796875,1780.185772477,"{'size': 4070145.0, '_type': 'html-file', 'sha256': 'bd727949ed34aeb1501f8d96c177c8b29b17dd9a1ec5086ac3578b8d00d99543', 'path': 'media/html/render_27744256_bd727949ed34aeb1501f.html'}",27744256.0,2426.19775390625,0.9501953125
0.0,27998208.0,0.0,0.12740664184093475,0.0009765625,1774010369.5717099,-29.613950729370117,819.6103515625,28546.7368712982,0.0,0.0,6.6982421875,3.658936111605726e-05,0.0,0.0048828125,-1507.6536865234375,1792.30576525,,27998208.0,2807.48779296875,0.0048828125
0.0,28252160.0,0.0,0.13704286515712738,0.00390625,1774010381.5068872,-30.440181732177734,794.7421875,28628.503193235563,0.0,0.0,13.3876953125,1.0540333278186154e-05,0.0,0.4140625,-1641.000732421875,1804.204825811,,28252160.0,2743.5068359375,0.4140625
0.0,28506112.0,0.0,0.1271236389875412,0.009765625,1774010393.4058363,-29.28573226928711,810.8798828125,28571.72986671673,0.0,0.0,49.412109375,-9.618702279112767e-06,0.0,2.8642578125,-1544.8828125,1816.127709265,,28506112.0,2648.853759765625,2.8642578125
0.0,28760064.0,0.0,0.1256561279296875,0.00390625,1774010405.3286011,-30.296829223632812,883.30859375,28648.610970681213,0.0,0.0,11.7255859375,1.3435379514703527e-05,0.0,0.85546875,-1831.5634765625,1828.018860074,,28760064.0,2961.81396484375,0.85546875
0.0,29014016.0,0.0,0.13581185042858124,0.0,1774010449.5245087,-29.538856506347656,812.3779296875,28596.72213410557,0.0,0.0,23.28125,7.56338295104797e-07,0.0,0.0,-1592.5164794921875,1860.322950977,"{'size': 4180029.0, '_type': 'html-file', 'sha256': 'd77bcbf10776b7416aca75890af1e7418f631c71196f4556264cc4ac52d2f161', 'path': 'media/html/render_29014016_d77bcbf10776b7416aca.html'}",29014016.0,2730.08740234375,0.0
0.0,29267968.0,0.0,0.13484232127666473,0.001953125,1774010449.727972,-30.30488395690918,872.0625,28643.68498042275,0.0,0.0,30.9755859375,6.223153832252137e-06,0.0,0.1748046875,-1941.32275390625,1872.437615734,,29267968.0,2875.964599609375,0.1748046875
0.0,29521920.0,0.0,0.12677474319934845,0.0009765625,1774010461.6386755,-30.214473724365234,924.927734375,28565.657353248167,0.0,0.0,23.1552734375,-1.5984151104930788e-05,0.0,0.1416015625,-1944.720947265625,1884.341316286,,29521920.0,3144.71484375,0.1416015625
0.0,29775872.0,0.0,0.1399599313735962,0.005859375,1774010473.5422466,-30.203529357910156,900.0703125,28691.42754805836,0.0,0.0,41.27734375,7.525015917053679e-06,0.0,1.45703125,-1858.769287109375,1896.196794334,,29775872.0,2987.703125,1.45703125
0.0,30029824.0,0.0,0.14474882185459137,0.0048828125,1774010485.397621,-30.936254501342773,808.58203125,28718.818591836978,0.0,0.0,41.8359375,-3.720825816344586e-06,0.0,1.8935546875,-1624.5093994140625,1908.072610418,,30029824.0,2652.24072265625,1.8935546875
0.0,30283776.0,0.0,0.15245893597602844,0.001953125,1774010529.5923371,-30.675079345703125,801.27734375,28736.559970165723,0.0,0.0,17.1865234375,3.44157888321206e-05,0.0,0.0048828125,-1636.5859375,1940.390737949,"{'path': 'media/html/render_30283776_0a4106a4a38ee7250e12.html', 'size': 4150233.0, '_type': 'html-file', 'sha256': '0a4106a4a38ee7250e123aee1c45067be86604e658a6cfbe2499df983f0d0f97'}",30283776.0,2731.420166015625,0.0048828125
0.0,30537728.0,0.0,0.14203183352947235,0.0009765625,1774010529.8107364,-30.96609115600586,785.2177734375,28772.705468479133,0.0,0.0,14.5625,-8.572806109441444e-06,0.0,0.009765625,-1743.3385009765625,1952.529718994,,30537728.0,2580.24462890625,0.009765625
0.0,30791680.0,0.0,0.1322484016418457,0.005859375,1774010541.7306464,-30.932735443115234,747.43359375,28626.080370463795,0.0,0.0,27.7568359375,6.179192496347241e-06,0.0,1.009765625,-1525.686767578125,1964.414285762,,30791680.0,2476.90283203125,1.009765625
0.0,31045632.0,0.0,0.15398813784122467,0.005859375,1774010553.6152804,-30.946805953979492,745.1591796875,28707.86301914439,0.0,0.0,26.1240234375,-1.2827679711335804e-05,0.0,2.681640625,-1523.630859375,1976.31863959,,31045632.0,2532.94970703125,2.681640625
0.0,31299584.0,0.0,0.13495279848575592,0.0,1774010565.5195158,-30.357200622558594,889.8671875,28660.31024298271,0.0,0.0,23.3798828125,1.9931900169467553e-05,0.0,0.0,-1808.680908203125,1988.186672731,,31299584.0,3028.6669921875,0.0
0.0,31553536.0,0.0,0.14620837569236755,0.0009765625,1774010608.2226107,-31.123451232910156,847.373046875,28675.29033785632,0.0,0.0,16.375,2.401806568741449e-06,0.0,0.0146484375,-1778.781982421875,2019.02099691,"{'path': 'media/html/render_31553536_88a23d5819144a6b3a1a.html', 'size': 4117049.0, '_type': 'html-file', 'sha256': '88a23d5819144a6b3a1a7a27772dd410ef3614aa27eee233f4a77de38720f4c0'}",31553536.0,2809.548828125,0.0146484375
0.0,31807488.0,0.0,0.13544680178165436,0.001953125,1774010608.4430385,-30.4112548828125,763.7666015625,28707.60459520301,0.0,0.0,18.0947265625,3.5780274629360065e-05,0.0,0.1474609375,-1630.269287109375,2031.140810942,,31807488.0,2590.438720703125,0.1474609375
0.0,32061440.0,0.0,0.148748517036438,0.00390625,1774010620.3418453,-31.496931076049805,934.38671875,28607.18274170925,0.0,0.0,15.732421875,-2.692286579986103e-05,0.0,0.3994140625,-1883.76708984375,2043.009035223,,32061440.0,3189.9541015625,0.3994140625
0.0,32315392.0,0.0,0.14311383664608002,0.00390625,1774010632.2100358,-31.589828491210938,873.4765625,28764.54608506081,0.0,0.0,16.189453125,3.5949895391240716e-05,0.0,1.1357421875,-1691.156982421875,2054.871532869,,32315392.0,2993.11083984375,1.1357421875
0.0,32569344.0,0.0,0.16597740352153778,0.0009765625,1774010644.0726008,-31.38837242126465,855.025390625,28684.543145513173,0.0,0.0,26.51953125,8.880431778379716e-06,0.0,0.927734375,-1695.7701416015625,2066.754819359,,32569344.0,2847.9736328125,0.927734375
0.0,32823296.0,0.0,0.1481715440750122,0.0087890625,1774010687.9923341,-31.969545364379883,804.810546875,28747.033929077657,0.0,0.0,55.5029296875,-5.978805711492896e-05,0.0,4.5908203125,-1680.1455078125,2098.790755752,"{'size': 4050441.0, '_type': 'html-file', 'sha256': 'e601ccdf0fc0afebb00b3d1b0a6ad9b197df831e5d0329ccd5c7f3cf88c2e6c9', 'path': 'media/html/render_32823296_e601ccdf0fc0afebb00b.html'}",32823296.0,2576.7099609375,4.5908203125
0.0,33077248.0,0.0,0.15832610428333282,0.0,1774010688.1836712,-31.524145126342773,928.103515625,28676.0932159427,0.0,0.0,8.4794921875,1.8185190128860995e-05,0.0,0.0,-1796.010009765625,2110.894364654,,33077248.0,3177.989990234375,0.0
0.0,33331200.0,0.0,0.15871818363666534,0.001953125,1774010700.0952516,-32.0406379699707,893.7021484375,28682.2050548234,0.0,0.0,34.1513671875,3.10904870275408e-05,0.0,0.521484375,-1923.632080078125,2122.767500696,,33331200.0,2987.09619140625,0.521484375
0.0,33585152.0,0.0,0.15390002727508545,0.0078125,1774010711.9685054,-31.8701114654541,816.0380859375,28661.370641223806,0.0,0.0,42.310546875,8.482656994601712e-06,0.0,3.9638671875,-1571.330078125,2134.643277627,,33585152.0,2644.605712890625,3.9638671875
0.0,33839104.0,0.0,0.15394221246242523,0.0,1774010723.8441198,-31.268478393554688,815.9111328125,28745.698763153163,0.0,0.0,12.8466796875,-4.519228241406381e-06,0.0,0.0,-1723.590576171875,2146.505979317,,33839104.0,2720.885986328125,0.0
0.0,34093056.0,0.0,0.13679809868335724,0.0,1774010767.9239948,-30.875356674194336,881.134765625,28691.17173842576,0.0,0.0,11.50390625,1.6065647287177853e-05,0.0,0.0,-1834.7662353515625,2178.722448458,"{'path': 'media/html/render_34093056_6c0bfeea362e9bf505e0.html', 'size': 4153673.0, '_type': 'html-file', 'sha256': '6c0bfeea362e9bf505e016c6eb545fb22025197f7bb106075a80ee74ad7d6ee5'}",34093056.0,3034.043212890625,0.0
0.0,34347008.0,0.0,0.1429857462644577,0.005859375,1774010768.1195116,-31.0012264251709,921.0439453125,28691.086727170998,0.0,0.0,30.4306640625,-4.154197540628957e-06,0.0,2.4912109375,-1816.74169921875,2190.80267372,,34347008.0,3081.696533203125,2.4912109375
0.0,34600960.0,0.0,0.14514945447444916,0.0048828125,1774010780.0035033,-31.65619659423828,914.9326171875,28641.687024452774,0.0,0.0,44.10546875,1.9090459318249486e-05,0.0,0.6083984375,-1811.22509765625,2202.671892651,,34600960.0,3027.033203125,0.6083984375
0.0,34854912.0,0.0,0.13053986430168152,0.005859375,1774010791.8728716,-31.614715576171875,863.4658203125,28779.682804173404,0.0,0.0,44.861328125,1.3829499948769808e-05,0.0,2.5966796875,-1735.4471435546875,2214.537436969,,34854912.0,2831.80078125,2.5966796875
0.0,35108864.0,0.0,0.14623743295669556,0.00390625,1774010803.7382824,-31.035303115844727,855.5927734375,28681.915426911706,0.0,0.0,24.5,-1.9564937247196212e-05,0.0,1.0849609375,-1773.3309326171875,2226.388105918,,35108864.0,2832.6220703125,1.0849609375
0.0,35362816.0,0.0,0.139886274933815,0.0048828125,1774010847.942798,-32.06085205078125,874.0263671875,28834.59158953453,0.0,0.0,22.138671875,2.5898705644067377e-05,0.0,1.091796875,-1888.882080078125,2258.741206188,"{'sha256': 'bbaf9b146d038e4fc3cce48f89e5c9c0e32384327129f43ffcd9a38b1a2c2eff', 'path': 'media/html/render_35362816_bbaf9b146d038e4fc3cc.html', 'size': 4104333.0, '_type': 'html-file'}",35362816.0,2919.86279296875,1.091796875
0.0,35616768.0,0.0,0.13624350726604462,0.0,1774010848.1637769,-31.5527286529541,969.62890625,28748.77890869273,0.0,0.0,13.2412109375,2.005082569667138e-05,0.0,0.0,-1909.183837890625,2270.863562828,,35616768.0,3333.46240234375,0.0
0.0,35870720.0,0.0,0.1314496397972107,0.0009765625,1774010860.0638237,-31.62981414794922,827.466796875,28703.50138461845,0.0,0.0,6.486328125,7.31515729057719e-06,0.0,0.01171875,-1729.64453125,2282.677228138,,35870720.0,2801.94775390625,0.01171875
0.0,36124672.0,0.0,0.1425759494304657,0.00390625,1774010871.8782747,-32.71376037597656,861.62890625,28846.923742534724,0.0,0.0,20.4326171875,-2.151842272724025e-05,0.0,0.927734375,-1652.3900146484375,2294.541906967,,36124672.0,2905.044921875,0.927734375
0.0,36378624.0,0.0,0.14363913238048553,0.001953125,1774010883.742833,-32.07276153564453,880.189453125,28799.854074725317,0.0,0.0,16.330078125,8.436494681518525e-06,0.0,0.03125,-1773.945068359375,2306.374271999,,36378624.0,2997.744140625,0.03125
0.0,36632576.0,0.0,0.13991627097129822,0.0,1774010926.5133197,-32.25840759277344,925.9677734375,28792.560301283476,0.0,0.0,10.4912109375,1.55184643517714e-05,0.0,0.0,-1944.326416015625,2337.31174959,"{'path': 'media/html/render_36632576_785c4835602d232c8c72.html', 'size': 4146133.0, '_type': 'html-file', 'sha256': '785c4835602d232c8c729561407f47ffbdf6bc1da80c96fe34e47e7845edf4bc'}",36632576.0,3130.556640625,0.0
0.0,36886528.0,0.0,0.15219931304454803,0.00390625,1774010926.7463179,-33.03150939941406,892.1640625,28925.22980283763,0.0,0.0,41.490234375,-3.1588817364536226e-05,0.0,1.529296875,-1996.623779296875,2349.438374501,,36886528.0,2950.34423828125,1.529296875
0.0,37140480.0,0.0,0.14834482967853546,0.0009765625,1774010938.639149,-31.837249755859375,898.375,28636.954352133176,0.0,0.0,24.1201171875,3.8888851122464985e-05,0.0,0.3271484375,-1892.859375,2361.306436285,,37140480.0,2976.810302734375,0.3271484375
0.0,37394432.0,0.0,0.14658807218074799,0.0029296875,1774010950.506781,-32.56699752807617,931.392578125,28774.74428864955,0.0,0.0,9.9052734375,3.0744943160243565e-06,0.0,0.05078125,-1908.0234375,2373.130610346,,37394432.0,3176.337890625,0.05078125
0.0,37648384.0,0.0,0.136800616979599,0.013671875,1774010962.3316343,-33.146297454833984,855.9599609375,28818.946380431713,0.0,0.0,33.4482421875,-3.393165025045164e-05,0.0,4.4814453125,-1720.22802734375,2384.971845687,,37648384.0,2799.889892578125,4.4814453125
0.0,37902336.0,0.0,0.12778303027153015,0.00390625,1774011006.2463923,-32.28799819946289,943.3193359375,28882.34040086009,0.0,0.0,20.6083984375,5.697090091416612e-05,0.0,1.734375,-1821.1668701171875,2417.044809798,"{'_type': 'html-file', 'sha256': 'bdcf8bab1599fd3873f226e5f510fbda15c728f4da8e0cc20cbc94ad431ec691', 'path': 'media/html/render_37902336_bdcf8bab1599fd3873f2.html', 'size': 4118097.0}",37902336.0,3209.604248046875,1.734375
0.0,38156288.0,0.0,0.13759344816207886,0.0029296875,1774011006.4418278,-32.9112434387207,916.6640625,28872.91495536816,0.0,0.0,18.947265625,-3.8893052987987176e-05,0.0,0.994140625,-1849.199951171875,2429.077467129,,38156288.0,3044.92041015625,0.994140625
0.0,38410240.0,0.0,0.13115538656711578,0.0009765625,1774011018.2782483,-33.54197311401367,936.8662109375,28902.421387411992,0.0,0.0,24.7080078125,1.9719338524737395e-05,0.0,0.0390625,-2014.473876953125,2440.864822318,,38410240.0,3116.61083984375,0.0390625
0.0,38664192.0,0.0,0.12992852926254272,0.0029296875,1774011030.0655916,-34.440914154052734,916.9775390625,28939.414110910995,0.0,0.0,11.046875,9.94243600871414e-06,0.0,0.4833984375,-1818.6866455078125,2452.684676763,,38664192.0,3134.76953125,0.4833984375
0.0,38918144.0,0.0,0.1211085394024849,0.00390625,1774011041.8855395,-33.017242431640625,761.443359375,28935.189349543856,0.0,0.0,26.953125,2.4293980459333397e-05,0.0,0.298828125,-1512.129150390625,2464.473142983,,38918144.0,2475.91552734375,0.298828125
0.0,39172096.0,0.0,0.1386900544166565,0.0126953125,1774011085.9649851,-33.316471099853516,944.384765625,28935.60123701751,0.0,0.0,24.806640625,-2.1630914488923736e-05,0.0,3.3115234375,-1849.4765625,2496.763395502,"{'path': 'media/html/render_39172096_6b19314a88dd30da8c21.html', 'size': 4045069.0, '_type': 'html-file', 'sha256': '6b19314a88dd30da8c216a654f3cd0dfa3b6daa39a75b9b6a16ae859248fa3da'}",39172096.0,3145.923828125,3.3115234375
0.0,39426048.0,0.0,0.14329104125499725,0.013671875,1774011086.1714177,-33.836097717285156,889.2548828125,29026.10220123824,0.0,0.0,62.0400390625,1.4188952263793908e-05,0.0,4.4130859375,-1759.56787109375,2508.807038972,,39426048.0,2920.83544921875,4.4130859375
0.0,39680000.0,0.0,0.13471868634223938,0.009765625,1774011098.0078888,-33.59306716918945,897.369140625,28818.27582759832,0.0,0.0,70.248046875,1.0571422535576858e-05,0.0,2.4296875,-1952.066650390625,2520.603324674,,39680000.0,2902.06298828125,2.4296875
0.0,39933952.0,0.0,0.13324062526226044,0.001953125,1774011109.804224,-33.88788986206055,899.0068359375,28999.870905213374,0.0,0.0,16.7548828125,1.0452880815137178e-05,0.0,0.693359375,-1822.2392578125,2532.391317263,,39933952.0,3004.96826171875,0.693359375
0.0,40187904.0,0.0,0.1390659511089325,0.0078125,1774011121.592298,-34.414947509765625,891.46875,28943.596062623597,0.0,0.0,38.8876953125,-3.7983612855896354e-05,0.0,2.7392578125,-1952.8258056640625,2544.213539423,,40187904.0,2908.5458984375,2.7392578125
0.0,40441856.0,0.0,0.14085538685321808,0.001953125,1774011164.1735697,-34.542728424072266,947.400390625,28918.3442432615,0.0,0.0,13.3193359375,2.5968862246372737e-05,0.0,0.3173828125,-2010.7724609375,2574.971986967,"{'path': 'media/html/render_40441856_e7bfb09bb0b7cf3e4d0a.html', 'size': 4139521.0, '_type': 'html-file', 'sha256': 'e7bfb09bb0b7cf3e4d0a6e8463f54683a20554516c8b5e49239cc27cab07ff83'}",40441856.0,3170.42626953125,0.3173828125
0.0,40695808.0,0.0,0.1308499574661255,0.00390625,1774011164.413911,-34.64395523071289,944.3642578125,28979.016481648654,0.0,0.0,10.3759765625,-2.880031388485804e-06,0.0,0.09375,-1860.622802734375,2587.046990278,,40695808.0,3224.727294921875,0.09375
0.0,40949760.0,0.0,0.15440882742404938,0.00390625,1774011176.2479033,-34.638572692871094,907.0,28936.748924276944,0.0,0.0,25.69140625,-3.841032230411656e-05,0.0,1.578125,-1894.078125,2598.855408146,,40949760.0,3031.3857421875,1.578125
0.0,41203712.0,0.0,0.1569751650094986,0.0078125,1774011188.0564919,-34.73238754272461,910.9189453125,28947.256065290698,0.0,0.0,30.95703125,1.5738969523226842e-05,0.0,1.7568359375,-1967.1915283203125,2610.652250345,,41203712.0,3001.976806640625,1.7568359375
0.0,41457664.0,0.0,0.14826062321662903,0.009765625,1774011199.8532083,-35.06669235229492,910.662109375,29016.95897219316,0.0,0.0,44.21875,5.845296527695609e-06,0.0,6.134765625,-1894.3336181640625,2622.418557685,,41457664.0,2990.609130859375,6.134765625
0.0,41711616.0,0.0,0.1477040797472,0.0068359375,1774011243.8370273,-35.81312561035156,941.888671875,29014.131691863415,0.0,0.0,52.7666015625,1.8724638721323572e-05,0.0,2.2900390625,-1873.8046875,2654.635445041,"{'path': 'media/html/render_41711616_6d96972ba3f7740ea22e.html', 'size': 4104225.0, '_type': 'html-file', 'sha256': '6d96972ba3f7740ea22e1b44ba465be45ac697777bf643d9886e6e253fcece7c'}",41711616.0,3121.4794921875,2.2900390625
0.0,41965568.0,0.0,0.1371244341135025,0.0,1774011244.0310924,-35.52677536010742,913.45703125,29017.79532676339,0.0,0.0,6.7529296875,1.722429078654386e-05,0.0,0.0,-1798.817138671875,2666.655846623,,41965568.0,3058.71142578125,0.0
0.0,42219520.0,0.0,0.13252750039100647,0.001953125,1774011255.856797,-35.14897155761719,868.21875,28841.384995103486,0.0,0.0,18.0576171875,-1.24391390272649e-05,0.0,0.0576171875,-1799.2774658203125,2678.480404641,,42219520.0,2954.32275390625,0.0576171875
0.0,42473472.0,0.0,0.14129652082920074,0.0107421875,1774011267.6812918,-34.45259475708008,908.931640625,28926.0852295684,0.0,0.0,47.8203125,-2.3782318748999387e-05,0.0,3.9091796875,-1859.09716796875,2690.243728434,,42473472.0,2974.37646484375,3.9091796875
0.0,42727424.0,0.0,0.15037290751934052,0.00390625,1774011279.4445896,-36.04804992675781,802.595703125,29015.40733805882,0.0,0.0,37.69921875,2.223551746283192e-06,0.0,1.09375,-1618.1009521484375,2702.025618088,,42727424.0,2644.77587890625,1.09375
0.0,42981376.0,0.0,0.1446593552827835,0.001953125,1774011323.9773364,-35.85694122314453,969.013671875,29091.01491965074,0.0,0.0,25.58984375,5.240236350800842e-05,0.0,0.400390625,-2045.7940673828125,2734.775759251,"{'path': 'media/html/render_42981376_46693fcd07d833204ec4.html', 'size': 4108221.0, '_type': 'html-file', 'sha256': '46693fcd07d833204ec4c81b061dc44ecba569c37a0875ad0203b5612455a679'}",42981376.0,3264.807861328125,0.400390625
0.0,43235328.0,0.0,0.14578254520893097,0.0068359375,1774011324.1864862,-35.06265640258789,957.369140625,28943.32629892508,0.0,0.0,33.4052734375,7.512009233323624e-06,0.0,1.5732421875,-1930.248779296875,2746.816646147,,43235328.0,3201.610595703125,1.5732421875
0.0,43489280.0,0.0,0.14649976789951324,0.0,1774011336.0169675,-35.510623931884766,863.0498046875,28960.500530526933,0.0,0.0,2.412109375,-6.96267670718953e-05,0.0,0.0,-1736.768798828125,2758.574468487,,43489280.0,2989.06201171875,0.0
0.0,43743232.0,0.0,0.1449417918920517,0.0048828125,1774011347.7753348,-36.13010787963867,904.2705078125,29026.589453541324,0.0,0.0,34.890625,0.00010032489808509126,0.0,1.48828125,-1870.243896484375,2770.368536103,,43743232.0,3009.97900390625,1.48828125
0.0,43997184.0,0.0,0.14599353075027466,0.0078125,1774011359.569394,-35.77561950683594,946.447265625,29060.980434081306,0.0,0.0,37.1142578125,-4.273275044397451e-05,0.0,1.44921875,-1911.1358642578125,2782.135976742,,43997184.0,3182.167236328125,1.44921875
0.0,44251136.0,0.0,0.16136884689331055,0.009765625,1774011402.6805499,-36.56254959106445,881.86328125,29001.442987917406,0.0,0.0,53.1103515625,1.6839889212860726e-05,0.0,1.701171875,-1784.9041748046875,2813.478944611,"{'path': 'media/html/render_44251136_6fc452133448eca2c123.html', 'size': 4148381.0, '_type': 'html-file', 'sha256': '6fc452133448eca2c1230292ee618a535c8e131a836046c527fa1883952fee9b'}",44251136.0,2870.3310546875,1.701171875
0.0,44505088.0,0.0,0.14340338110923767,0.0029296875,1774011402.897999,-36.961585998535156,931.251953125,29121.379065332112,0.0,0.0,19.8671875,3.554557406459935e-05,0.0,0.6494140625,-1842.0087890625,2825.501926961,,44505088.0,3078.72021484375,0.6494140625
0.0,44759040.0,0.0,0.1438102126121521,0.0,1774011414.7029436,-36.31208038330078,897.5244140625,28925.388473211726,0.0,0.0,11.41015625,1.900596180348657e-05,0.0,0.0,-1781.6702880859375,2837.281502461,,44759040.0,3061.548828125,0.0
0.0,45012992.0,0.0,0.1361549347639084,0.00390625,1774011426.4824917,-36.173553466796875,945.7158203125,29096.23904858322,0.0,0.0,35.3251953125,9.584843610355165e-06,0.0,0.3125,-1929.918212890625,2849.030125196,,45012992.0,3117.411376953125,0.3125
0.0,45266944.0,0.0,0.1425303965806961,0.0029296875,1774011438.2309868,-36.30363464355469,911.41015625,29071.105902263287,0.0,0.0,21.47265625,-1.0491282409930136e-05,0.0,1.3603515625,-1834.136962890625,2860.788373601,,45266944.0,3064.43505859375,1.3603515625
0.0,45520896.0,0.0,0.14539983868598938,0.0146484375,1774011482.0708168,-36.6739387512207,806.5185546875,29165.224638039297,0.0,0.0,48.7734375,-6.258133362280205e-05,0.0,2.66796875,-1633.8658447265625,2892.869180074,"{'_type': 'html-file', 'sha256': '57c4921ae917fcc092f2cf29daa74e7dbe746d7daec8832699aa55aa6f5b1353', 'path': 'media/html/render_45520896_57c4921ae917fcc092f2.html', 'size': 4150805.0}",45520896.0,2629.81884765625,2.66796875
0.0,45774848.0,0.0,0.15014328062534332,0.0,1774011482.2622862,-36.92045593261719,849.619140625,29079.074970862963,0.0,0.0,10.9404296875,-0.00028622333775274456,0.0,0.0,-1426.902587890625,2904.871338615,,45774848.0,2889.61962890625,0.0
0.0,46028800.0,0.0,0.14410251379013062,0.0078125,1774011494.0724478,-37.10954284667969,873.8193359375,29023.228852746754,0.0,0.0,43.5498046875,0.00035110421595163643,0.0,3.173828125,-1584.56396484375,2916.607710611,,46028800.0,2967.43701171875,3.173828125
0.0,46282752.0,0.0,0.1453644037246704,0.005859375,1774011505.8086789,-38.127159118652344,933.8349609375,29116.54863456846,0.0,0.0,24.224609375,8.293486462207511e-05,0.0,2.5263671875,-1839.290283203125,2928.371364225,,46282752.0,3159.359619140625,2.5263671875
0.0,46536704.0,0.0,0.14041279256343842,0.0,1774011517.5722485,-37.518409729003906,930.35546875,29151.907192249775,0.0,0.0,22.4013671875,3.616884569623835e-08,0.0,0.0,-1847.56787109375,2940.099054335,,46536704.0,3118.15234375,0.0
0.0,46790656.0,0.0,0.13906481862068176,0.00390625,1774011560.1016133,-36.94322204589844,751.96875,29128.563991224502,0.0,0.0,46.5498046875,2.2184010958881117e-05,0.0,1.439453125,-1609.65380859375,2970.899995199,"{'size': 4190285.0, '_type': 'html-file', 'sha256': 'b8bec2ff68ee330ad07f212aa5025096ba05994a982ce2583059dced94a17557', 'path': 'media/html/render_46790656_b8bec2ff68ee330ad07f.html'}",46790656.0,2429.1416015625,1.439453125
0.0,47044608.0,0.0,0.14127276837825775,0.0068359375,1774011560.2944653,-36.39487838745117,886.740234375,29098.190432819345,0.0,0.0,27.056640625,-3.7966176478221314e-06,0.0,3.189453125,-1728.32861328125,2982.844849674,,47044608.0,3008.018310546875,3.189453125
0.0,47298560.0,0.0,0.14183206856250763,0.0234375,1774011572.0452178,-37.74052429199219,887.8740234375,29078.460528124404,0.0,0.0,31.123046875,8.941578016674612e-06,0.0,5.6494140625,-1878.557373046875,2994.605474017,,47298560.0,2929.633544921875,5.6494140625
0.0,47552512.0,0.0,0.14741860330104828,0.0,1774011583.8065302,-36.771846771240234,943.23046875,29155.456470555066,0.0,0.0,30.6884765625,-1.770167364156805e-05,0.0,0.0,-1913.6558837890625,3006.356617032,,47552512.0,3165.693359375,0.0
0.0,47806464.0,0.0,0.15700846910476685,0.0048828125,1774011595.5574749,-37.25688552856445,904.7060546875,29138.632990821297,0.0,0.0,52.859375,2.014749225054402e-05,0.0,1.556640625,-1841.6513671875,3018.124174028,,47806464.0,2973.770263671875,1.556640625
0.0,48060416.0,0.0,0.15316247940063477,0.005859375,1774011639.784901,-36.64371871948242,925.7802734375,29148.638758603778,0.0,0.0,42.78125,-3.5305583878653124e-06,0.0,3.4013671875,-1957.3736572265625,3050.583319199,"{'path': 'media/html/render_48060416_06003cd826c0fbc169ff.html', 'size': 4070001.0, '_type': 'html-file', 'sha256': '06003cd826c0fbc169ffa595776b6fb950d0bd3575c26e7f991ac9b0a6815571'}",48060416.0,3073.419677734375,3.4013671875
0.0,48314368.0,0.0,0.15624399483203888,0.017578125,1774011640.069782,-36.59127426147461,892.759765625,29118.168417503413,0.0,0.0,44.970703125,-3.082934199483134e-05,0.0,3.138671875,-1825.412841796875,3062.635854054,,48314368.0,2993.52783203125,3.138671875
0.0,48568320.0,0.0,0.14893969893455505,0.001953125,1774011651.8365583,-37.12459945678711,881.80078125,29208.699424958606,0.0,0.0,26.7060546875,5.43188834853936e-05,0.0,0.6083984375,-1718.13671875,3074.396587833,,48568320.0,3003.294189453125,0.6083984375
0.0,48822272.0,0.0,0.16090768575668335,0.009765625,1774011663.5974877,-36.30662536621094,888.46484375,29099.137206798678,0.0,0.0,68.8193359375,-7.596790965180844e-06,0.0,2.8056640625,-1858.0386962890625,3086.145590721,,48822272.0,2853.168701171875,2.8056640625
0.0,49076224.0,0.0,0.165928453207016,0.001953125,1774011675.3465605,-36.865657806396484,945.662109375,29210.726805088216,0.0,0.0,17.3779296875,-1.4620313777413685e-05,0.0,0.8916015625,-1874.922119140625,3097.881076008,,49076224.0,3217.845947265625,0.8916015625
0.0,49330176.0,0.0,0.14517827332019806,0.0126953125,1774011717.9663155,-37.33885192871094,898.2392578125,29197.092466724927,0.0,0.0,57.1435546875,-4.408826134749688e-05,0.0,4.724609375,-1878.713623046875,3128.764786886,"{'size': 4082405.0, '_type': 'html-file', 'sha256': 'ba66bf7584c1db31e28ec57323a6f2c41f49203499d9889ef30862ce0a9dda67', 'path': 'media/html/render_49330176_ba66bf7584c1db31e28e.html'}",49330176.0,2951.6962890625,4.724609375
0.0,49584128.0,0.0,0.15312908589839935,0.0087890625,1774011718.1573467,-37.820838928222656,912.3583984375,29280.652207550815,0.0,0.0,31.7314453125,2.5630462914705276e-05,0.0,2.126953125,-1788.80419921875,3140.723089372,,49584128.0,3110.83056640625,2.126953125
0.0,49838080.0,0.0,0.14626556634902954,0.0107421875,1774011729.9240263,-37.01136016845703,893.49609375,29118.51548043497,0.0,0.0,26.373046875,5.0623137212824076e-05,0.0,2.376953125,-1859.230712890625,3152.458407805,,49838080.0,2936.4091796875,2.376953125
0.0,50092032.0,0.0,0.14085976779460907,0.0078125,1774011741.6592312,-38.155235290527344,942.7265625,29264.6841651483,0.0,0.0,33.8525390625,-8.402139428653754e-06,0.0,3.134765625,-2003.231201171875,3164.214056126,,50092032.0,3094.686767578125,3.134765625
0.0,50345984.0,0.0,0.14382053911685944,0.0048828125,1774011753.4150898,-36.73283386230469,949.9345703125,29120.459504206432,0.0,0.0,33.9111328125,-4.9548714741831645e-05,0.0,1.2119140625,-1888.7613525390625,3175.953664289,,50345984.0,3149.249267578125,1.2119140625
0.0,50599936.0,0.0,0.1401670128107071,0.001953125,1774011797.588391,-37.56181716918945,866.251953125,29244.304767424106,0.0,0.0,25.0908203125,7.711796934017912e-05,0.0,0.0673828125,-1722.5498046875,3208.38684105,"{'_type': 'html-file', 'sha256': 'ca5dbdff9bd69e0cbf1d075571fe65e58a93eccfe7ee253119861c7c78ffcae8', 'path': 'media/html/render_50599936_ca5dbdff9bd69e0cbf1d.html', 'size': 3987805.0}",50599936.0,2945.707763671875,0.0673828125
0.0,50853888.0,0.0,0.13356143236160278,0.0048828125,1774011797.7918513,-36.365455627441406,874.556640625,29050.739206100603,0.0,0.0,27.5576171875,4.087083198101027e-06,0.0,1.228515625,-1825.2509765625,3220.38494412,,50853888.0,2890.63671875,1.228515625
0.0,51107840.0,0.0,0.12976834177970886,0.013671875,1774011809.5858643,-37.636478424072266,910.74609375,29098.03542531669,0.0,0.0,44.5703125,-1.1827821253973525e-05,0.0,4.4150390625,-1884.9097900390625,3232.132207251,,51107840.0,3045.4716796875,4.4150390625
0.0,51361792.0,0.0,0.14192496240139008,0.0029296875,1774011821.3332624,-37.526859283447266,941.392578125,29221.17014696043,0.0,0.0,23.7724609375,2.476860572642181e-05,0.0,1.6103515625,-1854.566162109375,3243.878646131,,51361792.0,3213.79736328125,1.6103515625
0.0,51615744.0,0.0,0.14114564657211304,0.0126953125,1774011833.0796602,-37.69288635253906,921.4521484375,29216.494882850333,0.0,0.0,49.6904296875,-1.5923014871077612e-05,0.0,1.791015625,-2021.821044921875,3244.721206265,,51615744.0,3022.587890625,1.791015625
