training/sps,training/actor_loss,eval/episode_success_easy,training/log_alpha,eval/episode_reward_survive,_step,eval/episode_reward_near,eval/episode_dist,training/alpha_loss,step,eval/episode_reward,render,training/entropy,eval/episode_success_any,eval/episode_reward_dist,eval/episode_success_hard,eval/episode_success,training/critic_loss,_runtime,_timestamp,eval/episode_reward_ctrl
,,,,,0.0,,,,,,"{'sha256': 'bf2fe544ff3f0df750d8a9c9688e337f2448ec6a763813623ba36af25a411230', 'path': 'media/html/render_0_bf2fe544ff3f0df750d8.html', 'size': 941265, '_type': 'html-file'}",,,,,,,26.800638202000002,1773460051.1624188,
,,,,,1.0,,,,,,"{'path': 'media/html/render_1_6e3e15025bae28d1cf34.html', 'size': 943305, '_type': 'html-file', 'sha256': '6e3e15025bae28d1cf342f2cb4afe8184bac751a7d6bd2550a8ad9a181b8643a'}",,,,,,,60.715825671,1773460085.07763,
14169.671486736524,-15.568872451782227,0.0,0.0,0.0,1333248.0,0.0,131.75738525390625,0.5821512937545776,1333248.0,178.287109375,,0.0,0.990234375,-131.75738525390625,0.0,178.287109375,0.037238795310258865,66.704322249,1773460085.2302668,0.0
49644.31723573624,-12.599396705627441,0.0,0.0,0.0,1587200.0,0.0,107.98910522460938,0.008456548675894737,1587200.0,270.9169921875,,0.0,0.8759765625,-107.98910522460938,0.0,270.9169921875,0.04209369793534279,72.534847443,1773460091.0650687,0.0
49665.97004687799,-9.591708183288574,0.0,0.0,0.0,1841152.0,0.0,78.28564453125,-0.00022698139946442097,1841152.0,454.5087890625,,0.0,0.8896484375,-78.28564453125,0.0,454.5087890625,0.12120121717453003,78.360390551,1773460096.8961666,0.0
49722.56150202902,-9.494026184082031,0.0,0.0,0.0,2095104.0,0.0,67.71308135986328,-0.00028785658651031554,2095104.0,482.0771484375,,0.0,0.7890625,-67.71308135986328,0.0,482.0771484375,0.3297843337059021,84.191066449,1773460102.7216706,0.0
49685.25911939676,-10.932676315307617,0.0,0.0,0.0,2349056.0,0.0,54.76204299926758,-0.000361161568434909,2349056.0,599.017578125,"{'path': 'media/html/render_2349056_889cec88fcb127c86b46.html', 'size': 908165, '_type': 'html-file', 'sha256': '889cec88fcb127c86b46ccd5e09ff211af1e83f916f8ccd9d6ae032e486371f2'}",0.0,0.78515625,-54.76204299926758,0.0,599.017578125,0.6137441992759705,98.98836725,1773460123.350164,0.0
49527.29747888532,-13.710715293884277,0.0,0.0,0.0,2603008.0,0.0,36.466346740722656,-0.00038587988819926977,2603008.0,819.31640625,,0.0,0.98046875,-36.466346740722656,0.0,819.31640625,0.9613514542579651,104.959318978,1773460123.49672,0.0
49782.33450285663,-18.279203414916992,0.0,0.0,0.0,2856960.0,0.0,39.62872314453125,-0.0001790466922102496,2856960.0,779.9111328125,,0.0,0.9365234375,-39.62872314453125,0.0,779.9111328125,1.3152624368667603,110.794333221,1773460129.3206086,0.0
49647.71645417444,-24.09654998779297,0.0,0.0,0.0,3110912.0,0.0,34.411231994628906,-0.0002417504438199103,3110912.0,834.5576171875,,0.0,0.9765625,-34.411231994628906,0.0,834.5576171875,1.5669687986373901,116.636098049,1773460135.1557286,0.0
49572.11816624211,-29.657079696655273,0.0,0.0,0.0,3364864.0,0.0,34.33153533935547,-4.1870411223499104e-05,3364864.0,829.29296875,,0.0,0.9658203125,-34.33153533935547,0.0,829.29296875,1.7905725240707397,122.479662283,1773460140.9973652,0.0
49583.20849261122,-35.22869873046875,0.0,0.0,0.0,3618816.0,0.0,32.619293212890625,-9.222250810125843e-06,3618816.0,871.98046875,"{'path': 'media/html/render_3618816_69c1dbb96a5ab648f21c.html', 'size': 908897, '_type': 'html-file', 'sha256': '69c1dbb96a5ab648f21c0c7bec04e79b0511738231102006c0be56cf3d3052eb'}",0.0,0.9814453125,-32.619293212890625,0.0,871.98046875,1.9413894414901733,137.459793065,1773460161.8215964,0.0
49541.84695659227,-39.59035873413086,0.0,0.0,0.0,3872768.0,0.0,31.41656494140625,-1.560821146995295e-05,3872768.0,859.6982421875,,0.0,0.93359375,-31.41656494140625,0.0,859.6982421875,2.0538058280944824,143.431942236,1773460161.9653187,0.0
49746.5524440709,-44.86690139770508,0.0,0.0,0.0,4126720.0,0.0,31.393301010131836,0.00010753344395197928,4126720.0,857.9296875,,0.0,0.9599609375,-31.393301010131836,0.0,857.9296875,2.060748338699341,149.270467487,1773460167.7931666,0.0
49608.03316678744,-48.26295471191406,0.0,0.0,0.0,4380672.0,0.0,31.14838409423828,-2.3800694179954007e-05,4380672.0,875.201171875,,0.0,0.955078125,-31.14838409423828,0.0,875.201171875,2.0241494178771973,155.112099756,1773460173.631596,0.0
49574.321529408044,-52.32950210571289,0.0,0.0,0.0,4634624.0,0.0,28.606826782226562,0.00012194902228657156,4634624.0,902.138671875,,0.0,0.984375,-28.606826782226562,0.0,902.138671875,1.9332751035690308,160.953034948,1773460179.4733567,0.0
49613.13742779756,-54.60468292236328,0.0,0.0,0.0,4888576.0,0.0,28.798437118530273,-2.175064400944393e-05,4888576.0,905.0263671875,"{'path': 'media/html/render_4888576_44adcd19c701d976b285.html', 'size': 910369, '_type': 'html-file', 'sha256': '44adcd19c701d976b28526342729ccceda596da93d5ea3937b6f4cbaefa34924'}",0.0,0.9677734375,-28.798437118530273,0.0,905.0263671875,1.933152675628662,175.640431411,1773460200.0022671,0.0
49538.75251898866,-57.088871002197266,0.0,0.0,0.0,5142528.0,0.0,31.277740478515625,5.1715815061470494e-05,5142528.0,915.720703125,,0.0,0.982421875,-31.277740478515625,0.0,915.720703125,1.9107753038406372,181.645440736,1773460200.1526058,0.0
49506.931976438806,-60.27354431152344,0.0,0.0,0.0,5396480.0,0.0,30.137481689453125,6.30645954515785e-05,5396480.0,905.859375,,0.0,0.978515625,-30.137481689453125,0.0,905.859375,1.737723708152771,187.475545738,1773460206.0067046,0.0
49693.05915919857,-61.5993766784668,0.0,0.0,0.0,5650432.0,0.0,27.144922256469727,9.727396536618471e-05,5650432.0,944.4599609375,,0.0,0.9970703125,-27.144922256469727,0.0,944.4599609375,1.6843962669372559,193.313752617,1773460211.8367665,0.0
49611.61921054996,-64.2206039428711,0.0,0.0,0.0,5904384.0,0.0,28.187076568603516,4.8960129788611084e-05,5904384.0,933.236328125,,0.0,0.982421875,-28.187076568603516,0.0,933.236328125,1.587468147277832,199.136872982,1773460217.6749845,0.0
49759.317874515924,-65.3787612915039,0.0,0.0,0.0,6158336.0,0.0,27.11749267578125,-5.848506589245517e-06,6158336.0,929.705078125,"{'path': 'media/html/render_6158336_7520cd65ee3e1bde919b.html', 'size': 906877, '_type': 'html-file', 'sha256': '7520cd65ee3e1bde919b1df954788093b071480c3027bf8efbaf15c48795e19a'}",0.0,0.974609375,-27.11749267578125,0.0,929.705078125,1.601863145828247,214.246051132,1773460238.607822,0.0
49563.50501131911,-66.02935791015625,0.0,0.0,0.0,6412288.0,0.0,26.14472198486328,5.624359619105235e-05,6412288.0,943.505859375,,0.0,0.990234375,-26.14472198486328,0.0,943.505859375,1.6152476072311401,220.245259319,1773460238.7640898,0.0
49606.637707414084,-67.1807861328125,0.0,0.0,0.0,6666240.0,0.0,25.336116790771484,0.00010023449431173503,6666240.0,950.912109375,,0.0,0.9951171875,-25.336116790771484,0.0,950.912109375,1.4902480840682983,226.06473204,1773460244.6064398,0.0
49802.89699349354,-67.93555450439453,0.0,0.0,0.0,6920192.0,0.0,25.758533477783203,-2.4460730855935253e-05,6920192.0,955.703125,,0.0,0.994140625,-25.758533477783203,0.0,955.703125,1.4825247526168823,231.907969177,1773460250.4260352,0.0
49564.18998665075,-69.84611511230469,0.0,0.0,0.0,7174144.0,0.0,26.13235855102539,4.396189615363255e-05,7174144.0,940.607421875,,0.0,0.9853515625,-26.13235855102539,0.0,940.607421875,1.389569878578186,237.760610353,1773460256.269316,0.0
49480.34876246622,-71.04879760742188,0.0,0.0,0.0,7428096.0,0.0,23.576202392578125,0.00022160448133945465,7428096.0,964.3232421875,"{'_type': 'html-file', 'sha256': 'c32de963436448dbd0bdfa025f90fab42aaba4b4fdb5854c469db9b2ad2f4b56', 'path': 'media/html/render_7428096_c32de963436448dbd0bd.html', 'size': 906137}",0.0,0.9970703125,-23.576202392578125,0.0,964.3232421875,1.2877331972122192,252.522144849,1773460276.8839626,0.0
49656.38668427065,-71.9954833984375,0.0,0.0,0.0,7682048.0,0.0,24.620105743408203,-4.9126836529467255e-05,7682048.0,961.0078125,,0.0,0.9970703125,-24.620105743408203,0.0,961.0078125,1.2247083187103271,258.519240721,1773460277.0372362,0.0
49604.87270238196,-72.84162902832031,0.0,0.0,0.0,7936000.0,0.0,24.735313415527344,5.032832996221259e-05,7936000.0,954.3974609375,,0.0,0.990234375,-24.735313415527344,0.0,954.3974609375,1.1957814693450928,264.356454391,1773460282.8804219,0.0
49616.17876344675,-73.36331939697266,0.0,0.0,0.0,8189952.0,0.0,24.609642028808594,-6.12344520050101e-05,8189952.0,965.8232421875,,0.0,0.9990234375,-24.609642028808594,0.0,965.8232421875,1.2103351354599,270.174752351,1773460288.7172947,0.0
49809.74872100726,-73.79043579101562,0.0,0.0,0.0,8443904.0,0.0,23.444988250732422,7.130215817596763e-05,8443904.0,966.6376953125,,0.0,1.0,-23.444988250732422,0.0,966.6376953125,1.1751291751861572,275.996585153,1773460294.535994,0.0
49759.541031495726,-75.13422393798828,0.0,0.0,0.0,8697856.0,0.0,23.53864288330078,8.197868010029197e-05,8697856.0,968.7568359375,"{'path': 'media/html/render_8697856_8149a6c38cbca29c266c.html', 'size': 906561, '_type': 'html-file', 'sha256': '8149a6c38cbca29c266c0feca33532a26f9ee0287134e582625f49dcbcf561b2'}",0.0,0.9990234375,-23.53864288330078,0.0,968.7568359375,1.1113191843032837,291.042084185,1773460315.4039173,0.0
49553.34330871248,-75.9227523803711,0.0,0.0,0.0,8951808.0,0.0,23.257204055786133,7.156688661780208e-05,8951808.0,964.7021484375,,0.0,0.9970703125,-23.257204055786133,0.0,964.7021484375,1.0910557508468628,297.014205025,1773460315.5582535,0.0
49831.27568438293,-76.32321166992188,0.0,0.0,0.0,9205760.0,0.0,23.584482192993164,-4.4693017116514966e-05,9205760.0,969.7939453125,,0.0,0.9990234375,-23.584482192993164,0.0,969.7939453125,1.0544464588165283,302.845420509,1773460321.3754125,0.0
49679.39621453141,-77.42144012451172,0.0,0.0,0.0,9459712.0,0.0,23.55166244506836,6.900313019286841e-05,9459712.0,969.6015625,,0.0,0.998046875,-23.55166244506836,0.0,969.6015625,1.0132551193237305,308.673449707,1773460327.2062297,0.0
49695.537604219775,-78.35620880126953,0.0,0.0,0.0,9713664.0,0.0,25.997711181640625,7.656084198970348e-05,9713664.0,966.84765625,,0.0,0.998046875,-25.997711181640625,0.0,966.84765625,0.9621310234069824,314.517197017,1773460333.0347006,0.0
49548.67083166586,-77.96819305419922,0.0,0.0,0.0,9967616.0,0.0,23.924657821655273,5.4673778322467115e-06,9967616.0,971.59375,"{'_type': 'html-file', 'sha256': '205f8952fc9bc3eccac9d337c90a6b567e381aa24e953449327e1487f117bd2e', 'path': 'media/html/render_9967616_205f8952fc9bc3eccac9.html', 'size': 906777}",0.0,1.0,-23.924657821655273,0.0,971.59375,0.9766034483909607,329.209322839,1773460353.571079,0.0
49787.560802649874,-78.6935043334961,0.0,0.0,0.0,10221568.0,0.0,24.64548683166504,3.718738298630342e-05,10221568.0,968.6435546875,,0.0,0.9990234375,-24.64548683166504,0.0,968.6435546875,0.9563276767730713,335.220145469,1773460353.736022,0.0
49573.140225533534,-80.79068756103516,0.0,0.0,0.0,10475520.0,0.0,24.051321029663086,3.993995414930396e-05,10475520.0,967.24609375,,0.0,0.998046875,-24.051321029663086,0.0,967.24609375,0.881266176700592,341.067485241,1773460359.5814505,0.0
49520.82022902508,-82.65575408935547,0.0,0.0,0.0,10729472.0,0.0,25.158042907714844,7.030017877696082e-05,10729472.0,968.134765625,,0.0,0.9990234375,-25.158042907714844,0.0,968.134765625,0.8099833130836487,346.933442592,1773460365.428926,0.0
49357.55997897899,-85.52011108398438,0.0,0.0,0.0,10983424.0,0.0,25.10956573486328,0.00011478690430521965,10983424.0,956.1728515625,,0.0,0.9931640625,-25.10956573486328,0.0,956.1728515625,0.6877700686454773,352.770830995,1773460371.2946973,0.0
49613.061168093824,-87.36302947998047,0.0,0.0,0.0,11237376.0,0.0,27.006826400756836,2.4677829060237855e-05,11237376.0,942.5224609375,"{'path': 'media/html/render_11237376_50a98d10957a607885dc.html', 'size': 906041, '_type': 'html-file', 'sha256': '50a98d10957a607885dcaee31c09801726aefe3a2f9a16214a11e8a3c2d5c2b3'}",0.0,0.998046875,-27.006826400756836,0.0,942.5224609375,0.56395024061203,367.891382048,1773460392.2532344,0.0
49364.632879285185,-89.44409942626953,0.0,0.0,0.0,11491328.0,0.0,27.890399932861328,0.00010226666199741885,11491328.0,946.4189453125,,0.0,0.9892578125,-27.890399932861328,0.0,946.4189453125,0.4325999915599823,373.914879282,1773460392.4321795,0.0
49599.005656507084,-90.716552734375,0.0,0.0,0.0,11745280.0,0.0,24.672393798828125,6.992846465436742e-05,11745280.0,969.5908203125,,0.0,0.9990234375,-24.672393798828125,0.0,969.5908203125,0.31703248620033264,379.77767857,1773460398.2761958,0.0
49389.00781607541,-91.98883819580078,0.0,0.0,0.0,11999232.0,0.0,24.168872833251953,3.355252556502819e-05,11999232.0,974.380859375,,0.0,1.0,-24.168872833251953,0.0,974.380859375,0.2862502932548523,385.619441586,1773460404.1390135,0.0
49581.45900209688,-93.30480194091797,0.0,0.0,0.0,12253184.0,0.0,26.84560775756836,8.253714622696862e-05,12253184.0,944.91796875,,0.0,0.99609375,-26.84560775756836,0.0,944.91796875,0.18530000746250153,391.483897391,1773460409.9803913,0.0
49369.00985116601,-94.28214263916016,0.0,0.0,0.0,12507136.0,0.0,27.47197151184082,3.824168015853502e-05,12507136.0,956.8857421875,"{'path': 'media/html/render_12507136_f7f85d13fa57387359fe.html', 'size': 905861, '_type': 'html-file', 'sha256': 'f7f85d13fa57387359fefd2f82dc7cce2e4d955348dde11bb3228f943635bb38'}",0.0,0.998046875,-27.47197151184082,0.0,956.8857421875,0.1330767422914505,406.291179838,1773460430.6527598,0.0
49613.61116757251,-94.64485168457031,0.0,0.0,0.0,12761088.0,0.0,26.209178924560547,3.0037677788641304e-05,12761088.0,970.75390625,,0.0,0.9990234375,-26.209178924560547,0.0,970.75390625,0.13846102356910706,412.305832576,1773460430.8204725,0.0
49575.32752787411,-95.15802001953125,0.0,0.0,0.0,13015040.0,0.0,24.599077224731445,2.9682774766115472e-05,13015040.0,972.787109375,,0.0,1.0,-24.599077224731445,0.0,972.787109375,0.11069345474243164,418.144907753,1773460436.6670427,0.0
49607.63577632168,-95.50543975830078,0.0,0.0,0.0,13268992.0,0.0,24.93825340270996,1.1991789506282657e-05,13268992.0,965.619140625,,0.0,1.0,-24.93825340270996,0.0,965.619140625,0.09881478548049927,423.995240764,1773460442.5061722,0.0
49502.891714225654,-95.90833282470703,0.0,0.0,0.0,13522944.0,0.0,26.538175582885742,2.6724577764980495e-05,13522944.0,967.6875,,0.0,1.0,-26.538175582885742,0.0,967.6875,0.08659056574106216,429.836593652,1773460448.3564856,0.0
49583.92401902653,-96.05068969726562,0.0,0.0,0.0,13776896.0,0.0,25.262561798095703,1.1997520232398529e-05,13776896.0,968.56640625,"{'path': 'media/html/render_13776896_a2f10e8073d393827ba8.html', 'size': 909609, '_type': 'html-file', 'sha256': 'a2f10e8073d393827ba854b5fd911fbb9ca47ac5636e2b15012bd86640436d27'}",0.0,0.998046875,-25.262561798095703,0.0,968.56640625,0.07265850901603699,444.540937729,1773460468.9027646,0.0
49515.214734667905,-96.18241119384766,0.0,0.0,0.0,14030848.0,0.0,27.01245880126953,1.1996142347925343e-05,14030848.0,970.541015625,,0.0,1.0,-27.01245880126953,0.0,970.541015625,0.07299449294805527,450.556181624,1773460469.0563285,0.0
49454.76304763746,-96.5436782836914,0.0,0.0,0.0,14284800.0,0.0,24.87704086303711,5.0578341870277654e-06,14284800.0,969.0654296875,,0.0,1.0,-24.87704086303711,0.0,969.0654296875,0.06646514683961868,456.401797254,1773460474.9175093,0.0
49549.2816382406,-96.75016784667969,0.0,0.0,0.0,14538752.0,0.0,24.47927474975586,2.553993726905901e-05,14538752.0,975.8505859375,,0.0,1.0,-24.47927474975586,0.0,975.8505859375,0.06041413173079491,462.244634666,1773460480.7629821,0.0
49556.61018629745,-96.89990997314453,0.0,0.0,0.0,14792704.0,0.0,25.76658058166504,1.3512672012438998e-05,14792704.0,971.291015625,,0.0,1.0,-25.76658058166504,0.0,971.291015625,0.05378700792789459,468.088572609,1773460486.6059222,0.0
49566.40187128599,-97.06067657470703,0.0,0.0,0.0,15046656.0,0.0,25.62720489501953,1.0640510481607635e-06,15046656.0,967.6357421875,"{'path': 'media/html/render_15046656_d8f6b8d5f72567427ec3.html', 'size': 906137, '_type': 'html-file', 'sha256': 'd8f6b8d5f72567427ec3df345e618838fc35d6c8b99bf17099a3674a844108cc'}",0.0,1.0,-25.62720489501953,0.0,967.6357421875,0.05464828014373779,483.480196213,1773460507.8420331,0.0
49494.73037178346,-97.2716064453125,0.0,0.0,0.0,15300608.0,0.0,25.256446838378906,9.229111128661316e-06,15300608.0,958.951171875,,0.0,1.0,-25.256446838378906,0.0,958.951171875,0.04648282751441002,489.492240266,1773460507.9889739,0.0
49443.635998561,-97.27069091796875,0.0,0.0,0.0,15554560.0,0.0,26.579776763916016,7.82399183663074e-06,15554560.0,957.927734375,,0.0,1.0,-26.579776763916016,0.0,957.927734375,0.04675484821200371,495.337511759,1773460513.853351,0.0
49533.51612739413,-97.4052734375,0.0,0.0,0.0,15808512.0,0.0,28.865333557128906,7.187076789705316e-06,15808512.0,943.0712890625,,0.0,1.0,-28.865333557128906,0.0,943.0712890625,0.03998155891895294,501.176235278,1773460519.6989224,0.0
49609.34783526829,-97.46086120605469,0.0,0.0,0.0,16062464.0,0.0,25.164451599121094,-6.456969003920676e-06,16062464.0,970.849609375,,0.0,1.0,-25.164451599121094,0.0,970.849609375,0.04102296009659767,507.005124098,1773460525.5375855,0.0
49693.97260782952,-97.55245208740234,0.0,0.0,0.0,16316416.0,0.0,24.92096710205078,5.4421925597125664e-06,16316416.0,964.08203125,"{'path': 'media/html/render_16316416_46e0814e4a9dd9ba0ed0.html', 'size': 905421, '_type': 'html-file', 'sha256': '46e0814e4a9dd9ba0ed0cdece67c3a4ddc673ee9720967b4afc7ba1e734968dc'}",0.0,1.0,-24.92096710205078,0.0,964.08203125,0.03819796070456505,521.785487084,1773460546.1473093,0.0
49638.7994141686,-97.6236572265625,0.0,0.0,0.0,16570368.0,0.0,25.156246185302734,2.3394153686240315e-05,16570368.0,965.3203125,,0.0,1.0,-25.156246185302734,0.0,965.3203125,0.03385310620069504,527.798788693,1773460546.2949064,0.0
49386.887300820716,-97.6722412109375,0.0,0.0,0.0,16824320.0,0.0,26.720252990722656,1.1175626241310965e-05,16824320.0,974.2431640625,,0.0,1.0,-26.720252990722656,0.0,974.2431640625,0.031742293387651443,533.659396168,1773460552.16007,0.0
49417.00147863349,-97.74188232421875,0.0,0.0,0.0,17078272.0,0.0,24.841724395751953,5.225572294875747e-06,17078272.0,970.56640625,,0.0,1.0,-24.841724395751953,0.0,970.56640625,0.031226608902215958,539.518469315,1773460558.020641,0.0
49407.29622723559,-97.79719543457031,0.0,0.0,0.0,17332224.0,0.0,25.54535675048828,-3.6561769434229063e-07,17332224.0,970.4853515625,,0.0,1.0,-25.54535675048828,0.0,970.4853515625,0.028568245470523834,545.365598685,1773460563.8796651,0.0
49533.03930906939,-97.84883880615234,0.0,0.0,0.0,17586176.0,0.0,24.57136344909668,8.701726983417757e-06,17586176.0,976.9521484375,"{'path': 'media/html/render_17586176_8849b971388b15ab61c7.html', 'size': 911389, '_type': 'html-file', 'sha256': '8849b971388b15ab61c754974bb9e7fa09b2974f167be5a07c1cb35627e0323a'}",0.0,0.9990234375,-24.57136344909668,0.0,976.9521484375,0.027790671214461327,560.211043193,1773460584.5728476,0.0
49442.688123744876,-97.86183166503906,0.0,0.0,0.0,17840128.0,0.0,24.8619384765625,2.46668992076593e-06,17840128.0,971.5087890625,,0.0,1.0,-24.8619384765625,0.0,971.5087890625,0.02829723246395588,566.227747639,1773460584.7324347,0.0
49487.97882643984,-97.9478759765625,0.0,0.0,0.0,18094080.0,0.0,24.88443374633789,7.439743512804853e-06,18094080.0,975.0625,,0.0,1.0,-24.88443374633789,0.0,975.0625,0.026102544739842415,572.081447043,1773460590.589069,0.0
49487.43160885322,-97.9811019897461,0.0,0.0,0.0,18348032.0,0.0,24.587390899658203,-1.3163268704374786e-05,18348032.0,975.7705078125,,0.0,1.0,-24.587390899658203,0.0,975.7705078125,0.027309881523251534,577.937694432,1773460596.4427898,0.0
49454.29233654135,-98.03364562988281,0.0,0.0,0.0,18601984.0,0.0,25.114410400390625,3.639604983618483e-06,18601984.0,976.666015625,,0.0,0.9990234375,-25.114410400390625,0.0,976.666015625,0.025774462148547173,583.782309148,1773460602.2989461,0.0
49557.76764499291,-98.07421112060547,0.0,0.0,0.0,18855936.0,0.0,25.400279998779297,1.5676929251640104e-05,18855936.0,976.08203125,"{'_type': 'html-file', 'sha256': 'bdc9384fed320a8d92642b3c7d3e546e97438e69a9dc3570153f921808a564d2', 'path': 'media/html/render_18855936_bdc9384fed320a8d9264.html', 'size': 912985}",0.0,1.0,-25.400279998779297,0.0,976.08203125,0.02520843595266342,598.799683826,1773460623.1614997,0.0
49301.533429703704,-98.10458374023438,0.0,0.0,0.0,19109888.0,0.0,26.429351806640625,-2.521289616197464e-06,19109888.0,967.0517578125,,0.0,1.0,-26.429351806640625,0.0,967.0517578125,0.02600071392953396,604.812976922,1773460623.3119586,0.0
49412.24464971854,-98.10061645507812,0.0,0.0,0.0,19363840.0,0.0,27.422061920166016,4.583271220326424e-06,19363840.0,965.591796875,,0.0,1.0,-27.422061920166016,0.0,965.591796875,0.030661549419164658,610.673603182,1773460629.1743586,0.0
49434.68427682799,-98.07649230957031,0.0,0.0,0.0,19617792.0,0.0,26.329879760742188,-1.4862055650155526e-05,19617792.0,970.8330078125,,0.0,1.0,-26.329879760742188,0.0,970.8330078125,0.02603074721992016,616.520322349,1773460635.0350733,0.0
49539.494411462874,-98.16542053222656,0.0,0.0,0.0,19871744.0,0.0,26.48103904724121,1.7962829588213935e-05,19871744.0,963.7646484375,,0.0,1.0,-26.48103904724121,0.0,963.7646484375,0.026023702695965767,622.380414143,1773460640.881636,0.0
49412.290494301094,-98.19770050048828,0.0,0.0,0.0,20125696.0,0.0,27.521869659423828,-2.2230308331927517e-06,20125696.0,972.0439453125,"{'path': 'media/html/render_20125696_094d7a73a9f23f0696e0.html', 'size': 910717, '_type': 'html-file', 'sha256': '094d7a73a9f23f0696e0f3c87b5cb9bf63ccabcd42c14662e1e7193dd9f0e775'}",0.0,1.0,-27.521869659423828,0.0,972.0439453125,0.024132534861564636,637.369540748,1773460661.7313874,0.0
49474.4123200381,-98.1990737915039,0.0,0.0,0.0,20379648.0,0.0,26.559280395507812,1.3567601854447275e-05,20379648.0,968.91015625,,0.0,0.9951171875,-26.559280395507812,0.0,968.91015625,0.025945985689759254,643.384413136,1773460661.8868573,0.0
49422.38525041721,-98.17133331298828,0.0,0.0,0.0,20633600.0,0.0,27.67060089111328,-4.623327185981907e-05,20633600.0,956.3828125,,0.0,1.0,-27.67060089111328,0.0,956.3828125,0.03621257096529007,649.234043642,1773460667.7457912,0.0
49500.63488444807,-98.13119506835938,0.0,0.0,0.0,20887552.0,0.0,26.365062713623047,1.9293654986540787e-05,20887552.0,977.7587890625,,0.0,1.0,-26.365062713623047,0.0,977.7587890625,0.025451229885220528,655.09359026,1773460673.5954416,0.0
49430.6787371701,-98.19972229003906,0.0,0.0,0.0,21141504.0,0.0,28.102005004882812,-2.1359815036703367e-06,21141504.0,951.8251953125,,0.0,0.990234375,-28.102005004882812,0.0,951.8251953125,0.025316443294286728,660.957036167,1773460679.4549134,0.0
49363.392916478064,-98.24903106689453,0.0,0.0,0.0,21395456.0,0.0,27.2170467376709,1.585559584782459e-05,21395456.0,965.732421875,"{'size': 914121, '_type': 'html-file', 'sha256': 'd40fcb9d15b582aa18c2444558f07c7665e5f77ad705c4cd7ab54a36148407ea', 'path': 'media/html/render_21395456_d40fcb9d15b582aa18c2.html'}",0.0,0.99609375,-27.2170467376709,0.0,965.732421875,0.024723075330257416,675.881237378,1773460700.2430744,0.0
49368.01907289699,-98.27714538574219,0.0,0.0,0.0,21649408.0,0.0,26.713829040527344,-1.159005842055194e-05,21649408.0,966.2587890625,,0.0,0.99609375,-26.713829040527344,0.0,966.2587890625,0.025080949068069458,681.90190714,1773460700.3942606,0.0
49345.031831021486,-98.323974609375,0.0,0.0,0.0,21903360.0,0.0,26.018085479736328,-1.1601790902204812e-05,21903360.0,973.5712890625,,0.0,0.99609375,-26.018085479736328,0.0,973.5712890625,0.03193799406290054,687.776430949,1773460706.263292,0.0
49263.55199259996,-98.3450698852539,0.0,0.0,0.0,22157312.0,0.0,26.743297576904297,8.245410754170734e-06,22157312.0,975.1982421875,,0.0,0.9990234375,-26.743297576904297,0.0,975.1982421875,0.02471352554857731,693.648191118,1773460712.1378171,0.0
49493.68854517855,-98.37909698486328,0.0,0.0,0.0,22411264.0,0.0,26.3867130279541,2.2841884401714196e-06,22411264.0,970.2646484375,,0.0,0.9951171875,-26.3867130279541,0.0,970.2646484375,0.026479551568627357,699.524348332,1773460718.0095322,0.0
49259.92496392283,-98.32389068603516,0.0,0.0,0.0,22665216.0,0.0,26.69533348083496,1.0348069736210164e-05,22665216.0,975.6787109375,"{'path': 'media/html/render_22665216_1e3a3444c0e150b45150.html', 'size': 909981, '_type': 'html-file', 'sha256': '1e3a3444c0e150b45150a8bb07cddd6f99ab0f19da5ba417b2ac554d1a0cf19b'}",0.0,1.0,-26.69533348083496,0.0,975.6787109375,0.02588215470314026,714.295755659,1773460738.6575906,0.0
49299.876777510464,-98.288330078125,0.0,0.0,0.0,22919168.0,0.0,26.10870361328125,-7.527150046371389e-06,22919168.0,970.8701171875,,0.0,1.0,-26.10870361328125,0.0,970.8701171875,0.03168640658259392,720.312651533,1773460738.8093076,0.0
49395.43688383632,-98.29662322998047,0.0,0.0,0.0,23173120.0,0.0,25.80071258544922,-6.941049832676072e-07,23173120.0,972.1640625,,0.0,1.0,-25.80071258544922,0.0,972.1640625,0.02912124991416931,726.181375868,1773460744.6740496,0.0
49316.21769417286,-98.35492706298828,0.0,0.0,0.0,23427072.0,0.0,29.661041259765625,-3.224046668037772e-05,23427072.0,965.912109375,,0.0,0.99609375,-29.661041259765625,0.0,965.912109375,0.033273983746767044,732.042485474,1773460750.5427413,0.0
49420.4888732993,-98.33988189697266,0.0,0.0,0.0,23681024.0,0.0,25.530370712280273,1.947776399902068e-05,23681024.0,972.6376953125,,0.0,0.9990234375,-25.530370712280273,0.0,972.6376953125,0.0338161326944828,737.897673064,1773460756.4037666,0.0
49469.194115816645,-98.40922546386719,0.0,0.0,0.0,23934976.0,0.0,25.681835174560547,1.225365213031182e-05,23934976.0,975.279296875,"{'path': 'media/html/render_23934976_e1d9e2a73ab3e06e3636.html', 'size': 909593, '_type': 'html-file', 'sha256': 'e1d9e2a73ab3e06e3636c074a457f5b9b73ec61a63ed7e313b4127557bd13bd8'}",0.0,0.9990234375,-25.681835174560547,0.0,975.279296875,0.031138090416789055,752.768130256,1773460777.129935,0.0
49435.6685551648,-98.39695739746094,0.0,0.0,0.0,24188928.0,0.0,25.230937957763672,1.0938802915916312e-05,24188928.0,975.0400390625,,0.0,0.9990234375,-25.230937957763672,0.0,975.0400390625,0.02514657750725746,758.787512579,1773460777.2772148,0.0
49323.67388169887,-98.45978546142578,0.0,0.0,0.0,24442880.0,0.0,25.529071807861328,6.21816388957086e-06,24442880.0,973.638671875,,0.0,1.0,-25.529071807861328,0.0,973.638671875,0.022083984687924385,764.659622125,1773460783.1487312,0.0
49288.62316146104,-98.38078308105469,0.0,0.0,0.0,24696832.0,0.0,27.368595123291016,-1.5452287698280998e-05,24696832.0,970.2060546875,,0.0,1.0,-27.368595123291016,0.0,970.2060546875,0.0260322242975235,770.521496069,1773460789.0209026,0.0
49383.39777796199,-98.43997192382812,0.0,0.0,0.0,24950784.0,0.0,27.370773315429688,7.79107358539477e-06,24950784.0,976.83203125,,0.0,1.0,-27.370773315429688,0.0,976.83203125,0.02655838429927826,776.378107098,1773460794.8827915,0.0
49466.12253059345,-98.5043716430664,0.0,0.0,0.0,25204736.0,0.0,26.692346572875977,1.4327260032587219e-05,25204736.0,977.9404296875,"{'path': 'media/html/render_25204736_9847ea360dc75b8c277d.html', 'size': 910749, '_type': 'html-file', 'sha256': '9847ea360dc75b8c277db6eee6a13e8a0919c842b0d8e0252e30b4766390b000'}",0.0,1.0,-26.692346572875977,0.0,977.9404296875,0.023527290672063828,791.350179963,1773460815.7120264,0.0
49327.977344783634,-98.4888916015625,0.0,0.0,0.0,25458688.0,0.0,28.3179874420166,7.201650078059174e-06,25458688.0,973.955078125,,0.0,0.9990234375,-28.3179874420166,0.0,973.955078125,0.02086404152214527,797.369658046,1773460815.8613186,0.0
49392.51187421424,-98.49433135986328,0.0,0.0,0.0,25712640.0,0.0,25.765880584716797,-4.6624850256193895e-06,25712640.0,979.798828125,,0.0,1.0,-25.765880584716797,0.0,979.798828125,0.0189653430134058,803.230220071,1773460821.7308774,0.0
49382.86660775567,-98.51757049560547,0.0,0.0,0.0,25966592.0,0.0,26.049114227294922,7.106352768460056e-06,25966592.0,976.673828125,,0.0,1.0,-26.049114227294922,0.0,976.673828125,0.022115375846624374,809.087858179,1773460827.5915003,0.0
49417.77641269103,-98.5235824584961,0.0,0.0,0.0,26220544.0,0.0,26.516056060791016,-1.1368673767719883e-05,26220544.0,969.0859375,,0.0,0.998046875,-26.516056060791016,0.0,969.0859375,0.020267358049750328,814.956098326,1773460833.4491298,0.0
49342.229360008125,-98.54094696044922,0.0,0.0,0.0,26474496.0,0.0,27.169761657714844,4.907686161459424e-06,26474496.0,979.46875,"{'path': 'media/html/render_26474496_7cd9a74219b7cd1312dc.html', 'size': 908425, '_type': 'html-file', 'sha256': '7cd9a74219b7cd1312dc1da072bacc11044833fd17e6ab9b12633ca5085bd193'}",0.0,1.0,-27.169761657714844,0.0,979.46875,0.02011481486260891,829.941152403,1773460854.3029644,0.0
49391.33463843882,-98.5467529296875,0.0,0.0,0.0,26728448.0,0.0,27.62125015258789,6.171181212266674e-06,26728448.0,978.1845703125,,0.0,1.0,-27.62125015258789,0.0,978.1845703125,0.020798278972506523,835.953251986,1773460854.4556203,0.0
49459.56251607497,-98.56539154052734,0.0,0.0,0.0,26982400.0,0.0,26.52348518371582,1.492656110713142e-06,26982400.0,977.9404296875,,0.0,1.0,-26.52348518371582,0.0,977.9404296875,0.022239455953240395,841.800031542,1773460860.3139844,0.0
49534.96045920592,-98.55792236328125,0.0,0.0,0.0,27236352.0,0.0,26.25199317932129,8.691761649970431e-06,27236352.0,979.8408203125,,0.0,1.0,-26.25199317932129,0.0,979.8408203125,0.022340135648846626,847.649608334,1773460866.1612947,0.0
49497.25347576844,-98.57819366455078,0.0,0.0,0.0,27490304.0,0.0,26.170528411865234,2.922062094512512e-07,27490304.0,979.27734375,,0.0,1.0,-26.170528411865234,0.0,979.27734375,0.018783634528517723,853.504368822,1773460872.0108852,0.0
49452.54504347466,-98.59468078613281,0.0,0.0,0.0,27744256.0,0.0,26.745216369628906,-1.7433752873330377e-05,27744256.0,977.35546875,"{'sha256': '992d0a43e374ede3d0f36afd10d7e16926f5012462dfede8589dd09f3f57648b', 'path': 'media/html/render_27744256_992d0a43e374ede3d0f3.html', 'size': 907957, '_type': 'html-file'}",0.0,1.0,-26.745216369628906,0.0,977.35546875,0.021076107397675514,868.733235179,1773460893.0950737,0.0
49461.257479159,-98.58755493164062,0.0,0.0,0.0,27998208.0,0.0,26.58993148803711,1.8750111848930828e-05,27998208.0,974.3232421875,,0.0,1.0,-26.58993148803711,0.0,974.3232421875,0.01900387369096279,874.742042436,1773460893.241728,0.0
49445.94272228178,-98.64228057861328,0.0,0.0,0.0,28252160.0,0.0,26.43255615234375,7.55807332097902e-06,28252160.0,978.8876953125,,0.0,1.0,-26.43255615234375,0.0,978.8876953125,0.017733948305249214,880.579775758,1773460899.1026952,0.0
49615.99155800645,-98.63092041015625,0.0,0.0,0.0,28506112.0,0.0,26.498023986816406,-3.3811886623880127e-06,28506112.0,979.240234375,,0.0,1.0,-26.498023986816406,0.0,979.240234375,0.01719035394489765,886.440059782,1773460904.941068,0.0
49396.29589921736,-98.57561492919922,0.0,0.0,0.0,28760064.0,0.0,26.884002685546875,7.861039193812758e-06,28760064.0,979.185546875,,0.0,1.0,-26.884002685546875,0.0,979.185546875,0.019009938463568687,892.286144151,1773460910.801392,0.0
49529.185940366995,-98.5486831665039,0.0,0.0,0.0,29014016.0,0.0,27.927223205566406,-9.46726413530996e-06,29014016.0,969.3681640625,"{'path': 'media/html/render_29014016_37e7f71d7073e59072a4.html', 'size': 907829, '_type': 'html-file', 'sha256': '37e7f71d7073e59072a4a42116ce7c6bec4d8f0c5b06de0ae5e8ff2f8d9db32c'}",0.0,1.0,-27.927223205566406,0.0,969.3681640625,0.020052285864949226,907.195714245,1773460931.5575426,0.0
49516.57052638929,-98.67979431152344,0.0,0.0,0.0,29267968.0,0.0,24.685871124267578,1.951087688212283e-05,29267968.0,968.5927734375,,0.0,1.0,-24.685871124267578,0.0,968.5927734375,0.016483044251799583,913.215315367,1773460931.711289,0.0
49380.87482124586,-98.67207336425781,0.0,0.0,0.0,29521920.0,0.0,25.713176727294922,-7.968492354848422e-06,29521920.0,975.9521484375,,0.0,1.0,-25.713176727294922,0.0,975.9521484375,0.01696707308292389,919.07630569,1773460937.5765972,0.0
49413.163849845296,-98.69129943847656,0.0,0.0,0.0,29775872.0,0.0,26.01129150390625,2.759198423518683e-06,29775872.0,980.037109375,,0.0,1.0,-26.01129150390625,0.0,980.037109375,0.01713067665696144,924.923590879,1773460943.4373946,0.0
49527.85018441262,-98.7591781616211,0.0,0.0,0.0,30029824.0,0.0,24.606870651245117,1.3673057765117846e-05,30029824.0,980.4130859375,,0.0,1.0,-24.606870651245117,0.0,980.4130859375,0.014972764067351818,930.776555176,1773460949.2848694,0.0
49475.283276812595,-98.74641418457031,0.0,0.0,0.0,30283776.0,0.0,25.27513313293457,-3.7483216601685854e-06,30283776.0,974.1044921875,"{'path': 'media/html/render_30283776_f27a77b6ae295a862545.html', 'size': 908197, '_type': 'html-file', 'sha256': 'f27a77b6ae295a862545d043b7c5d4072b7be37b828c997a0b1f65edfde1add9'}",0.0,1.0,-25.27513313293457,0.0,974.1044921875,0.015257498249411583,945.958044689,1773460970.3199055,0.0
49694.709882737676,-98.709716796875,0.0,0.0,0.0,30537728.0,0.0,26.683979034423828,8.688850357430056e-06,30537728.0,974.8623046875,,0.0,1.0,-26.683979034423828,0.0,974.8623046875,0.014501436613500118,951.983625465,1773460970.4755957,0.0
49359.50871298165,-98.69532012939453,0.0,0.0,0.0,30791680.0,0.0,26.875808715820312,-5.375134151108796e-06,30791680.0,976.0,,0.0,0.9970703125,-26.875808715820312,0.0,976.0,0.015548731200397015,957.836612695,1773460976.344992,0.0
49468.863276041855,-98.74089813232422,0.0,0.0,0.0,31045632.0,0.0,26.149826049804688,1.2180129488115199e-05,31045632.0,974.91796875,,0.0,1.0,-26.149826049804688,0.0,974.91796875,0.012776419520378113,963.705985233,1773460982.1975348,0.0
49322.61412067611,-98.74471282958984,0.0,0.0,0.0,31299584.0,0.0,25.889419555664062,-7.659896255063359e-06,31299584.0,973.9599609375,,0.0,0.998046875,-25.889419555664062,0.0,973.9599609375,0.013391957618296146,969.54744002,1773460988.0672581,0.0
49568.04188400201,-98.80367279052734,0.0,0.0,0.0,31553536.0,0.0,26.92668914794922,2.4363953343709e-06,31553536.0,975.638671875,"{'path': 'media/html/render_31553536_78a8314c1b7da36949f2.html', 'size': 911489, '_type': 'html-file', 'sha256': '78a8314c1b7da36949f259aebc4bb5008879373ffbd100b58a8a875b36bff183'}",0.0,1.0,-26.92668914794922,0.0,975.638671875,0.013343403115868568,984.513144931,1773461008.874983,0.0
49542.61659380522,-98.84440612792969,0.0,0.0,0.0,31807488.0,0.0,27.11728858947754,1.216890086652711e-05,31807488.0,978.7841796875,,0.0,1.0,-27.11728858947754,0.0,978.7841796875,0.012766178697347641,990.517818839,1773461009.0344067,0.0
49589.91909513212,-98.87324523925781,0.0,0.0,0.0,32061440.0,0.0,27.165239334106445,-2.928393996626255e-06,32061440.0,973.716796875,,0.0,0.9990234375,-27.165239334106445,0.0,973.716796875,0.011613958515226841,996.371918363,1773461014.8791316,0.0
49472.39016398757,-98.90584564208984,0.0,0.0,0.0,32315392.0,0.0,26.020397186279297,-4.120459379919339e-06,32315392.0,979.509765625,,0.0,1.0,-26.020397186279297,0.0,979.509765625,0.011766771785914898,1002.21508485,1773461020.732734,0.0
49561.91603370623,-98.9140396118164,0.0,0.0,0.0,32569344.0,0.0,28.019474029541016,8.732938113098498e-06,32569344.0,978.708984375,,0.0,1.0,-28.019474029541016,0.0,978.708984375,0.010469299741089344,1008.077852147,1773461026.5763812,0.0
49374.483874182646,-98.91011047363281,0.0,0.0,0.0,32823296.0,0.0,25.427366256713867,-3.2850207389856223e-06,32823296.0,977.677734375,"{'path': 'media/html/render_32823296_9251f3248b6f9b631e9e.html', 'size': 908557, '_type': 'html-file', 'sha256': '9251f3248b6f9b631e9e9acb5f0ac537cc9d699abf71d6d2e601175894c72a8b'}",0.0,1.0,-25.427366256713867,0.0,977.677734375,0.011099480092525482,1023.209686637,1773461047.5715363,0.0
49468.36472723991,-98.88514709472656,0.0,0.0,0.0,33077248.0,0.0,26.573240280151367,-5.142674126545899e-06,33077248.0,980.1298828125,,0.0,1.0,-26.573240280151367,0.0,980.1298828125,0.013476944528520107,1029.24937307,1773461047.73982,0.0
49549.93164517297,-98.92169189453125,0.0,0.0,0.0,33331200.0,0.0,29.024227142333984,1.5664167221984826e-05,33331200.0,947.3837890625,,0.0,1.0,-29.024227142333984,0.0,947.3837890625,0.012551254592835903,1035.101056758,1773461053.6105871,0.0
49489.12158454115,-98.91014862060547,0.0,0.0,0.0,33585152.0,0.0,25.605276107788086,-9.988347301259637e-06,33585152.0,980.5927734375,,0.0,1.0,-25.605276107788086,0.0,980.5927734375,0.014449186623096466,1040.947606242,1773461059.4624157,0.0
49545.939673279725,-98.9162368774414,0.0,0.0,0.0,33839104.0,0.0,27.366912841796875,9.037458767124917e-06,33839104.0,977.7431640625,,0.0,0.9990234375,-27.366912841796875,0.0,977.7431640625,0.01140860840678215,1046.791490621,1773461065.308647,0.0
49559.71838497813,-98.8958969116211,0.0,0.0,0.0,34093056.0,0.0,25.43478775024414,6.761542863387149e-06,34093056.0,974.0029296875,"{'path': 'media/html/render_34093056_8886a4052161e30481f6.html', 'size': 912729, '_type': 'html-file', 'sha256': '8886a4052161e30481f65b51f84eb34e1a5a78375ba707802c39d90bb44f3910'}",0.0,0.9990234375,-25.43478775024414,0.0,974.0029296875,0.012624944560229778,1061.887868612,1773461086.2496543,0.0
49594.48851501891,-98.90995788574219,0.0,0.0,0.0,34347008.0,0.0,26.830867767333984,-1.3566425877797883e-05,34347008.0,978.6337890625,,0.0,1.0,-26.830867767333984,0.0,978.6337890625,0.013596371747553349,1067.972120931,1773461086.4548576,0.0
49284.13501131523,-98.94044494628906,0.0,0.0,0.0,34600960.0,0.0,26.494338989257812,7.282098067662446e-06,34600960.0,976.7802734375,,0.0,1.0,-26.494338989257812,0.0,976.7802734375,0.013467800803482533,1073.82674508,1773461092.3332272,0.0
49467.50090610146,-98.96436309814453,0.0,0.0,0.0,34854912.0,0.0,26.937740325927734,-7.374026154138846e-06,34854912.0,976.208984375,,0.0,1.0,-26.937740325927734,0.0,976.208984375,0.011749234050512314,1079.685787866,1773461098.1880212,0.0
49424.31158656654,-98.9780044555664,0.0,0.0,0.0,35108864.0,0.0,24.972610473632812,1.1268124580965377e-05,35108864.0,979.232421875,,0.0,1.0,-24.972610473632812,0.0,979.232421875,0.010999642312526703,1085.538000407,1773461104.0465095,0.0
49492.94342457571,-98.98978424072266,0.0,0.0,0.0,35362816.0,0.0,26.240015029907227,-1.171596613858128e-05,35362816.0,980.0361328125,"{'path': 'media/html/render_35362816_5793db98507119875541.html', 'size': 911625, '_type': 'html-file', 'sha256': '5793db985071198755410526afaaf6d68480761ecaeac601b62191a723725a12'}",0.0,1.0,-26.240015029907227,0.0,980.0361328125,0.012187653221189976,1100.623556643,1773461124.985355,0.0
49517.76524990121,-98.98040771484375,0.0,0.0,0.0,35616768.0,0.0,26.355093002319336,1.0603189366520382e-06,35616768.0,973.708984375,,0.0,1.0,-26.355093002319336,0.0,973.708984375,0.010958044789731503,1106.677602636,1773461125.1656244,0.0
49388.794840334886,-99.01372528076172,0.0,0.0,0.0,35870720.0,0.0,26.174692153930664,4.298973180993926e-06,35870720.0,979.4296875,,0.0,1.0,-26.174692153930664,0.0,979.4296875,0.011203097179532051,1112.52831833,1773461131.0387998,0.0
49487.930542048336,-99.0602798461914,0.0,0.0,0.0,36124672.0,0.0,27.241962432861328,9.388644684804603e-06,36124672.0,976.3388671875,,0.0,1.0,-27.241962432861328,0.0,976.3388671875,0.00975257158279419,1118.382869162,1773461136.889669,0.0
49462.15783199595,-99.02794647216797,0.0,0.0,0.0,36378624.0,0.0,28.359893798828125,-1.0388656619397807e-06,36378624.0,969.275390625,,0.0,1.0,-28.359893798828125,0.0,969.275390625,0.011809778399765491,1124.235938566,1773461142.7442474,0.0
49469.7386325811,-99.03270721435547,0.0,0.0,0.0,36632576.0,0.0,26.467878341674805,2.4021078388614114e-06,36632576.0,978.033203125,"{'path': 'media/html/render_36632576_0f56361ee9e9ea192344.html', 'size': 910881, '_type': 'html-file', 'sha256': '0f56361ee9e9ea192344f5dff1a6ee5f4cbc405bbb447aa14c293a8ce0d36be6'}",0.0,1.0,-26.467878341674805,0.0,978.033203125,0.009729813784360886,1139.384503121,1773461163.746354,0.0
49448.86488132665,-99.05596160888672,0.0,0.0,0.0,36886528.0,0.0,25.503116607666016,-7.822743100405205e-06,36886528.0,978.34765625,,0.0,1.0,-25.503116607666016,0.0,978.34765625,0.010770216584205627,1145.409590596,1773461163.907654,0.0
49442.6146821769,-99.08827209472656,0.0,0.0,0.0,37140480.0,0.0,27.213886260986328,3.912802185368491e-06,37140480.0,976.607421875,,0.0,1.0,-27.213886260986328,0.0,976.607421875,0.010629083961248398,1151.27707064,1773461169.7709408,0.0
49346.712094748116,-99.12998962402344,0.0,0.0,0.0,37394432.0,0.0,28.81521987915039,-9.19684589462122e-06,37394432.0,959.83203125,,0.0,1.0,-28.81521987915039,0.0,959.83203125,0.011549335904419422,1157.132460781,1773461175.6384714,0.0
49459.427015910944,-99.13401794433594,0.0,0.0,0.0,37648384.0,0.0,25.522539138793945,2.1695890609407797e-05,37648384.0,979.171875,,0.0,1.0,-25.522539138793945,0.0,979.171875,0.010086619295179844,1162.983679853,1773461181.4938438,0.0
49492.58697049264,-99.20378112792969,0.0,0.0,0.0,37902336.0,0.0,28.06423568725586,-1.81071663973853e-05,37902336.0,964.9248046875,"{'path': 'media/html/render_37902336_bf4efd41ec04dc1e0b00.html', 'size': 907837, '_type': 'html-file', 'sha256': 'bf4efd41ec04dc1e0b000b431d83e5e73facef52c43887ea9938dd6cf8ac86b5'}",0.0,1.0,-28.06423568725586,0.0,964.9248046875,0.012278876267373562,1177.476470268,1773461201.8383071,0.0
49473.02896360517,-99.21247863769531,0.0,0.0,0.0,38156288.0,0.0,26.943561553955078,1.0681709682103246e-05,38156288.0,972.1943359375,,0.0,1.0,-26.943561553955078,0.0,972.1943359375,0.00941636972129345,1183.481408673,1773461201.9930348,0.0
49563.83019926751,-99.13185119628906,0.0,0.0,0.0,38410240.0,0.0,26.4727783203125,2.5098183868976776e-06,38410240.0,978.853515625,,0.0,1.0,-26.4727783203125,0.0,978.853515625,0.01007300429046154,1189.333851097,1773461207.842779,0.0
49503.95463500315,-99.10014343261719,0.0,0.0,0.0,38664192.0,0.0,27.28748893737793,2.8559934435179457e-06,38664192.0,971.20703125,,0.0,1.0,-27.28748893737793,0.0,971.20703125,0.01293172501027584,1195.185578695,1773461213.6952136,0.0
49503.38865851794,-99.09365844726562,0.0,0.0,0.0,38918144.0,0.0,26.80990219116211,6.031347766111139e-06,38918144.0,977.798828125,,0.0,1.0,-26.80990219116211,0.0,977.798828125,0.010616992600262165,1201.032629241,1773461219.5468512,0.0
49530.66456804399,-99.10578918457031,0.0,0.0,0.0,39172096.0,0.0,25.791099548339844,1.4181459562223608e-07,39172096.0,969.8427734375,"{'path': 'media/html/render_39172096_f4edb8c60489e35da582.html', 'size': 909801, '_type': 'html-file', 'sha256': 'f4edb8c60489e35da5828c5d3911fc2819d2e52fd75dac37d676c180cc9fbab9'}",0.0,0.9990234375,-25.791099548339844,0.0,969.8427734375,0.010700061917304993,1216.053138832,1773461240.4149532,0.0
49522.74733889223,-99.08094787597656,0.0,0.0,0.0,39426048.0,0.0,24.267574310302734,-6.319943167909514e-06,39426048.0,977.640625,,0.0,1.0,-24.267574310302734,0.0,977.640625,0.010728699155151844,1222.061885925,1773461240.5712755,0.0
49521.69742531333,-99.07980346679688,0.0,0.0,0.0,39680000.0,0.0,25.83065414428711,8.846466698742006e-06,39680000.0,980.5029296875,,0.0,1.0,-25.83065414428711,0.0,980.5029296875,0.010910255834460258,1227.910127583,1773461246.4232385,0.0
49543.54065091115,-99.08114624023438,0.0,0.0,0.0,39933952.0,0.0,27.9239501953125,-8.203423931263387e-06,39933952.0,963.1171875,,0.0,1.0,-27.9239501953125,0.0,963.1171875,0.012567434459924698,1233.764312636,1773461252.2714202,0.0
49471.985752613575,-99.06050109863281,0.0,0.0,0.0,40187904.0,0.0,26.155189514160156,-7.044649009912973e-06,40187904.0,970.375,,0.0,1.0,-26.155189514160156,0.0,970.375,0.013827243819832802,1239.619952948,1773461258.1255748,0.0
49462.40589414929,-99.10411071777344,0.0,0.0,0.0,40441856.0,0.0,24.919750213623047,7.307311989279697e-06,40441856.0,979.2265625,"{'path': 'media/html/render_40441856_de0b5f6bdbffa5071af8.html', 'size': 913977, '_type': 'html-file', 'sha256': 'de0b5f6bdbffa5071af82ed9cbc92339504e5d3f1ddcacfa60fb9b46462668d1'}",0.0,1.0,-24.919750213623047,0.0,979.2265625,0.016006333753466606,1254.769508589,1773461279.131327,0.0
49515.09734363119,-99.12460327148438,0.0,0.0,0.0,40695808.0,0.0,27.046817779541016,-9.400921044289134e-06,40695808.0,973.10546875,,0.0,1.0,-27.046817779541016,0.0,973.10546875,0.014766985550522804,1260.796354513,1773461279.2877378,0.0
49359.15875293448,-99.10791015625,0.0,0.0,0.0,40949760.0,0.0,26.569398880004883,1.3035488336754497e-05,40949760.0,968.4267578125,,0.0,1.0,-26.569398880004883,0.0,968.4267578125,0.01228730846196413,1266.652396571,1773461285.1576676,0.0
49432.40154437287,-98.98611450195312,0.0,0.0,0.0,41203712.0,0.0,26.908321380615234,-2.0559366021188907e-05,41203712.0,966.984375,,0.0,1.0,-26.908321380615234,0.0,966.984375,0.026178572326898575,1272.517375808,1773461291.013729,0.0
49388.169664093344,-99.02471160888672,0.0,0.0,0.0,41457664.0,0.0,31.2456111907959,1.686815267021302e-05,41457664.0,960.78125,,0.0,1.0,-31.2456111907959,0.0,960.78125,0.02212422713637352,1278.379411466,1773461296.8787372,0.0
49390.81474867439,-98.90721893310547,0.0,0.0,0.0,41711616.0,0.0,24.093154907226562,-1.0663421562639996e-05,41711616.0,973.5283203125,"{'path': 'media/html/render_41711616_bfa9fceb5f1fdef88ddc.html', 'size': 910241, '_type': 'html-file', 'sha256': 'bfa9fceb5f1fdef88ddc6955b097c2952364cb9d68e35c66206e29bd77c712b4'}",0.0,1.0,-24.093154907226562,0.0,973.5283203125,0.027288362383842468,1293.524419268,1773461317.886238,0.0
49503.84880101812,-98.92931365966797,0.0,0.0,0.0,41965568.0,0.0,25.835922241210938,8.442867510893848e-06,41965568.0,969.9228515625,,0.0,0.9990234375,-25.835922241210938,0.0,969.9228515625,0.024449285119771957,1299.548266519,1773461318.0369143,0.0
49321.71427314582,-98.83099365234375,0.0,0.0,0.0,42219520.0,0.0,30.658727645874023,-0.00030615422292612493,42219520.0,941.6298828125,,0.0,0.9990234375,-30.658727645874023,0.0,941.6298828125,0.16609472036361694,1305.414216222,1773461323.9095504,0.0
49341.12537441216,-98.90896606445312,0.0,0.0,0.0,42473472.0,0.0,27.698793411254883,0.00010175236820941791,42473472.0,963.1865234375,,0.0,0.98828125,-27.698793411254883,0.0,963.1865234375,0.03761453554034233,1311.266142344,1773461329.7755425,0.0
49494.7211722396,-98.8244857788086,0.0,0.0,0.0,42727424.0,0.0,26.636367797851562,-8.495341899106279e-05,42727424.0,978.03515625,,0.0,1.0,-26.636367797851562,0.0,978.03515625,0.07736464589834213,1317.142917371,1773461335.6275017,0.0
49260.00242000923,-98.75305938720703,0.0,0.0,0.0,42981376.0,0.0,29.9533748626709,-1.576604336150922e-05,42981376.0,964.39453125,"{'size': 907629, '_type': 'html-file', 'sha256': '54a48368d39672cdee30fde6ad3ba31efb308f6e1b49c0ca0e50f4c4765edccd', 'path': 'media/html/render_42981376_54a48368d39672cdee30.html'}",0.0,0.998046875,-29.9533748626709,0.0,964.39453125,0.10021800547838211,1332.441567666,1773461356.8033879,0.0
49348.75828468348,-98.71263885498047,0.0,0.0,0.0,43235328.0,0.0,27.54798126220703,-0.00021029479103162885,43235328.0,968.7724609375,,0.0,0.9990234375,-27.54798126220703,0.0,968.7724609375,0.11103261262178421,1338.468769025,1773461356.9592655,0.0
49366.0124683083,-98.62767791748047,0.0,0.0,0.0,43489280.0,0.0,26.38475799560547,-3.3936419640667737e-05,43489280.0,968.5634765625,,0.0,0.9970703125,-26.38475799560547,0.0,968.5634765625,0.13073326647281647,1344.304302763,1773461362.8300784,0.0
49627.515414158275,-98.52824401855469,0.0,0.0,0.0,43743232.0,0.0,28.79859161376953,-6.884733920742292e-06,43743232.0,963.3857421875,,0.0,0.998046875,-28.79859161376953,0.0,963.3857421875,0.109273262321949,1350.158681819,1773461368.6656063,0.0
49465.7503823761,-98.53192901611328,0.0,0.0,0.0,43997184.0,0.0,28.956327438354492,1.2015520042041317e-05,43997184.0,927.3515625,,0.0,0.9951171875,-28.956327438354492,0.0,927.3515625,0.13596917688846588,1356.027324057,1773461374.5199718,0.0
49533.42398787186,-98.52526092529297,0.0,0.0,0.0,44251136.0,0.0,26.656227111816406,-1.2524435987870675e-05,44251136.0,969.513671875,"{'path': 'media/html/render_44251136_1239e2cc747781c358ce.html', 'size': 908249, '_type': 'html-file', 'sha256': '1239e2cc747781c358cec5c820eb5a9a87708387c8692ea32c497306210fa34a'}",0.0,0.9990234375,-26.656227111816406,0.0,969.513671875,0.09567385911941528,1370.760593116,1773461395.122416,0.0
49494.23590114943,-98.51637268066406,0.0,0.0,0.0,44505088.0,0.0,25.546714782714844,1.409900050930446e-05,44505088.0,970.6767578125,,0.0,0.998046875,-25.546714782714844,0.0,970.6767578125,0.08917658776044846,1376.789113096,1773461395.2798178,0.0
49360.11715206694,-98.54922485351562,0.0,0.0,0.0,44759040.0,0.0,26.326034545898438,1.0347253919462673e-05,44759040.0,976.4365234375,,0.0,0.998046875,-26.326034545898438,0.0,976.4365234375,0.06325600296258926,1382.640824681,1773461401.1499186,0.0
49497.52029122883,-98.57965087890625,0.0,0.0,0.0,45012992.0,0.0,25.45276641845703,-1.6933463484747335e-05,45012992.0,977.96875,,0.0,0.9990234375,-25.45276641845703,0.0,977.96875,0.09195893257856369,1388.49334609,1773461407.0021305,0.0
49475.012104925205,-98.46639251708984,0.0,0.0,0.0,45266944.0,0.0,24.910236358642578,-1.5256115148076788e-05,45266944.0,977.8759765625,,0.0,1.0,-24.910236358642578,0.0,977.8759765625,0.14498326182365417,1394.335483647,1773461412.8546314,0.0
49584.28640641158,-98.62599182128906,0.0,0.0,0.0,45520896.0,0.0,25.345426559448242,3.935537824872881e-05,45520896.0,975.962890625,"{'path': 'media/html/render_45520896_998a75ec923222a3cb87.html', 'size': 906297, '_type': 'html-file', 'sha256': '998a75ec923222a3cb8729941a823adcab87973213dc1589a7795567e0610f7a'}",0.0,1.0,-25.345426559448242,0.0,975.962890625,0.04135223105549812,1409.486311073,1773461433.8481545,0.0
49387.750598770064,-98.59291076660156,0.0,0.0,0.0,45774848.0,0.0,24.630931854248047,4.3053587432950735e-06,45774848.0,980.1005859375,,0.0,1.0,-24.630931854248047,0.0,980.1005859375,0.08142904937267303,1415.517849964,1773461434.0195916,0.0
49462.203769244035,-98.54875946044922,0.0,0.0,0.0,46028800.0,0.0,25.29948616027832,7.580209967272822e-06,46028800.0,979.9326171875,,0.0,1.0,-25.29948616027832,0.0,979.9326171875,0.036832671612501144,1421.38162367,1773461439.8791955,0.0
49362.052362564245,-98.38806915283203,0.0,0.0,0.0,46282752.0,0.0,25.932830810546875,-3.055305569432676e-05,46282752.0,979.732421875,,0.0,1.0,-25.932830810546875,0.0,979.732421875,0.1188017949461937,1427.235847694,1773461445.7429788,0.0
49459.57859241488,-98.3465347290039,0.0,0.0,0.0,46536704.0,0.0,24.260990142822266,3.9938669942785054e-05,46536704.0,980.3564453125,,0.0,1.0,-24.260990142822266,0.0,980.3564453125,0.09980550408363342,1433.094907308,1773461451.5972574,0.0
49402.77498292253,-98.42455291748047,0.0,0.0,0.0,46790656.0,0.0,26.043834686279297,-5.815798886033008e-06,46790656.0,980.3681640625,"{'size': 906153, '_type': 'html-file', 'sha256': '2c03282558935291c601d15ea2bd360616ae5cfe72444f7b843adfe949a0e022', 'path': 'media/html/render_46790656_2c03282558935291c601.html'}",0.0,1.0,-26.043834686279297,0.0,980.3681640625,0.04762563481926918,1448.30589191,1773461472.6677392,0.0
49414.23667528672,-98.55673217773438,0.0,0.0,0.0,47044608.0,0.0,25.226734161376953,1.9715938833542168e-05,47044608.0,977.4765625,,0.0,1.0,-25.226734161376953,0.0,977.4765625,0.04118119925260544,1454.328554436,1773461472.8392274,0.0
49538.194962251466,-98.53467559814453,0.0,0.0,0.0,47298560.0,0.0,26.914478302001953,-4.083263320353581e-06,47298560.0,955.2578125,,0.0,0.994140625,-26.914478302001953,0.0,955.2578125,0.04696495831012726,1460.184381726,1773461478.6899447,0.0
49457.408381050605,-98.5418701171875,0.0,0.0,0.0,47552512.0,0.0,25.40380859375,-1.4588717021979392e-05,47552512.0,978.982421875,,0.0,0.9990234375,-25.40380859375,0.0,978.982421875,0.06988344341516495,1466.028559023,1773461484.5452778,0.0
49564.05621893673,-98.49649047851562,0.0,0.0,0.0,47806464.0,0.0,25.656686782836914,1.6563628378207795e-05,47806464.0,977.759765625,,0.0,1.0,-25.656686782836914,0.0,977.759765625,0.09005537629127502,1471.864205025,1773461490.3898842,0.0
49632.7809507008,-98.45963287353516,0.0,0.0,0.0,48060416.0,0.0,25.26218032836914,-1.8284254110767506e-05,48060416.0,977.6318359375,"{'path': 'media/html/render_48060416_d4d6152c1b3e6b8dcef1.html', 'size': 907177, '_type': 'html-file', 'sha256': 'd4d6152c1b3e6b8dcef10c5b2dda6c2aaa69558ae047e3a6aa76ff8c014c42a2'}",0.0,1.0,-25.26218032836914,0.0,977.6318359375,0.05673612281680107,1487.163724824,1773461511.5255718,0.0
49673.40728414235,-98.50114440917969,0.0,0.0,0.0,48314368.0,0.0,25.257122039794922,1.2072865501977503e-05,48314368.0,977.232421875,,0.0,1.0,-25.257122039794922,0.0,977.232421875,0.046849071979522705,1493.190242262,1773461511.7051725,0.0
49606.32581911651,-98.3948974609375,0.0,0.0,0.0,48568320.0,0.0,27.44441032409668,-1.2886883268947713e-05,48568320.0,974.3759765625,,0.0,1.0,-27.44441032409668,0.0,974.3759765625,0.12492486834526062,1499.035991066,1773461517.551637,0.0
49541.812392607855,-98.47041320800781,0.0,0.0,0.0,48822272.0,0.0,25.82453727722168,9.04739681573119e-06,48822272.0,976.173828125,,0.0,1.0,-25.82453727722168,0.0,976.173828125,0.054553549736738205,1504.883550207,1773461523.3973358,0.0
49533.7810304301,-98.49822998046875,0.0,0.0,0.0,49076224.0,0.0,26.698585510253906,-1.780374805093743e-05,49076224.0,979.1123046875,,0.0,1.0,-26.698585510253906,0.0,979.1123046875,0.08073149621486664,1510.728994979,1773461529.2447793,0.0
49544.09832798791,-98.45166778564453,0.0,0.0,0.0,49330176.0,0.0,26.15505027770996,7.98269593360601e-06,49330176.0,975.306640625,"{'path': 'media/html/render_49330176_97141d6722168438e7b1.html', 'size': 905957, '_type': 'html-file', 'sha256': '97141d6722168438e7b10e35a3c7dd2c42177493f46e98c59712c3f9712cb18e'}",0.0,1.0,-26.15505027770996,0.0,975.306640625,0.10521624982357025,1525.383247468,1773461549.745074,0.0
49599.49991313176,-98.41766357421875,0.0,0.0,0.0,49584128.0,0.0,26.917139053344727,-9.200280146615114e-07,49584128.0,965.9384765625,,0.0,1.0,-26.917139053344727,0.0,965.9384765625,0.0772847980260849,1531.413309817,1773461549.9304805,0.0
49631.592233917196,-98.44658660888672,0.0,0.0,0.0,49838080.0,0.0,27.368494033813477,-2.5862989332381403e-06,49838080.0,968.931640625,,0.0,1.0,-27.368494033813477,0.0,968.931640625,0.07419835031032562,1537.26389417,1773461555.774621,0.0
49501.11337958603,-98.5315170288086,0.0,0.0,0.0,50092032.0,0.0,25.769718170166016,8.74680517881643e-06,50092032.0,977.94921875,,0.0,1.0,-25.769718170166016,0.0,977.94921875,0.06041092425584793,1543.101869386,1773461561.6251686,0.0
49626.602094875794,-98.55914306640625,0.0,0.0,0.0,50345984.0,0.0,25.93688201904297,8.089354196272325e-06,50345984.0,976.0859375,,0.0,1.0,-25.93688201904297,0.0,976.0859375,0.049028199166059494,1548.958741372,1773461567.4626908,0.0
49464.25725138967,-98.55133056640625,0.0,0.0,0.0,50599936.0,0.0,25.012714385986328,2.2602835088036954e-05,50599936.0,979.94921875,"{'sha256': 'fbc8b26d4f72f7c149e2b5a687fe04a9833ec0d42bbee6f21da5465d7be5109f', 'path': 'media/html/render_50599936_fbc8b26d4f72f7c149e2.html', 'size': 907233, '_type': 'html-file'}",0.0,1.0,-25.012714385986328,0.0,979.94921875,0.06430070847272873,1564.126621565,1773461588.4884257,0.0
49501.851844564044,-98.57555389404297,0.0,0.0,0.0,50853888.0,0.0,24.55408477783203,-2.8263768399483524e-05,50853888.0,980.60546875,,0.0,1.0,-24.55408477783203,0.0,980.60546875,0.061593275517225266,1570.163253978,1773461588.6514704,0.0
49361.75269238074,-98.5261001586914,0.0,0.0,0.0,51107840.0,0.0,25.276702880859375,2.997490082634613e-05,51107840.0,974.13671875,,0.0,1.0,-25.276702880859375,0.0,974.13671875,0.07705582678318024,1576.001541962,1773461594.5244818,0.0
49614.2790404765,-98.61247253417969,0.0,0.0,0.0,51361792.0,0.0,26.253971099853516,2.4203780412790366e-05,51361792.0,978.55078125,,0.0,1.0,-26.253971099853516,0.0,978.55078125,0.05467867851257324,1581.856395049,1773461600.362972,0.0
49456.84346838141,-98.55204010009766,0.0,0.0,0.0,51615744.0,0.0,27.3658447265625,-9.535603567201179e-06,51615744.0,978.68359375,,0.0,1.0,-27.3658447265625,0.0,978.68359375,0.06291807442903519,1582.484333505,1773461606.2177799,0.0
