training/log_alpha,eval/episode_success,step,_step,render,eval/episode_success_easy,eval/episode_reward_dist,_timestamp,_runtime,training/entropy,eval/episode_reward_survive,eval/episode_reward_near,training/critic_loss,eval/episode_success_any,eval/episode_reward,eval/episode_dist,training/sps,eval/episode_success_hard,training/actor_loss,eval/episode_reward_ctrl,training/alpha_loss
,,,0.0,"{'_type': 'html-file', 'sha256': 'bea7fc23d5b065a5b9ca30fc15fe11c09ca8adafe9cf5f573d38b1ceb60b9c1a', 'path': 'media/html/render_0_bea7fc23d5b065a5b9ca.html', 'size': 4778909.0}",,,1773863400.88589,58.512345665,,,,,,,,,,,,
,,,1.0,"{'sha256': '8cbdbb990df2223af3dc460a738242fdb04adffe42cff804adb89cd2573c37c4', 'path': 'media/html/render_1_8cbdbb990df2223af3dc.html', 'size': 4712949.0, '_type': 'html-file'}",,,1773863470.8975008,128.523896354,,,,,,,,,,,,
0.0,0.0,793600.0,793600.0,,23.431640625,0.0,1773863471.0802982,140.329162879,0.0,0.0,0.0,33.32200241088867,0.0,0.0,277.1920471191406,9607.422632112537,0.0,-51.36451721191406,0.0,5.014060974121094
0.0,0.013671875,1047552.0,1047552.0,,18.009765625,0.0,1773863482.7021532,151.909691881,0.0,0.0,0.0,3.3554999828338623,0.001953125,0.013671875,198.02919006347656,33172.454488759395,0.0,-45.448265075683594,0.0,0.011697850190103054
0.0,0.0,1301504.0,1301504.0,,15.705078125,0.0,1773863494.282859,163.512083507,0.0,0.0,0.0,0.5839728116989136,0.0,0.0,229.27835083007812,33373.33560619816,0.0,-26.015884399414062,0.0,0.001716897706501186
0.0,0.037109375,1555456.0,1555456.0,,29.037109375,0.0,1773863505.8852081,175.094160962,0.0,0.0,0.0,0.20394366979599,0.005859375,0.037109375,325.5384521484375,33241.15318956124,0.0,-12.85378360748291,0.0,0.0005270959809422493
0.0,0.0,1809408.0,1809408.0,"{'_type': 'html-file', 'sha256': '6605f75115c352441b5eddd511626f9fb76fb9cea84f2721cd86e34c94dc7fbd', 'path': 'media/html/render_1809408_6605f75115c352441b5e.html', 'size': 4725773.0}",20.869140625,0.0,1773863555.3141968,212.940573693,0.0,0.0,0.0,0.0859123021364212,0.0,0.0,261.4512023925781,33353.90822808127,0.0,-7.486523628234863,0.0,0.00030220852931961417
0.0,0.072265625,2063360.0,2063360.0,,27.6171875,0.0,1773863555.5264008,224.752076337,0.0,0.0,0.0,0.04175505414605141,0.009765625,0.072265625,305.80584716796875,33280.99503446498,0.0,-4.860299110412598,0.0,0.0001616190274944529
0.0,0.0,2317312.0,2317312.0,,26.130859375,0.0,1773863567.1249611,236.336313143,0.0,0.0,0.0,0.020815912634134293,0.0,0.0,278.6625671386719,33313.69896679708,0.0,-2.6080474853515625,0.0,0.00017657155694905668
0.0,0.0,2571264.0,2571264.0,,24.9765625,0.0,1773863578.7093456,247.924159972,0.0,0.0,0.0,0.007284298073500395,0.0,0.0,330.3937683105469,33337.8838347622,0.0,-1.0608659982681274,0.0,8.865110430633649e-05
0.0,0.0,2825216.0,2825216.0,,19.8671875,0.0,1773863590.2972076,259.518442455,0.0,0.0,0.0,0.0024102262686938047,0.0,0.0,303.8963623046875,33351.90720837345,0.0,-0.42471158504486084,0.0,4.654809890780598e-05
0.0,0.009765625,3079168.0,3079168.0,"{'size': 4770729.0, '_type': 'html-file', 'sha256': 'bb390431a3d0258dd8a49a06437ce3f189dd206bb69238c0db83e2fa5f9e4963', 'path': 'media/html/render_3079168_bb390431a3d0258dd8a4.html'}",16.36328125,0.0,1773863640.5305953,298.157028631,0.0,0.0,0.0,0.0007727175252512097,0.00390625,0.009765625,273.74169921875,33297.443580776,0.0,-0.16667747497558594,0.0,2.709084947127849e-05
0.0,0.0,3333120.0,3333120.0,,29.54296875,0.0,1773863640.7906592,310.043326189,0.0,0.0,0.0,0.00035067531280219555,0.0,0.0,360.97406005859375,33326.09929730128,0.0,-0.09694135189056396,0.0,1.8130607713828795e-05
0.0,0.03125,3587072.0,3587072.0,,26.224609375,0.0,1773863652.4162893,321.620298378,0.0,0.0,0.0,0.00019568698189686984,0.001953125,0.03125,296.1477355957031,33184.487271467035,0.0,-0.03452737629413605,0.0,8.47630053613102e-06
0.0,0.0,3841024.0,3841024.0,,10.765625,0.0,1773863663.9932833,333.212788804,0.0,0.0,0.0,0.00018839935364667326,0.0,0.0,148.61004638671875,33373.53428149742,0.0,-0.08220973610877991,0.0,-2.9138964237063192e-05
0.0,0.0078125,4094976.0,4094976.0,,27.072265625,0.0,1773863675.5859344,344.784558909,0.0,0.0,0.0,0.0002807580167427659,0.001953125,0.0078125,324.8023986816406,33296.985589775424,0.0,-0.17857663333415985,0.0,7.288838332897285e-06
0.0,0.0,4348928.0,4348928.0,"{'_type': 'html-file', 'sha256': 'cd2594f60ae3b3cc361f1e9544b8355847bc1bda1b442e47c3b28fdbc43bea42', 'path': 'media/html/render_4348928_cd2594f60ae3b3cc361f.html', 'size': 4751553.0}",14.447265625,0.0,1773863724.257857,381.88426407,0.0,0.0,0.0,0.0004539496439974755,0.0,0.0,179.96624755859375,33407.921886918986,0.0,-0.11130102723836899,0.0,-6.430193934647832e-06
0.0,0.080078125,4602880.0,4602880.0,,31.41796875,0.0,1773863724.4429138,393.664115831,0.0,0.0,0.0,0.0004119780787732452,0.00390625,0.080078125,286.8417663574219,33258.90404863014,0.0,-0.16311591863632202,0.0,8.483485544275027e-06
0.0,0.0,4856832.0,4856832.0,,31.73828125,0.0,1773863736.0372894,405.262864216,0.0,0.0,0.0,0.00021669190027751029,0.0,0.0,319.3818664550781,33315.72770762959,0.0,-0.0761767029762268,0.0,1.4277652553573716e-05
0.0,0.0,5110784.0,5110784.0,,22.21875,0.0,1773863747.6358821,417.062160137,0.0,0.0,0.0,0.00012050513760186732,0.0,0.0,220.4909210205078,33297.51644414228,0.0,-0.021125005558133125,0.0,1.903283987303439e-06
0.0,0.0,5364736.0,5364736.0,,9.796875,0.0,1773863759.4353175,428.8680285,0.0,0.0,0.0,0.0006003089947625995,0.0,0.0,106.58625793457031,32428.4840596694,0.0,-0.04103342071175575,0.0,-8.855920168571174e-05
0.0,0.25390625,5618688.0,5618688.0,"{'sha256': 'e98c08d2d1f4ebf38421192ee7ddedef5f26a6fc9c8d6065899eaeafa48cbe62', 'path': 'media/html/render_5618688_e98c08d2d1f4ebf38421.html', 'size': 4776877.0, '_type': 'html-file'}",24.98828125,0.0,1773863809.7141058,467.340491963,0.0,0.0,0.0,0.002022063359618187,0.005859375,0.25390625,178.4166259765625,32403.860182527274,0.0,-0.5293030142784119,0.0,-8.905160939320922e-05
0.0,0.0,5872640.0,5872640.0,,20.75390625,0.0,1773863809.9256876,479.373841184,0.0,0.0,0.0,0.0017112829955294728,0.0,0.0,281.0733947753906,32437.635795201833,0.0,-0.4949803650379181,0.0,2.036176920228172e-05
0.0,0.0,6126592.0,6126592.0,,15.37890625,0.0,1773863821.7468832,491.155211346,0.0,0.0,0.0,0.000939001387450844,0.0,0.0,186.77780151367188,32358.683634983638,0.0,-0.2923673093318939,0.0,2.3731388864689507e-05
0.0,0.001953125,6380544.0,6380544.0,,16.34375,0.0,1773863833.5284388,502.973369176,0.0,0.0,0.0,0.0004748237261082977,0.001953125,0.001953125,213.87155151367188,32507.605982206805,0.0,-0.1480865180492401,0.0,1.4504703358397819e-05
0.0,0.0,6634496.0,6634496.0,,10.1328125,0.0,1773863845.3464432,514.786745261,0.0,0.0,0.0,0.0004099665966350585,0.0,0.0,217.10118103027344,32364.889758662845,0.0,-0.10215477645397186,0.0,2.44708098762203e-06
0.0,0.0,6888448.0,6888448.0,"{'_type': 'html-file', 'sha256': '6f247e174f7c2abeeb2f7f9239b61d30e6c8623b5ab54e8b9a20da3054d300db', 'path': 'media/html/render_6888448_6f247e174f7c2abeeb2f.html', 'size': 4734281.0}",13.8359375,0.0,1773863895.731546,553.357937591,0.0,0.0,0.0,0.00030519862775690854,0.0,0.0,186.09490966796875,32382.320333559044,0.0,-0.0832308903336525,0.0,6.797573860239936e-06
0.0,0.00390625,7142400.0,7142400.0,,13.44140625,0.0,1773863895.95242,565.404245275,0.0,0.0,0.0,0.0003823064616881311,0.001953125,0.00390625,175.68174743652344,32377.241242893564,0.0,-0.07719101011753082,0.0,-9.324765528617718e-07
0.0,0.0,7396352.0,7396352.0,,20.97265625,0.0,1773863907.777418,577.211562063,0.0,0.0,0.0,0.0004198519163765013,0.0,0.0,243.78892517089844,32350.51861900174,0.0,-0.09627626836299896,0.0,-5.0205367188027594e-06
0.0,0.0,7650304.0,7650304.0,,16.109375,0.0,1773863919.5846217,589.014935964,0.0,0.0,0.0,0.000493285246193409,0.0,0.0,206.29977416992188,32393.953121472623,0.0,-0.09651300311088562,0.0,5.566958407143829e-06
0.0,0.005859375,7904256.0,7904256.0,,17.576171875,0.0,1773863931.388157,600.8135856,0.0,0.0,0.0,0.00041757329017855227,0.001953125,0.005859375,159.94593811035156,32420.557126356976,0.0,-0.05455253645777702,0.0,4.887699560640613e-06
0.0,0.02734375,8158208.0,8158208.0,"{'_type': 'html-file', 'sha256': '555d72b0af80724407a29175ba9616077e0f536556fe46d59d6db406d3e2bc78', 'path': 'media/html/render_8158208_555d72b0af80724407a2.html', 'size': 4732473.0}",23.134765625,0.0,1773863981.3054247,638.93182734,0.0,0.0,0.0,0.00045120061258785427,0.001953125,0.02734375,192.62640380859375,32449.18084380942,0.0,-0.05114315077662468,0.0,-1.5244340829667635e-06
0.0,0.0,8412160.0,8412160.0,,17.3515625,0.0,1773863981.4932847,650.946595374,0.0,0.0,0.0,0.0004241933347657323,0.0,0.0,228.93531799316406,32424.16329682548,0.0,-0.060618091374635696,0.0,5.287134854370379e-07
0.0,0.06640625,8666112.0,8666112.0,,19.111328125,0.0,1773863993.3195283,662.734116139,0.0,0.0,0.0,0.000418372597778216,0.0078125,0.06640625,234.43177795410156,32344.793379889023,0.0,-0.07392264157533646,0.0,3.1070737804839155e-07
0.0,0.0,8920064.0,8920064.0,,15.048828125,0.0,1773864005.1070833,674.523745861,0.0,0.0,0.0,0.0004857572494074702,0.0,0.0,225.126220703125,32488.802551395143,0.0,-0.05475528910756111,0.0,-8.687617309988127e-07
0.0,0.00390625,9174016.0,9174016.0,,22.0546875,0.0,1773864016.8965948,686.310603209,0.0,0.0,0.0,0.0006653529708273709,0.001953125,0.00390625,253.91943359375,32464.872664957926,0.0,-0.09402865916490555,0.0,-2.959637185995234e-06
0.0,0.00390625,9427968.0,9427968.0,"{'_type': 'html-file', 'sha256': '4bf7d46e35013b809084fbce7337bddbd307247acbeb2e9f71df1dfd368ffb55', 'path': 'media/html/render_9427968_4bf7d46e35013b809084.html', 'size': 4747701.0}",16.328125,0.0,1773864067.0730827,724.699503248,0.0,0.0,0.0,0.0012790532782673836,0.001953125,0.00390625,194.36505126953125,32484.978889086142,0.0,-0.1412685364484787,0.0,-9.75775947154034e-06
0.0,0.013671875,9681920.0,9681920.0,,17.962890625,0.0,1773864067.2927203,736.75238747,0.0,0.0,0.0,0.001767032197676599,0.001953125,0.013671875,193.2527313232422,32464.389796065534,0.0,-0.26997119188308716,0.0,-2.7159245291841216e-05
0.0,0.001953125,9935872.0,9935872.0,,14.49609375,0.0,1773864079.1252358,748.547200542,0.0,0.0,0.0,0.000994396861642599,0.001953125,0.001953125,210.87045288085938,32333.613004236435,0.0,-0.29355788230895996,0.0,7.489142717531649e-06
0.0,0.0,10189824.0,10189824.0,,10.666015625,0.0,1773864090.9200947,760.342159188,0.0,0.0,0.0,0.0009239695500582457,0.0,0.0,269.46710205078125,32454.391306364098,0.0,-0.2474319338798523,0.0,5.914905614190502e-06
0.0,0.0,10443776.0,10443776.0,,15.115234375,0.0,1773864102.715001,772.127186103,0.0,0.0,0.0,0.0022496364545077085,0.0,0.0,228.26055908203125,32483.328423144045,0.0,-0.3092373311519623,0.0,-2.5913864192261826e-06
0.0,0.0234375,10697728.0,10697728.0,"{'_type': 'html-file', 'sha256': 'b7fc3ea140dc11f03e4cb656d9bc7e4c04e0559248b2fd75b07a5ddf44acfcd7', 'path': 'media/html/render_10697728_b7fc3ea140dc11f03e4c.html', 'size': 4754769.0}",21.984375,0.0,1773864152.098232,809.724670341,0.0,0.0,0.0,0.0019373036921024323,0.005859375,0.0234375,246.22958374023438,32483.142186617373,0.0,-0.2396104335784912,0.0,1.0574827683740295e-05
0.0,0.046875,10951680.0,10951680.0,,21.080078125,0.0,1773864152.328787,821.785102269,0.0,0.0,0.0,0.001603972283191979,0.005859375,0.046875,252.43295288085938,32534.165529472102,0.0,-0.17398889362812042,0.0,5.829341262142407e-06
0.0,0.0,11205632.0,11205632.0,,18.78515625,0.0,1773864164.1582077,833.568490416,0.0,0.0,0.0,0.0017036255449056625,0.0,0.0,223.60812377929688,32312.53105756119,0.0,-0.17595243453979492,0.0,5.4236074902291875e-06
0.0,0.07421875,11459584.0,11459584.0,,15.166015625,0.0,1773864175.9414494,845.359613091,0.0,0.0,0.0,0.002300643129274249,0.00390625,0.07421875,194.89674377441406,32497.155513387483,0.0,-0.1735358089208603,0.0,-2.763930297078332e-06
0.0,0.0390625,11713536.0,11713536.0,,13.537109375,0.0,1773864187.7326865,857.149083017,0.0,0.0,0.0,0.002653958974406123,0.001953125,0.0390625,201.27301025390625,32438.607859420827,0.0,-0.19853360950946808,0.0,-9.165478900285962e-07
0.0,0.029296875,11967488.0,11967488.0,"{'_type': 'html-file', 'sha256': '340a1e772058505988710e4af66599fd011050c7523444a7b690f39753c2fecb', 'path': 'media/html/render_11967488_340a1e77205850598871.html', 'size': 4758017.0}",19.03515625,0.0,1773864238.6208434,896.247274702,0.0,0.0,0.0,0.0025363576132804155,0.005859375,0.029296875,219.74136352539062,32488.805524273652,0.0,-0.21758906543254852,0.0,-2.4544353891542414e-06
0.0,0.009765625,12221440.0,12221440.0,,20.419921875,0.0,1773864238.840079,908.268351199,0.0,0.0,0.0,0.0024450747296214104,0.001953125,0.009765625,172.8111572265625,32396.33349547439,0.0,-0.19384106993675232,0.0,-4.2675137024161813e-07
0.0,0.0,12475392.0,12475392.0,,19.701171875,0.0,1773864250.6412747,920.060907128,0.0,0.0,0.0,0.0030345695558935404,0.0,0.0,215.13284301757812,32456.953648358973,0.0,-0.29871436953544617,0.0,-5.911020707571879e-05
0.0,0.037109375,12729344.0,12729344.0,,16.115234375,0.0,1773864262.4338114,931.848862167,0.0,0.0,0.0,0.0054195113480091095,0.00390625,0.037109375,154.06582641601562,32449.32616040446,0.0,-0.6342037916183472,0.0,-1.3105442121741362e-05
0.0,0.03125,12983296.0,12983296.0,,19.873046875,0.0,1773864274.2214348,943.635191127,0.0,0.0,0.0,0.0033985101617872715,0.005859375,0.03125,236.42422485351562,32496.86104975216,0.0,-0.47277331352233887,0.0,4.11274450016208e-05
0.0,0.00390625,13237248.0,13237248.0,"{'_type': 'html-file', 'sha256': 'e9937fab44e5c88183bff1b6813ec263e5db5da77e630dc9db3dad26574f7dab', 'path': 'media/html/render_13237248_e9937fab44e5c88183bf.html', 'size': 4754753.0}",14.3125,0.0,1773864324.4538572,982.080357067,0.0,0.0,0.0,0.003926227334886789,0.001953125,0.00390625,214.9395751953125,32463.128269923294,0.0,-0.3372110426425934,0.0,1.0898207619902678e-05
0.0,0.07421875,13491200.0,13491200.0,,16.568359375,0.0,1773864324.6754277,994.132217487,0.0,0.0,0.0,0.004113050177693367,0.01171875,0.07421875,229.32052612304688,32487.755141064135,0.0,-0.2630668580532074,0.0,2.2202045784069924e-06
0.0,0.0,13745152.0,13745152.0,,19.900390625,0.0,1773864336.5051575,1005.922334613,0.0,0.0,0.0,0.004235589411109686,0.0,0.0,237.00094604492188,32308.43125283663,0.0,-0.2402406930923462,0.0,1.1700218237820081e-05
0.0,0.0,13999104.0,13999104.0,,19.96484375,0.0,1773864348.2953708,1017.705214075,0.0,0.0,0.0,0.0041441647335886955,0.0,0.0,216.65093994140625,32467.21003258938,0.0,-0.2150356024503708,0.0,5.9532831073738635e-06
0.0,0.009765625,14253056.0,14253056.0,,17.046875,0.0,1773864360.0781145,1029.497143701,0.0,0.0,0.0,0.0038066066335886717,0.001953125,0.009765625,193.4615478515625,32494.16650919158,0.0,-0.18933317065238953,0.0,3.3404669466108317e-06
0.0,0.0,14507008.0,14507008.0,"{'sha256': 'ede7e360e18d7cf9b51d663250921d6434e417a6398e891164b0675e72f1caab', 'path': 'media/html/render_14507008_ede7e360e18d7cf9b51d.html', 'size': 4768517.0, '_type': 'html-file'}",16.716796875,0.0,1773864409.8640907,1067.490492607,0.0,0.0,0.0,0.0038650918286293745,0.0,0.0,215.5792236328125,32464.094936469664,0.0,-0.18700839579105377,0.0,1.6300839433824876e-06
0.0,0.0,14760960.0,14760960.0,,16.80859375,0.0,1773864410.0951202,1079.548914593,0.0,0.0,0.0,0.0037968303076922894,0.0,0.0,199.57162475585938,32438.782718618248,0.0,-0.18513037264347076,0.0,5.959117970633088e-06
0.0,0.048828125,15014912.0,15014912.0,,17.224609375,0.0,1773864421.9218621,1091.331817133,0.0,0.0,0.0,0.0043648346327245235,0.001953125,0.048828125,232.61282348632812,32357.725201666966,0.0,-0.19943921267986298,0.0,-2.3103771127352957e-06
0.0,0.0078125,15268864.0,15268864.0,,20.0625,0.0,1773864433.7050297,1103.131844878,0.0,0.0,0.0,0.004891072399914265,0.001953125,0.0078125,219.02528381347656,32471.803613904278,0.0,-0.21141786873340607,0.0,-1.4423318361878046e-06
0.0,0.0,15522816.0,15522816.0,,18.736328125,0.0,1773864445.504819,1114.901609724,0.0,0.0,0.0,0.005643030162900686,0.0,0.0,219.50820922851562,32437.879793650198,0.0,-0.2820393741130829,0.0,-5.12851102030254e-07
0.0,0.00390625,15776768.0,15776768.0,"{'_type': 'html-file', 'sha256': '7f713798b8ef8ee1a14daad8f8975a470ba050269db67d9fac5fb086eb2bd971', 'path': 'media/html/render_15776768_7f713798b8ef8ee1a14d.html', 'size': 4746641.0}",26.580078125,0.0,1773864495.9108365,1153.537371465,0.0,0.0,0.0,0.005750874988734722,0.001953125,0.00390625,222.62741088867188,32530.604395904098,0.0,-0.2675873041152954,0.0,-1.92536231224949e-06
0.0,0.0,16030720.0,16030720.0,,21.501953125,0.0,1773864496.1457283,1165.577122678,0.0,0.0,0.0,0.008324745111167431,0.0,0.0,227.83718872070312,32412.915170638487,0.0,-0.3131706118583679,0.0,-6.073000804462936e-06
0.0,0.052734375,16284672.0,16284672.0,,22.0703125,0.0,1773864507.9501822,1177.365618799,0.0,0.0,0.0,0.009035647846758366,0.00390625,0.052734375,245.32440185546875,32416.0184790607,0.0,-0.3340107798576355,0.0,-4.739678843179718e-06
0.0,0.0546875,16538624.0,16538624.0,,20.39453125,0.0,1773864519.738649,1189.166904596,0.0,0.0,0.0,0.007411473896354437,0.0078125,0.0546875,234.37887573242188,32489.66173592734,0.0,-0.30749568343162537,0.0,6.897644198033959e-06
0.0,0.029296875,16792576.0,16792576.0,,16.119140625,0.0,1773864531.5398397,1200.965295666,0.0,0.0,0.0,0.008080197498202324,0.001953125,0.029296875,136.34786987304688,32419.085873430075,0.0,-0.4091087281703949,0.0,-0.00011322619684506208
0.0,0.123046875,17046528.0,17046528.0,"{'_type': 'html-file', 'sha256': '153843217b93abc39b8408c296b591dac7ce82aeee9a9ad081c81e03fb52c6f9', 'path': 'media/html/render_17046528_153843217b93abc39b84.html', 'size': 4721481.0}",17.955078125,0.0,1773864581.396675,1239.023061516,0.0,0.0,0.0,0.009828363545238972,0.0078125,0.123046875,228.0322723388672,32442.59650107301,0.0,-1.148683786392212,0.0,-3.698930231621489e-05
0.0,0.078125,17300480.0,17300480.0,,19.484375,0.0,1773864581.6352372,1251.091425537,0.0,0.0,0.0,0.009312096051871777,0.0078125,0.078125,262.4916076660156,32517.056562054928,0.0,-1.169180154800415,0.0,2.1755271518486552e-05
0.0,0.0,17554432.0,17554432.0,,19.330078125,0.0,1773864593.4645383,1262.878150073,0.0,0.0,0.0,0.009299717843532562,0.0,0.0,271.2491455078125,32342.497173638472,0.0,-0.8708133101463318,0.0,4.2499352275626734e-05
0.0,0.0703125,17808384.0,17808384.0,,25.31640625,0.0,1773864605.2513428,1274.67122236,0.0,0.0,0.0,0.008599457331001759,0.00390625,0.0703125,286.4247741699219,32459.046544297766,0.0,-0.6036068201065063,0.0,2.2646177967544645e-05
0.0,0.1015625,18062336.0,18062336.0,,23.01953125,0.0,1773864617.044147,1286.465352356,0.0,0.0,0.0,0.007999365217983723,0.015625,0.1015625,266.2670593261719,32468.451091897,0.0,-0.4583819806575775,0.0,1.1933283531107008e-05
0.0,0.048828125,18316288.0,18316288.0,"{'sha256': '6cb494a18865fcb4bd55c6ae2bf51a824791e909b99655db3ab0dff70aaeaf6a', 'path': 'media/html/render_18316288_6cb494a18865fcb4bd55.html', 'size': 4744237.0, '_type': 'html-file'}",16.8515625,0.0,1773864666.8328521,1324.459259285,0.0,0.0,0.0,0.009819801896810532,0.005859375,0.048828125,193.68814086914062,32435.191074133836,0.0,-0.454695463180542,0.0,9.955469977285247e-06
0.0,0.0,18570240.0,18570240.0,,19.888671875,0.0,1773864667.0520084,1336.491084361,0.0,0.0,0.0,0.008289656601846218,0.0,0.0,239.80596923828125,32386.14743745044,0.0,-0.4187055230140686,0.0,-8.821541541692568e-07
0.0,0.015625,18824192.0,18824192.0,,17.697265625,0.0,1773864678.864315,1348.285633934,0.0,0.0,0.0,0.00940394401550293,0.00390625,0.015625,230.25271606445312,32385.420739974008,0.0,-0.4114360511302948,0.0,6.65937113808468e-06
0.0,0.0546875,19078144.0,19078144.0,,17.119140625,0.0,1773864690.6586497,1360.081415405,0.0,0.0,0.0,0.009347092360258102,0.005859375,0.0546875,237.56509399414062,32471.23639810778,0.0,-0.36268654465675354,0.0,1.066456752596423e-05
0.0,0.0078125,19332096.0,19332096.0,,23.376953125,0.0,1773864702.4543285,1371.852847345,0.0,0.0,0.0,0.009223722852766514,0.001953125,0.0078125,251.12962341308594,32435.026130468203,0.0,-0.34018582105636597,0.0,-6.910285037520225e-07
0.0,0.26171875,19586048.0,19586048.0,"{'path': 'media/html/render_19586048_3fd59b47c5cad0200efe.html', 'size': 4741641.0, '_type': 'html-file', 'sha256': '3fd59b47c5cad0200efe782c0d3eed424c8ebbc0ff20580804f043112423a7a0'}",20.298828125,0.0,1773864753.775216,1411.401630234,0.0,0.0,0.0,0.009221510030329227,0.015625,0.26171875,245.52664184570312,32533.72829475154,0.0,-0.3605055809020996,0.0,5.927181518927682e-07
0.0,0.24609375,19840000.0,19840000.0,,20.115234375,0.0,1773864754.0198653,1423.488157343,0.0,0.0,0.0,0.00862937606871128,0.015625,0.24609375,243.9881134033203,32386.044043543137,0.0,-0.36386144161224365,0.0,-3.5815583032672293e-07
0.0,0.44921875,20093952.0,20093952.0,,26.267578125,0.0,1773864765.861227,1435.271495755,0.0,0.0,0.0,0.009020340628921986,0.02734375,0.44921875,227.6723175048828,32409.142876615995,0.0,-0.369502991437912,0.0,-4.248325240041595e-06
0.0,0.59765625,20347904.0,20347904.0,,18.314453125,0.0,1773864777.6443005,1447.053733322,0.0,0.0,0.0,0.009169504046440125,0.029296875,0.59765625,214.68380737304688,32480.694563513178,0.0,-0.3543379604816437,0.0,9.204203706758562e-06
0.0,0.04296875,20601856.0,20601856.0,,23.05859375,0.0,1773864789.426759,1458.856625966,0.0,0.0,0.0,0.010420816950500011,0.00390625,0.04296875,219.37127685546875,32506.361927874244,0.0,-0.35920095443725586,0.0,1.8458738395565888e-06
0.0,0.208984375,20855808.0,20855808.0,"{'_type': 'html-file', 'sha256': 'd3fa76cfa64dec1d06af8aeb0bfa913d6f79cc959aaf5e11ba57edbd8cb551c6', 'path': 'media/html/render_20855808_d3fa76cfa64dec1d06af.html', 'size': 4741585.0}",17.7265625,0.0,1773864838.2276075,1495.854029495,0.0,0.0,0.0,0.010474874638020992,0.01953125,0.208984375,245.55368041992188,32411.64087533519,0.0,-0.37393030524253845,0.0,-1.8609008520797943e-06
0.0,0.0234375,21109760.0,21109760.0,,19.322265625,0.0,1773864838.4282706,1507.875462933,0.0,0.0,0.0,0.011682160198688507,0.00390625,0.0234375,210.34767150878906,32525.162852497677,0.0,-0.392149418592453,0.0,3.82255120712216e-06
0.0,0.23828125,21363712.0,21363712.0,,24.412109375,0.0,1773864850.2484627,1519.663038141,0.0,0.0,0.0,0.01103753037750721,0.013671875,0.23828125,212.1133270263672,32383.471224928202,0.0,-0.35367950797080994,0.0,1.107751700146764e-06
0.0,0.083984375,21617664.0,21617664.0,,23.966796875,0.0,1773864862.0360386,1531.466621514,0.0,0.0,0.0,0.009984957985579967,0.009765625,0.083984375,211.5324249267578,32465.552465797235,0.0,-0.3468177914619446,0.0,5.122800757817458e-06
0.0,0.015625,21871616.0,21871616.0,,18.23046875,0.0,1773864873.8396719,1543.248007289,0.0,0.0,0.0,0.011984243057668209,0.005859375,0.015625,197.74295043945312,32398.74082708,0.0,-0.35554200410842896,0.0,-4.06774506700458e-06
0.0,0.36328125,22125568.0,22125568.0,"{'_type': 'html-file', 'sha256': '2e882d5161bc731aaf2aa8aa88d587b72e2be6f6ec9766db84cca2ec6145a237', 'path': 'media/html/render_22125568_2e882d5161bc731aaf2a.html', 'size': 4744309.0}",14.78125,0.0,1773864924.429779,1582.056188902,0.0,0.0,0.0,0.01153335627168417,0.013671875,0.36328125,200.27490234375,32487.34491549935,0.0,-0.3739157021045685,0.0,-8.463071935693733e-06
0.0,0.095703125,22379520.0,22379520.0,,17.08203125,0.0,1773864924.6544352,1594.096022578,0.0,0.0,0.0,0.010294659994542599,0.015625,0.095703125,198.76661682128906,32439.654078992604,0.0,-0.3279367685317993,0.0,1.0879733054025564e-05
0.0,0.365234375,22633472.0,22633472.0,,16.703125,0.0,1773864936.468849,1605.900569173,0.0,0.0,0.0,0.010254179127514362,0.013671875,0.365234375,218.49041748046875,32414.08993873789,0.0,-0.2816380262374878,0.0,1.9534299156021007e-07
0.0,0.078125,22887424.0,22887424.0,,17.9921875,0.0,1773864948.2736397,1617.686132237,0.0,0.0,0.0,0.011421099305152893,0.01171875,0.078125,201.24508666992188,32395.385639077875,0.0,-0.2947627604007721,0.0,3.563293944353063e-07
0.0,0.060546875,23141376.0,23141376.0,,16.970703125,0.0,1773864960.0590029,1629.458018193,0.0,0.0,0.0,0.011846503242850304,0.00390625,0.060546875,224.61166381835938,32492.58251033071,0.0,-0.2991756796836853,0.0,-2.5120053237515094e-07
0.0,0.177734375,23395328.0,23395328.0,"{'_type': 'html-file', 'sha256': '281220fdb1edb3a6fd6115bb91fcbf5640b93f2d6ad6fec9c0067131e31466ec', 'path': 'media/html/render_23395328_281220fdb1edb3a6fd61.html', 'size': 4748705.0}",21.13671875,0.0,1773865010.6994526,1668.325858222,0.0,0.0,0.0,0.01197419036179781,0.01171875,0.177734375,198.56259155273438,32535.748616206038,0.0,-0.3373831808567047,0.0,-4.903388344246196e-06
0.0,0.009765625,23649280.0,23649280.0,,19.32421875,0.0,1773865010.9373648,1680.380843842,0.0,0.0,0.0,0.013693315908312798,0.00390625,0.009765625,205.3377227783203,32498.357218294448,0.0,-0.3557775616645813,0.0,5.463545676320791e-06
0.0,0.107421875,23903232.0,23903232.0,,10.947265625,0.0,1773865022.753864,1692.156612224,0.0,0.0,0.0,0.015911409631371498,0.01171875,0.107421875,194.36309814453125,32388.57590705336,0.0,-0.37534987926483154,0.0,-6.033104682501289e-08
0.0,0.087890625,24157184.0,24157184.0,,14.8125,0.0,1773865034.529653,1703.945650056,0.0,0.0,0.0,0.023913420736789703,0.0078125,0.087890625,149.08126831054688,32517.51915926144,0.0,-0.653302788734436,0.0,-0.0004310010408516973
0.0,0.0390625,24411136.0,24411136.0,,12.919921875,0.0,1773865046.31872,1715.724362223,0.0,0.0,0.0,0.040291547775268555,0.00390625,0.0390625,185.727294921875,32447.29777707998,0.0,-2.5310170650482178,0.0,-0.00010468982509337366
0.0,0.0078125,24665088.0,24665088.0,"{'size': 4750449.0, '_type': 'html-file', 'sha256': '71688c2c93346a9f7a4eda6fd6e4f5562c76f1bbceb087f05ea38aeaeb25967e', 'path': 'media/html/render_24665088_71688c2c93346a9f7a4e.html'}",15.083984375,0.0,1773865096.3477762,1753.974181836,0.0,0.0,0.0,0.04853174090385437,0.001953125,0.0078125,239.43275451660156,32502.642237767017,0.0,-2.91400146484375,0.0,5.92123478782014e-06
0.0,0.150390625,24919040.0,24919040.0,,23.015625,0.0,1773865096.5474007,1765.984404773,0.0,0.0,0.0,0.037863168865442276,0.017578125,0.150390625,292.4441833496094,32520.60777960315,0.0,-2.2456302642822266,0.0,8.561521826777607e-05
0.0,0.265625,25172992.0,25172992.0,,19.673828125,0.0,1773865108.3574915,1777.762078255,0.0,0.0,0.0,0.025313863530755043,0.015625,0.265625,223.51626586914062,32399.70957598539,0.0,-1.4639105796813965,0.0,7.512349111493677e-05
0.0,0.421875,25426944.0,25426944.0,,20.08984375,0.0,1773865120.1349163,1789.536886077,0.0,0.0,0.0,0.021095631644129753,0.013671875,0.421875,274.69573974609375,32522.026696440586,0.0,-0.9999749064445496,0.0,4.9445065087638795e-05
0.0,0.13671875,25680896.0,25680896.0,,20.55859375,0.0,1773865131.9098575,1801.331505349,0.0,0.0,0.0,0.01980365812778473,0.009765625,0.13671875,237.95411682128906,32515.915015823834,0.0,-0.7506073117256165,0.0,2.3721237084828317e-05
0.0,0.978515625,25934848.0,25934848.0,"{'_type': 'html-file', 'sha256': 'e512b3422c9727fa37f96677c6f3978045ef42b54cfb52aae7e4f25540e8e5fe', 'path': 'media/html/render_25934848_e512b3422c9727fa37f9.html', 'size': 4735801.0}",21.951171875,0.0,1773865182.8088596,1840.435291286,0.0,0.0,0.0,0.02060266211628914,0.029296875,0.978515625,230.8703155517578,32438.29074670276,0.0,-0.6549965739250183,0.0,1.5038353012641892e-05
0.0,0.1875,26188800.0,26188800.0,,14.990234375,0.0,1773865183.0441139,1852.515590827,0.0,0.0,0.0,0.022108327597379684,0.01171875,0.1875,205.03443908691406,32523.89957819922,0.0,-0.6098403334617615,0.0,-1.0712404218793381e-05
0.0,0.15234375,26442752.0,26442752.0,,20.0078125,0.0,1773865194.8878553,1864.302616556,0.0,0.0,0.0,0.03065136820077896,0.009765625,0.15234375,211.19137573242188,32283.27793144919,0.0,-0.8381306529045105,0.0,-0.0001669811608735472
0.0,0.34375,26696704.0,26696704.0,,19.822265625,0.0,1773865206.6756833,1876.112319325,0.0,0.0,0.0,0.0315619595348835,0.017578125,0.34375,229.67649841308594,32469.533879824863,0.0,-1.6228351593017578,0.0,2.4164281057892367e-05
0.0,0.33203125,26950656.0,26950656.0,,25.537109375,0.0,1773865218.4853866,1887.894995442,0.0,0.0,0.0,0.028511198237538338,0.009765625,0.33203125,312.18597412109375,32391.883386872167,0.0,-1.183032751083374,0.0,7.6193296990823e-05
0.0,0.54296875,27204608.0,27204608.0,"{'_type': 'html-file', 'sha256': '6e93f0432d512cdca2baa5c8963a8e63992bfb9e1024306653e403de6a4b3980', 'path': 'media/html/render_27204608_6e93f0432d512cdca2ba.html', 'size': 4737045.0}",22.37890625,0.0,1773865268.8618348,1926.488243909,0.0,0.0,0.0,0.023790132254362106,0.01953125,0.54296875,283.60205078125,32491.715242215905,0.0,-0.7106124758720398,0.0,6.603016663575545e-05
0.0,0.01953125,27458560.0,27458560.0,,20.958984375,0.0,1773865269.1141558,1938.569168516,0.0,0.0,0.0,0.02599099650979042,0.001953125,0.01953125,253.96636962890625,32469.94959455846,0.0,-0.602200448513031,0.0,9.31168960960349e-06
0.0,0.017578125,27712512.0,27712512.0,,19.513671875,0.0,1773865280.9421713,1950.360851024,0.0,0.0,0.0,0.02511843852698803,0.001953125,0.017578125,259.16497802734375,32345.266804264764,0.0,-0.6892441511154175,0.0,-7.4195500019413885e-06
0.0,0.173828125,27966464.0,27966464.0,,20.087890625,0.0,1773865292.733901,1962.139630611,0.0,0.0,0.0,0.02164296805858612,0.0078125,0.173828125,213.13845825195312,32438.474493503578,0.0,-0.577049732208252,0.0,1.7928858142113313e-05
0.0,0.17578125,28220416.0,28220416.0,,21.869140625,0.0,1773865304.5119703,1973.944397664,0.0,0.0,0.0,0.023113777860999107,0.005859375,0.17578125,227.278564453125,32502.752328368057,0.0,-0.5814695954322815,0.0,-5.404870080383262e-06
0.0,0.60546875,28474368.0,28474368.0,"{'sha256': 'fe47d14d23126b287b23a6f824fbf1ba1c223c890e835acf022db6978c3029af', 'path': 'media/html/render_28474368_fe47d14d23126b287b23.html', 'size': 4752657.0, '_type': 'html-file'}",22.87890625,0.0,1773865355.0415814,2012.668019895,0.0,0.0,0.0,0.02378423884510994,0.01171875,0.60546875,209.81358337402344,32384.210634571,0.0,-0.595012903213501,0.0,1.8263148376718163e-05
0.0,0.60546875,28728320.0,28728320.0,,14.859375,0.0,1773865355.2787955,2024.714979446,0.0,0.0,0.0,0.02019854635000229,0.021484375,0.60546875,189.8963623046875,32432.372447144597,0.0,-0.5247353911399841,0.0,4.273167178325821e-06
0.0,0.146484375,28982272.0,28982272.0,,19.091796875,0.0,1773865367.0881212,2036.498007996,0.0,0.0,0.0,0.021219434216618538,0.00390625,0.146484375,202.68734741210938,32409.02651653985,0.0,-0.5311867594718933,0.0,4.207317033433355e-06
0.0,0.30859375,29236224.0,29236224.0,,21.509765625,0.0,1773865378.8710299,2048.282884091,0.0,0.0,0.0,0.025618603453040123,0.01953125,0.30859375,225.05349731445312,32503.52298345773,0.0,-0.5653796195983887,0.0,-1.0573604413366411e-05
0.0,0.498046875,29490176.0,29490176.0,,19.544921875,0.0,1773865390.6559243,2060.063906647,0.0,0.0,0.0,0.025053663179278374,0.01953125,0.498046875,214.92807006835938,32481.857410891185,0.0,-0.6366604566574097,0.0,-1.874056033557281e-05
0.0,0.0,29744128.0,29744128.0,"{'path': 'media/html/render_29744128_23e73e3c71254dedb0f6.html', 'size': 4747977.0, '_type': 'html-file', 'sha256': '23e73e3c71254dedb0f6e8d948187835372cec2c103c08f128710edb046909f2'}",17.986328125,0.0,1773865441.5964699,2099.222841855,0.0,0.0,0.0,0.026447422802448273,0.0,0.0,213.91078186035156,32513.91998399994,0.0,-0.6577035784721375,0.0,6.551788374054013e-06
0.0,0.4453125,29998080.0,29998080.0,,20.294921875,0.0,1773865441.8445888,2111.310334885,0.0,0.0,0.0,0.03273412212729454,0.017578125,0.4453125,212.60696411132812,32509.95546093642,0.0,-0.717229962348938,0.0,6.036900231265463e-06
0.0,0.087890625,30252032.0,30252032.0,,15.966796875,0.0,1773865453.6828103,2123.091240307,0.0,0.0,0.0,0.03242391720414162,0.0078125,0.087890625,194.056884765625,32446.816419244962,0.0,-0.6907079219818115,0.0,5.23325343237957e-06
0.0,0.009765625,30505984.0,30505984.0,,17.798828125,0.0,1773865465.4642615,2134.872974918,0.0,0.0,0.0,0.03790164738893509,0.001953125,0.009765625,211.10086059570312,32488.980925068827,0.0,-0.7168734073638916,0.0,1.7934600691660307e-05
0.0,0.1171875,30759936.0,30759936.0,,17.888671875,0.0,1773865477.2461233,2146.663351085,0.0,0.0,0.0,0.03308308869600296,0.009765625,0.1171875,193.6191864013672,32506.25280484381,0.0,-0.6909242868423462,0.0,-3.719943197211251e-05
0.0,0.126953125,31013888.0,31013888.0,"{'_type': 'html-file', 'sha256': '69059a31b356eebeb25dd3d10fd3e7cd9ad3684f170814ed7138859d649a2a45', 'path': 'media/html/render_31013888_69059a31b356eebeb25d.html', 'size': 4730285.0}",17.927734375,0.0,1773865526.4905481,2184.116916805,0.0,0.0,0.0,0.03708772361278534,0.009765625,0.126953125,205.1566162109375,32461.347458741035,0.0,-0.8125351667404175,0.0,-1.3392939763434697e-05
0.0,0.43359375,31267840.0,31267840.0,,20.3046875,0.0,1773865526.718837,2196.178322611,0.0,0.0,0.0,0.03757621347904205,0.0078125,0.43359375,196.39288330078125,32464.653986897185,0.0,-0.7457031607627869,0.0,2.1278037820593454e-05
0.0,0.076171875,31521792.0,31521792.0,,14.509765625,0.0,1773865538.5514374,2207.968336587,0.0,0.0,0.0,0.041882336139678955,0.005859375,0.076171875,209.12722778320312,32347.071247885327,0.0,-0.710016667842865,0.0,1.3162509276298806e-05
0.0,1.421875,31775744.0,31775744.0,,17.166015625,0.0,1773865550.3414686,2219.741702231,0.0,0.0,0.0,0.0425814688205719,0.02734375,1.421875,212.24862670898438,32447.577504929348,0.0,-0.6890392303466797,0.0,4.101453214389039e-06
0.0,0.30859375,32029696.0,32029696.0,,18.76953125,0.0,1773865562.1143618,2231.53068297,0.0,0.0,0.0,0.03825501352548599,0.01171875,0.30859375,235.77822875976562,32526.254392571023,0.0,-0.6757515072822571,0.0,1.0072943950945046e-05
0.0,0.3046875,32283648.0,32283648.0,"{'_type': 'html-file', 'sha256': '764075843bd5532a75a2f08a48f9cd366bbc878795f98a128003a4cb5aa91526', 'path': 'media/html/render_32283648_764075843bd5532a75a2.html', 'size': 4722073.0}",19.892578125,0.0,1773865613.0699685,2270.696378508,0.0,0.0,0.0,0.03682287782430649,0.009765625,0.3046875,204.6815948486328,32473.049974415495,0.0,-0.6452205777168274,0.0,7.086794084898429e-06
0.0,0.6484375,32537600.0,32537600.0,,21.13671875,0.0,1773865613.308789,2282.754810282,0.0,0.0,0.0,0.04395095258951187,0.01953125,0.6484375,226.810546875,32484.09122269305,0.0,-0.714377760887146,0.0,1.0294800631527323e-05
0.0,1.78125,32791552.0,32791552.0,,25.30859375,0.0,1773865625.1278906,2294.522029163,0.0,0.0,0.0,0.041699014604091644,0.029296875,1.78125,220.7600860595703,32364.029293625586,0.0,-0.6538734436035156,0.0,-8.651063581055496e-06
0.0,0.35546875,33045504.0,33045504.0,,22.935546875,0.0,1773865636.895168,2306.306518314,0.0,0.0,0.0,0.04233681038022041,0.015625,0.35546875,166.37091064453125,32552.059499979983,0.0,-0.7061914205551147,0.0,-9.392547326569911e-06
0.0,1.216796875,33299456.0,33299456.0,,22.734375,0.0,1773865648.6795387,2318.092443736,0.0,0.0,0.0,0.04761214181780815,0.03515625,1.216796875,226.30892944335938,32496.595343038534,0.0,-0.8115081787109375,0.0,-1.1826909030787647e-05
0.0,0.884765625,33553408.0,33553408.0,"{'sha256': '60da3bea2d5755fcc33e061433a3a98473941d683f6b78dbf110a820726241b5', 'path': 'media/html/render_33553408_60da3bea2d5755fcc33e.html', 'size': 4726453.0, '_type': 'html-file'}",22.291015625,0.0,1773865699.4210413,2357.047474462,0.0,0.0,0.0,0.04598158597946167,0.02734375,0.884765625,234.3677978515625,32468.616375694346,0.0,-0.8356742858886719,0.0,-2.901050538639538e-05
0.0,0.224609375,33807360.0,33807360.0,,21.005859375,0.0,1773865699.6992023,2369.137940159,0.0,0.0,0.0,0.04832284152507782,0.009765625,0.224609375,201.98985290527344,32532.3699609429,0.0,-0.8738258481025696,0.0,-2.0762128770002164e-05
0.0,0.8671875,34061312.0,34061312.0,,18.240234375,0.0,1773865711.5109882,2380.92615464,0.0,0.0,0.0,0.05023026093840599,0.025390625,0.8671875,199.41250610351562,32407.237832041632,0.0,-0.9168940186500549,0.0,8.268813871836755e-06
0.0,1.005859375,34315264.0,34315264.0,,16.7734375,0.0,1773865723.2986684,2392.698917294,0.0,0.0,0.0,0.05491066724061966,0.021484375,1.005859375,197.31149291992188,32465.28628129131,0.0,-0.9796206951141357,0.0,-9.558199963066727e-06
0.0,0.703125,34569216.0,34569216.0,,21.318359375,0.0,1773865735.071923,2404.487255047,0.0,0.0,0.0,0.05845663696527481,0.033203125,0.703125,224.84005737304688,32514.734840556437,0.0,-1.0200214385986328,0.0,1.8670340068638325e-05
0.0,1.447265625,34823168.0,34823168.0,"{'path': 'media/html/render_34823168_8927e76b9636e0525652.html', 'size': 4722333.0, '_type': 'html-file', 'sha256': '8927e76b9636e05256524f35a2432af90eac311a0ecffd50180bd8e295642c6b'}",23.15625,0.0,1773865784.3125055,2441.938922396,0.0,0.0,0.0,0.0529024600982666,0.0390625,1.447265625,206.69192504882812,32477.46695928605,0.0,-0.9106966257095337,0.0,-6.521441378026793e-07
0.0,0.392578125,35077120.0,35077120.0,,20.9609375,0.0,1773865784.5223606,2453.960787544,0.0,0.0,0.0,0.052536699920892715,0.01953125,0.392578125,205.62838745117188,32497.675051467908,0.0,-0.8613231778144836,0.0,2.896990190492943e-05
0.0,0.404296875,35331072.0,35331072.0,,23.958984375,0.0,1773865796.3339047,2465.740603733,0.0,0.0,0.0,0.05544694885611534,0.03125,0.404296875,191.388916015625,32411.16057485609,0.0,-0.8858850598335266,0.0,-3.932200706913136e-05
0.0,0.404296875,35585024.0,35585024.0,,20.01953125,0.0,1773865808.1134646,2477.529956098,0.0,0.0,0.0,0.05540096387267113,0.025390625,0.404296875,226.4667510986328,32512.665522200892,0.0,-0.940602719783783,0.0,1.2273203537915833e-05
0.0,0.439453125,35838976.0,35838976.0,,19.98046875,0.0,1773865819.9030387,2489.307773643,0.0,0.0,0.0,0.05811026692390442,0.0234375,0.439453125,209.73300170898438,32468.39863691189,0.0,-0.9481945037841797,0.0,1.48038179759169e-05
0.0,1.302734375,36092928.0,36092928.0,"{'_type': 'html-file', 'sha256': 'ae2a11b00723bb84aaed6a9e4b910350fd11253ba1ba79a52b6c3c13d610f3f4', 'path': 'media/html/render_36092928_ae2a11b00723bb84aaed.html', 'size': 4733461.0}",22.517578125,0.0,1773865871.6167586,2529.243170604,0.0,0.0,0.0,0.06732679903507233,0.03125,1.302734375,214.3748321533203,32507.75182256265,0.0,-0.9862163066864014,0.0,3.087060804318753e-06
0.0,0.7265625,36346880.0,36346880.0,,22.37890625,0.0,1773865871.8419259,2541.300989876,0.0,0.0,0.0,0.08434917032718658,0.03125,0.7265625,186.40164184570312,32494.581863610616,0.0,-1.0418405532836914,0.0,2.8329723136266693e-06
0.0,0.400390625,36600832.0,36600832.0,,24.65234375,0.0,1773865883.6740255,2553.072538108,0.0,0.0,0.0,0.08532734960317612,0.017578125,0.400390625,199.4005889892578,32339.21449892098,0.0,-1.048022747039795,0.0,-9.150604455498978e-06
0.0,0.859375,36854784.0,36854784.0,,22.875,0.0,1773865895.4456184,2564.853188544,0.0,0.0,0.0,0.07611791789531708,0.029296875,0.859375,190.1853485107422,32525.182716084742,0.0,-1.090930461883545,0.0,-8.085559966275468e-05
0.0,0.73046875,37108736.0,37108736.0,,22.78515625,0.0,1773865907.2264445,2576.643511995,0.0,0.0,0.0,0.06865470856428146,0.017578125,0.73046875,223.50540161132812,32488.75399445647,0.0,-1.3437443971633911,0.0,-1.8868522602133453e-05
0.0,0.6875,37362688.0,37362688.0,"{'_type': 'html-file', 'sha256': '07856820af3e09b891b65f003be70f05a4733a42402c7b75b536dafffb55f46b', 'path': 'media/html/render_37362688_07856820af3e09b891b6.html', 'size': 4728733.0}",22.75,0.0,1773865957.7429383,2615.369403057,0.0,0.0,0.0,0.06434264779090881,0.021484375,0.6875,229.8335723876953,32483.46413940488,0.0,-1.3031339645385742,0.0,4.650767004932277e-05
0.0,0.48828125,37616640.0,37616640.0,,21.189453125,0.0,1773865957.9572291,2627.401697016,0.0,0.0,0.0,0.07133583724498749,0.02734375,0.48828125,212.42578125,32448.002542342107,0.0,-1.1421194076538086,0.0,2.9730714231845923e-05
0.0,0.58203125,37870592.0,37870592.0,,17.578125,0.0,1773865969.7748966,2639.192094895,0.0,0.0,0.0,0.07949154824018478,0.0234375,0.58203125,213.53875732421875,32390.319193706142,0.0,-1.0599987506866455,0.0,1.7847780327429064e-05
0.0,1.08984375,38124544.0,38124544.0,,20.4140625,0.0,1773865981.565051,2650.956512532,0.0,0.0,0.0,0.07681325078010559,0.041015625,1.08984375,214.3946075439453,32456.41859872133,0.0,-1.0229209661483765,0.0,1.306895683228504e-06
0.0,1.287109375,38378496.0,38378496.0,,19.42578125,0.0,1773865993.3295245,2662.73063763,0.0,0.0,0.0,0.07325614988803864,0.03125,1.287109375,235.34376525878906,32549.40354184798,0.0,-0.9898784160614014,0.0,-9.450970537727699e-06
0.0,0.498046875,38632448.0,38632448.0,"{'_type': 'html-file', 'sha256': '141db3e76a080268f411eef5e10c941aade9ac76dd5b405f79d909ae7f15030a', 'path': 'media/html/render_38632448_141db3e76a080268f411.html', 'size': 4748409.0}",20.767578125,0.0,1773866042.9254355,2700.551921435,0.0,0.0,0.0,0.07203922420740128,0.015625,0.498046875,221.3424072265625,32516.811371018557,0.0,-0.9885334968566895,0.0,1.975599479919765e-05
0.0,0.818359375,38886400.0,38886400.0,,20.34765625,0.0,1773866043.1808617,2712.609957709,0.0,0.0,0.0,0.06422097980976105,0.025390625,0.818359375,209.49856567382812,32520.15700898741,0.0,-0.8912619948387146,0.0,1.470263578084996e-05
0.0,1.251953125,39140352.0,39140352.0,,15.185546875,0.0,1773866054.9829934,2724.394340669,0.0,0.0,0.0,0.06464286893606186,0.02734375,1.251953125,229.29803466796875,32443.778362799352,0.0,-0.8723322749137878,0.0,-8.854053703544196e-06
0.0,0.361328125,39394304.0,39394304.0,,15.353515625,0.0,1773866066.7673676,2736.168941978,0.0,0.0,0.0,0.07196848839521408,0.013671875,0.361328125,165.74411010742188,32463.40827078948,0.0,-1.1596903800964355,0.0,-0.00011710654507623985
0.0,0.9921875,39648256.0,39648256.0,,18.798828125,0.0,1773866078.5419192,2747.954763604,0.0,0.0,0.0,0.07943649590015411,0.033203125,0.9921875,178.2340087890625,32515.957698283954,0.0,-1.5536550283432007,0.0,-3.7221623642835766e-05
0.0,1.646484375,39902208.0,39902208.0,"{'_type': 'html-file', 'sha256': '20f08fae18d09f6106e4036b3b5227734677886f6839b11e04e2e50da8f19644', 'path': 'media/html/render_39902208_20f08fae18d09f6106e4.html', 'size': 4720149.0}",24.115234375,0.0,1773866130.140297,2787.766709142,0.0,0.0,0.0,0.07309019565582275,0.04296875,1.646484375,215.53741455078125,32481.01250584613,0.0,-1.302114725112915,0.0,6.989984831307083e-05
0.0,0.779296875,40156160.0,40156160.0,,20.32421875,0.0,1773866130.3535378,2799.802112992,0.0,0.0,0.0,0.0722310021519661,0.017578125,0.779296875,230.90478515625,32544.842671576847,0.0,-1.1058435440063477,0.0,2.90830012090737e-05
0.0,0.986328125,40410112.0,40410112.0,,23.048828125,0.0,1773866142.1749604,2811.588204505,0.0,0.0,0.0,0.06941433995962143,0.01953125,0.986328125,179.78369140625,32387.633428527235,0.0,-1.042946457862854,0.0,2.7365491405362263e-05
0.0,0.1640625,40664064.0,40664064.0,,20.841796875,0.0,1773866153.9611616,2823.370418114,0.0,0.0,0.0,0.07434319704771042,0.009765625,0.1640625,189.89089965820312,32481.824723243237,0.0,-1.0019071102142334,0.0,-1.333119780611014e-05
0.0,1.513671875,40918016.0,40918016.0,,23.775390625,0.0,1773866165.743467,2835.154093772,0.0,0.0,0.0,0.06564328074455261,0.04296875,1.513671875,188.7937469482422,32495.252995696108,0.0,-1.068580150604248,0.0,-2.1485379875230137e-07
0.0,1.61328125,41171968.0,41171968.0,"{'_type': 'html-file', 'sha256': 'a28e160db4a0df1481df60c7a075737e43e62f3824cf76f32f2af204191f0a5c', 'path': 'media/html/render_41171968_a28e160db4a0df1481df.html', 'size': 4708229.0}",19.5078125,0.0,1773866216.6343536,2874.260718185,0.0,0.0,0.0,0.06285595148801804,0.041015625,1.61328125,189.36587524414062,32480.85799103772,0.0,-1.0072163343429565,0.0,2.6247964342474006e-05
0.0,0.333984375,41425920.0,41425920.0,,16.923828125,0.0,1773866216.8478556,2886.293751874,0.0,0.0,0.0,0.062444087117910385,0.015625,0.333984375,197.46530151367188,32478.65136303829,0.0,-0.9751210808753967,0.0,1.6410926036769524e-05
0.0,0.4765625,41679872.0,41679872.0,,16.8515625,0.0,1773866228.666822,2898.085939199,0.0,0.0,0.0,0.0681523010134697,0.025390625,0.4765625,210.32757568359375,32376.609420967183,0.0,-0.9669555425643921,0.0,-7.3031833380809985e-06
0.0,0.52734375,41933824.0,41933824.0,,15.634765625,0.0,1773866240.4590733,2909.863555713,0.0,0.0,0.0,0.05859903246164322,0.015625,0.52734375,195.52430725097656,32455.237793741242,0.0,-0.9209465384483337,0.0,9.943494660547003e-06
0.0,0.4296875,42187776.0,42187776.0,,16.9140625,0.0,1773866252.2365866,2921.658615561,0.0,0.0,0.0,0.060840267688035965,0.015625,0.4296875,187.5786590576172,32521.510351280845,0.0,-0.9332718849182129,0.0,8.747505489736795e-06
0.0,0.482421875,42441728.0,42441728.0,"{'_type': 'html-file', 'sha256': 'f50214d570d2546dc9d85a302fffc8073d9848436c942c212ed58d1d91773135', 'path': 'media/html/render_42441728_f50214d570d2546dc9d8.html', 'size': 4720077.0}",12.951171875,0.0,1773866302.1860793,2959.812495552,0.0,0.0,0.0,0.05601897090673447,0.025390625,0.482421875,193.13519287109375,32453.481579440795,0.0,-0.8549544811248779,0.0,-1.0703414773161057e-05
0.0,0.52734375,42695680.0,42695680.0,,12.291015625,0.0,1773866302.4449308,2971.902932945,0.0,0.0,0.0,0.056986238807439804,0.01953125,0.52734375,206.07891845703125,32467.63162582821,0.0,-0.8661726713180542,0.0,-1.0885380561376223e-06
0.0,0.87890625,42949632.0,42949632.0,,14.79296875,0.0,1773866314.275962,2983.699674486,0.0,0.0,0.0,0.05775297433137894,0.041015625,0.87890625,202.93917846679688,32369.49672908054,0.0,-0.9044337272644043,0.0,3.2002574243961135e-06
0.0,0.3359375,43203584.0,43203584.0,,21.5234375,0.0,1773866326.072689,2995.486857266,0.0,0.0,0.0,0.07045451551675797,0.005859375,0.3359375,214.65536499023438,32424.435716672517,0.0,-1.297284722328186,0.0,-0.0002804636023938656
0.0,0.357421875,43457536.0,43457536.0,,18.873046875,0.0,1773866337.8599553,3007.276456372,0.0,0.0,0.0,0.07428108900785446,0.009765625,0.357421875,211.89047241210938,32482.885619580782,0.0,-2.154111862182617,0.0,-1.3153629879525397e-05
0.0,0.578125,43711488.0,43711488.0,"{'path': 'media/html/render_43711488_981ca45a6e3cbed60a15.html', 'size': 4737377.0, '_type': 'html-file', 'sha256': '981ca45a6e3cbed60a15803923b8af67f6f3ad149c3d6d765643478a8be5cf6e'}",19.22265625,0.0,1773866388.8286767,3046.455125617,0.0,0.0,0.0,0.06605644524097443,0.025390625,0.578125,179.204345703125,32451.079947662805,0.0,-2.0176444053649902,0.0,-3.39792859449517e-05
0.0,0.470703125,43965440.0,43965440.0,,21.79296875,0.0,1773866389.038833,3058.491277011,0.0,0.0,0.0,0.06957393884658813,0.0234375,0.470703125,250.73098754882812,32453.82173223364,0.0,-1.9129332304000854,0.0,-9.289260560763068e-06
0.0,0.294921875,44219392.0,44219392.0,,14.798828125,0.0,1773866400.8643806,3070.269889679,0.0,0.0,0.0,0.06114926189184189,0.021484375,0.294921875,206.41851806640625,32333.670913723665,0.0,-1.6343413591384888,0.0,8.813772001303732e-05
0.0,0.162109375,44473344.0,44473344.0,,16.12890625,0.0,1773866412.6430476,3082.067833562,0.0,0.0,0.0,0.05896184965968132,0.0078125,0.162109375,178.66586303710938,32514.98694817801,0.0,-1.3044707775115967,0.0,7.203435961855575e-05
0.0,0.578125,44727296.0,44727296.0,,16.974609375,0.0,1773866424.4408803,3093.846814113,0.0,0.0,0.0,0.05172722786664963,0.02734375,0.578125,183.91311645507812,32425.20562359802,0.0,-1.0879944562911987,0.0,5.8504701883066446e-05
0.0,0.451171875,44981248.0,44981248.0,"{'_type': 'html-file', 'sha256': 'a185c1a0f36a5f06b819eaba0c4b3c0cecc3573a0340196cbce71bd52c1ddca2', 'path': 'media/html/render_44981248_a185c1a0f36a5f06b819.html', 'size': 4740677.0}",19.28125,0.0,1773866473.8604999,3131.486943116,0.0,0.0,0.0,0.04152468964457512,0.01953125,0.451171875,224.7314453125,32511.587794515654,0.0,-0.8188039660453796,0.0,2.458040398778394e-05
0.0,0.7109375,45235200.0,45235200.0,,19.16796875,0.0,1773866474.158127,3143.632672,0.0,0.0,0.0,0.042315926402807236,0.02734375,0.7109375,173.91696166992188,32441.384095285975,0.0,-0.7717702984809875,0.0,8.739441909710877e-06
0.0,0.390625,45489152.0,45489152.0,,15.697265625,0.0,1773866486.0055816,3155.42199708,0.0,0.0,0.0,0.04466794803738594,0.01953125,0.390625,192.0469970703125,32285.027515287584,0.0,-0.8370318412780762,0.0,-2.4719141947571188e-05
0.0,0.521484375,45743104.0,45743104.0,,16.04296875,0.0,1773866497.7948525,3167.204198879,0.0,0.0,0.0,0.04436410591006279,0.01953125,0.521484375,140.564208984375,32457.474868942303,0.0,-0.9431589245796204,0.0,-5.12906517542433e-05
0.0,0.4453125,45997056.0,45997056.0,,18.015625,0.0,1773866509.5772316,3178.984658011,0.0,0.0,0.0,0.03992943838238716,0.025390625,0.4453125,186.57925415039062,32499.90806455496,0.0,-1.003929853439331,0.0,8.266986696980894e-06
0.0,0.333984375,46251008.0,46251008.0,"{'size': 4729189.0, '_type': 'html-file', 'sha256': '93a3cfac3058954feffc12c8eeb8f1bd7b81afa9a5a1bf24028203f01c1991d4', 'path': 'media/html/render_46251008_93a3cfac3058954feffc.html'}",18.494140625,0.0,1773866560.9686391,3218.595073352,0.0,0.0,0.0,0.04007246345281601,0.021484375,0.333984375,216.94943237304688,32515.193401425397,0.0,-0.8565864562988281,0.0,1.8301014279131778e-05
0.0,0.82421875,46504960.0,46504960.0,,17.2421875,0.0,1773866561.2141793,3230.674084589,0.0,0.0,0.0,0.04367478936910629,0.025390625,0.82421875,227.86807250976562,32506.72898344438,0.0,-0.8592264652252197,0.0,3.695282794069499e-05
0.0,0.5390625,46758912.0,46758912.0,,17.283203125,0.0,1773866573.0471127,3242.468009963,0.0,0.0,0.0,0.04132244363427162,0.01953125,0.5390625,214.8650360107422,32338.496778786008,0.0,-0.7467943429946899,0.0,3.079284215345979e-05
0.0,0.376953125,47012864.0,47012864.0,,19.267578125,0.0,1773866584.8411841,3254.251490949,0.0,0.0,0.0,0.03458050638437271,0.01953125,0.376953125,156.9879150390625,32456.60353994678,0.0,-0.6377014517784119,0.0,1.5786028598085977e-05
0.0,0.15234375,47266816.0,47266816.0,,17.021484375,0.0,1773866596.62446,3266.024123808,0.0,0.0,0.0,0.0360814705491066,0.009765625,0.15234375,158.38641357421875,32489.26335405792,0.0,-0.6274779438972473,0.0,8.065496331255417e-06
0.0,1.068359375,47520768.0,47520768.0,"{'sha256': '44f10ccf83ee2d9f4d024be10097bb3341f0097f0ad2fe79fea07285d63f3257', 'path': 'media/html/render_47520768_44f10ccf83ee2d9f4d02.html', 'size': 4723261.0, '_type': 'html-file'}",17.990234375,0.0,1773866647.7238114,3305.350177338,0.0,0.0,0.0,0.034000467509031296,0.029296875,1.068359375,168.25904846191406,32535.100654989383,0.0,-0.6095396280288696,0.0,-1.6691507198629552e-07
0.0,0.1796875,47774720.0,47774720.0,,18.62109375,0.0,1773866647.9638524,3317.408749065,0.0,0.0,0.0,0.03480389714241028,0.01171875,0.1796875,192.29295349121094,32493.527141877596,0.0,-0.6194454431533813,0.0,-1.3714035276279901e-06
0.0,1.16796875,48028672.0,48028672.0,,17.462890625,0.0,1773866659.7814748,3329.173495729,0.0,0.0,0.0,0.03765847906470299,0.0390625,1.16796875,137.3087158203125,32397.410493183736,0.0,-0.6260434985160828,0.0,1.61083007697016e-05
0.0,0.78125,48282624.0,48282624.0,,17.591796875,0.0,1773866671.5466828,3340.95456042,0.0,0.0,0.0,0.03642680495977402,0.03125,0.78125,120.21002197265625,32545.252361699804,0.0,-0.6268218159675598,0.0,-8.929298019211274e-06
0.0,0.798828125,48536576.0,48536576.0,,23.41015625,0.0,1773866683.3277435,3352.717425865,0.0,0.0,0.0,0.03438973054289818,0.033203125,0.798828125,194.7406005859375,32508.54454234954,0.0,-0.6250209212303162,0.0,5.0135872697865125e-06
0.0,0.630859375,48790528.0,48790528.0,"{'_type': 'html-file', 'sha256': '0c6b846e33552195071b60046a858b32583e54f9547ae9cac0844c0f18808fe0', 'path': 'media/html/render_48790528_0c6b846e33552195071b.html', 'size': 4736169.0}",13.701171875,0.0,1773866733.2377944,3390.86421128,0.0,0.0,0.0,0.036109559237957,0.03125,0.630859375,205.08837890625,32570.024952664768,0.0,-0.6387170553207397,0.0,-3.9986040064832196e-05
0.0,0.419921875,49044480.0,49044480.0,,10.99609375,0.0,1773866733.4621968,3402.907962064,0.0,0.0,0.0,0.03931442275643349,0.01953125,0.419921875,115.26823425292969,32490.803421669178,0.0,-0.9490432739257812,0.0,-0.00019526352116372436
0.0,0.455078125,49298432.0,49298432.0,,16.83203125,0.0,1773866745.281007,3414.673736527,0.0,0.0,0.0,0.03814348950982094,0.025390625,0.455078125,202.3235626220703,32397.21637211252,0.0,-1.5677741765975952,0.0,-4.549379809759557e-05
0.0,0.046875,49552384.0,49552384.0,,14.880859375,0.0,1773866757.046654,3426.447324727,0.0,0.0,0.0,0.0383559875190258,0.00390625,0.046875,156.46998596191406,32566.05271059206,0.0,-1.524741768836975,0.0,9.239972860086709e-05
0.0,0.43359375,49806336.0,49806336.0,,19.947265625,0.0,1773866768.820357,3438.197369087,0.0,0.0,0.0,0.03686409443616867,0.025390625,0.43359375,231.11383056640625,32534.140686275347,0.0,-1.0401155948638916,0.0,4.694457311416045e-05
0.0,0.560546875,50060288.0,50060288.0,"{'path': 'media/html/render_50060288_2765ea95af86994b3d8e.html', 'size': 4699613.0, '_type': 'html-file', 'sha256': '2765ea95af86994b3d8e354965270b6c42a995dd680a1ae08574b0eb14c38954'}",25.982421875,0.0,1773866820.4028451,3478.029263021,0.0,0.0,0.0,0.03212408721446991,0.0234375,0.560546875,240.42816162109375,32624.811910566732,0.0,-0.8179608583450317,0.0,2.1936368284514174e-05
0.0,0.033203125,50314240.0,50314240.0,,22.17578125,0.0,1773866820.6156101,3490.071832844,0.0,0.0,0.0,0.03743554279208183,0.00390625,0.033203125,238.25030517578125,32558.968015299128,0.0,-0.768654465675354,0.0,1.470078950660536e-05
0.0,1.296875,50568192.0,50568192.0,,21.1484375,0.0,1773866832.4446905,3501.846782005,0.0,0.0,0.0,0.03943903371691704,0.02734375,1.296875,213.52102661132812,32335.606584060013,0.0,-0.7061888575553894,0.0,2.6412972147227265e-05
0.0,0.404296875,50822144.0,50822144.0,,21.931640625,0.0,1773866844.21986,3513.619044923,0.0,0.0,0.0,0.04270293936133385,0.01953125,0.404296875,219.40130615234375,32525.585952147547,0.0,-0.654466986656189,0.0,1.527927270217333e-05
0.0,0.3359375,51076096.0,51076096.0,,21.25,0.0,1773866855.9921427,3514.405897341,0.0,0.0,0.0,0.0363059863448143,0.01171875,0.3359375,150.92410278320312,32545.216563122452,0.0,-0.6043794751167297,0.0,-3.602068090913235e-06
